<?xml version='1.0' encoding='utf-8'?>
<gpx xmlns="http://www.topografix.com/GPX/1/1" xmlns:gpxtpx="http://www.garmin.com/xmlschemas/TrackPointExtension/v1" xmlns:xsi="http://www.w3.org/2001/XMLSchema-instance" creator="https://gpx.studio" version="1.1" xsi:schemaLocation="http://www.topografix.com/GPX/1/1 http://www.topografix.com/GPX/1/1/gpx.xsd http://www.garmin.com/xmlschemas/GpxExtensions/v3 http://www.garmin.com/xmlschemas/GpxExtensionsv3.xsd http://www.garmin.com/xmlschemas/TrackPointExtension/v1 http://www.garmin.com/xmlschemas/TrackPointExtensionv1.xsd http://www.garmin.com/xmlschemas/PowerExtension/v1 http://www.garmin.com/xmlschemas/PowerExtensionv1.xsd http://www.topografix.com/GPX/gpx_style/0/2 http://www.topografix.com/GPX/gpx_style/0/2/gpx_style.xsd">
  <metadata>
    <name>Access to Trails (Cascinotti) GPX - Albi Trail Area</name>
    <desc>Trasferimento / Risalita. Lunghezza ~7.3 km - Dislivello +466 m. Tempo medio: ~55 min.</desc>
    <author>
      <name>Comitato Ellerese</name>
    </author>
    <keywords>ellera,albi-trail-area,mtb,access,risalita,cascinotti</keywords>
    <time>2024-06-15T08:00:00Z</time>
  </metadata>
  <trk>
    <name>Access to Trails (Cascinotti)</name>
    <desc>Trasferimento / Risalita. Lunghezza ~7.3 km - Dislivello +466 m.</desc>
    <type>MTB Access</type>
    <trkseg>
      <trkpt lat="44.363705" lon="8.464831">
        <time>2024-06-15T08:00:00Z</time>
        <ele>74</ele>
        <extensions>
          <gpxtpx:TrackPointExtension>
            <gpxtpx:Extensions>
              <highway>residential</highway>
            </gpxtpx:Extensions>
          </gpxtpx:TrackPointExtension>
        </extensions>
      </trkpt>
      <trkpt lat="44.363785" lon="8.464801">
        <time>2024-06-15T08:00:03Z</time>
        <ele>74.5</ele>
        <extensions>
          <gpxtpx:TrackPointExtension>
            <gpxtpx:Extensions>
              <highway>residential</highway>
            </gpxtpx:Extensions>
          </gpxtpx:TrackPointExtension>
        </extensions>
      </trkpt>
      <trkpt lat="44.363812" lon="8.464796">
        <time>2024-06-15T08:00:05Z</time>
        <ele>74.5</ele>
        <extensions>
          <gpxtpx:TrackPointExtension>
            <gpxtpx:Extensions>
              <highway>residential</highway>
            </gpxtpx:Extensions>
          </gpxtpx:TrackPointExtension>
        </extensions>
      </trkpt>
      <trkpt lat="44.363849" lon="8.464807">
        <time>2024-06-15T08:00:07Z</time>
        <ele>74.5</ele>
        <extensions>
          <gpxtpx:TrackPointExtension>
            <gpxtpx:Extensions>
              <highway>service</highway>
            </gpxtpx:Extensions>
          </gpxtpx:TrackPointExtension>
        </extensions>
      </trkpt>
      <trkpt lat="44.363886" lon="8.464838">
        <time>2024-06-15T08:00:09Z</time>
        <ele>74.5</ele>
        <extensions>
          <gpxtpx:TrackPointExtension>
            <gpxtpx:Extensions>
              <highway>service</highway>
            </gpxtpx:Extensions>
          </gpxtpx:TrackPointExtension>
        </extensions>
      </trkpt>
      <trkpt lat="44.363953" lon="8.464869">
        <time>2024-06-15T08:00:12Z</time>
        <ele>74.5</ele>
        <extensions>
          <gpxtpx:TrackPointExtension>
            <gpxtpx:Extensions>
              <highway>service</highway>
            </gpxtpx:Extensions>
          </gpxtpx:TrackPointExtension>
        </extensions>
      </trkpt>
      <trkpt lat="44.364028" lon="8.464881">
        <time>2024-06-15T08:00:16Z</time>
        <ele>74.75</ele>
        <extensions>
          <gpxtpx:TrackPointExtension>
            <gpxtpx:Extensions>
              <highway>service</highway>
            </gpxtpx:Extensions>
          </gpxtpx:TrackPointExtension>
        </extensions>
      </trkpt>
      <trkpt lat="44.364155" lon="8.464878">
        <time>2024-06-15T08:00:22Z</time>
        <ele>75</ele>
        <extensions>
          <gpxtpx:TrackPointExtension>
            <gpxtpx:Extensions>
              <highway>service</highway>
            </gpxtpx:Extensions>
          </gpxtpx:TrackPointExtension>
        </extensions>
      </trkpt>
      <trkpt lat="44.364187" lon="8.464843">
        <time>2024-06-15T08:00:24Z</time>
        <ele>75.5</ele>
        <extensions>
          <gpxtpx:TrackPointExtension>
            <gpxtpx:Extensions>
              <highway>service</highway>
            </gpxtpx:Extensions>
          </gpxtpx:TrackPointExtension>
        </extensions>
      </trkpt>
      <trkpt lat="44.364203" lon="8.464831">
        <time>2024-06-15T08:00:24Z</time>
        <ele>75.75</ele>
        <extensions>
          <gpxtpx:TrackPointExtension>
            <gpxtpx:Extensions>
              <highway>service</highway>
            </gpxtpx:Extensions>
          </gpxtpx:TrackPointExtension>
        </extensions>
      </trkpt>
      <trkpt lat="44.364284" lon="8.464831">
        <time>2024-06-15T08:00:28Z</time>
        <ele>77.5</ele>
        <extensions>
          <gpxtpx:TrackPointExtension>
            <gpxtpx:Extensions>
              <highway>residential</highway>
            </gpxtpx:Extensions>
          </gpxtpx:TrackPointExtension>
        </extensions>
      </trkpt>
      <trkpt lat="44.36435" lon="8.46484">
        <time>2024-06-15T08:00:32Z</time>
        <ele>79</ele>
        <extensions>
          <gpxtpx:TrackPointExtension>
            <gpxtpx:Extensions>
              <highway>residential</highway>
            </gpxtpx:Extensions>
          </gpxtpx:TrackPointExtension>
        </extensions>
      </trkpt>
      <trkpt lat="44.364432" lon="8.464853">
        <time>2024-06-15T08:00:36Z</time>
        <ele>80.75</ele>
        <extensions>
          <gpxtpx:TrackPointExtension>
            <gpxtpx:Extensions>
              <highway>residential</highway>
            </gpxtpx:Extensions>
          </gpxtpx:TrackPointExtension>
        </extensions>
      </trkpt>
      <trkpt lat="44.3646" lon="8.464909">
        <time>2024-06-15T08:00:44Z</time>
        <ele>84.25</ele>
        <extensions>
          <gpxtpx:TrackPointExtension>
            <gpxtpx:Extensions>
              <highway>residential</highway>
            </gpxtpx:Extensions>
          </gpxtpx:TrackPointExtension>
        </extensions>
      </trkpt>
      <trkpt lat="44.364661" lon="8.46492">
        <time>2024-06-15T08:00:47Z</time>
        <ele>85.5</ele>
        <extensions>
          <gpxtpx:TrackPointExtension>
            <gpxtpx:Extensions>
              <highway>residential</highway>
            </gpxtpx:Extensions>
          </gpxtpx:TrackPointExtension>
        </extensions>
      </trkpt>
      <trkpt lat="44.364783" lon="8.464926">
        <time>2024-06-15T08:00:53Z</time>
        <ele>88.25</ele>
        <extensions>
          <gpxtpx:TrackPointExtension>
            <gpxtpx:Extensions>
              <highway>residential</highway>
            </gpxtpx:Extensions>
          </gpxtpx:TrackPointExtension>
        </extensions>
      </trkpt>
      <trkpt lat="44.36487" lon="8.464907">
        <time>2024-06-15T08:00:57Z</time>
        <ele>90</ele>
        <extensions>
          <gpxtpx:TrackPointExtension>
            <gpxtpx:Extensions>
              <highway>residential</highway>
            </gpxtpx:Extensions>
          </gpxtpx:TrackPointExtension>
        </extensions>
      </trkpt>
      <trkpt lat="44.365001" lon="8.464826">
        <time>2024-06-15T08:01:04Z</time>
        <ele>92.75</ele>
        <extensions>
          <gpxtpx:TrackPointExtension>
            <gpxtpx:Extensions>
              <highway>residential</highway>
            </gpxtpx:Extensions>
          </gpxtpx:TrackPointExtension>
        </extensions>
      </trkpt>
      <trkpt lat="44.365073" lon="8.464758">
        <time>2024-06-15T08:01:08Z</time>
        <ele>94.25</ele>
        <extensions>
          <gpxtpx:TrackPointExtension>
            <gpxtpx:Extensions>
              <highway>residential</highway>
            </gpxtpx:Extensions>
          </gpxtpx:TrackPointExtension>
        </extensions>
      </trkpt>
      <trkpt lat="44.365175" lon="8.464614">
        <time>2024-06-15T08:01:15Z</time>
        <ele>97</ele>
        <extensions>
          <gpxtpx:TrackPointExtension>
            <gpxtpx:Extensions>
              <highway>residential</highway>
            </gpxtpx:Extensions>
          </gpxtpx:TrackPointExtension>
        </extensions>
      </trkpt>
      <trkpt lat="44.365202" lon="8.464585">
        <time>2024-06-15T08:01:17Z</time>
        <ele>98</ele>
        <extensions>
          <gpxtpx:TrackPointExtension>
            <gpxtpx:Extensions>
              <highway>residential</highway>
            </gpxtpx:Extensions>
          </gpxtpx:TrackPointExtension>
        </extensions>
      </trkpt>
      <trkpt lat="44.365232" lon="8.464584">
        <time>2024-06-15T08:01:18Z</time>
        <ele>98.75</ele>
        <extensions>
          <gpxtpx:TrackPointExtension>
            <gpxtpx:Extensions>
              <highway>residential</highway>
            </gpxtpx:Extensions>
          </gpxtpx:TrackPointExtension>
        </extensions>
      </trkpt>
      <trkpt lat="44.365263" lon="8.464605">
        <time>2024-06-15T08:01:20Z</time>
        <ele>99.5</ele>
        <extensions>
          <gpxtpx:TrackPointExtension>
            <gpxtpx:Extensions>
              <highway>residential</highway>
            </gpxtpx:Extensions>
          </gpxtpx:TrackPointExtension>
        </extensions>
      </trkpt>
      <trkpt lat="44.365316" lon="8.464752">
        <time>2024-06-15T08:01:26Z</time>
        <ele>99.75</ele>
        <extensions>
          <gpxtpx:TrackPointExtension>
            <gpxtpx:Extensions>
              <highway>residential</highway>
            </gpxtpx:Extensions>
          </gpxtpx:TrackPointExtension>
        </extensions>
      </trkpt>
      <trkpt lat="44.365335" lon="8.464819">
        <time>2024-06-15T08:01:28Z</time>
        <ele>99.75</ele>
        <extensions>
          <gpxtpx:TrackPointExtension>
            <gpxtpx:Extensions>
              <highway>residential</highway>
            </gpxtpx:Extensions>
          </gpxtpx:TrackPointExtension>
        </extensions>
      </trkpt>
      <trkpt lat="44.365373" lon="8.465019">
        <time>2024-06-15T08:01:35Z</time>
        <ele>98.25</ele>
        <extensions>
          <gpxtpx:TrackPointExtension>
            <gpxtpx:Extensions>
              <highway>residential</highway>
            </gpxtpx:Extensions>
          </gpxtpx:TrackPointExtension>
        </extensions>
      </trkpt>
      <trkpt lat="44.365398" lon="8.465111">
        <time>2024-06-15T08:01:39Z</time>
        <ele>96.75</ele>
        <extensions>
          <gpxtpx:TrackPointExtension>
            <gpxtpx:Extensions>
              <highway>residential</highway>
            </gpxtpx:Extensions>
          </gpxtpx:TrackPointExtension>
        </extensions>
      </trkpt>
      <trkpt lat="44.365406" lon="8.465185">
        <time>2024-06-15T08:01:41Z</time>
        <ele>95.25</ele>
        <extensions>
          <gpxtpx:TrackPointExtension>
            <gpxtpx:Extensions>
              <highway>residential</highway>
            </gpxtpx:Extensions>
          </gpxtpx:TrackPointExtension>
        </extensions>
      </trkpt>
      <trkpt lat="44.36541" lon="8.465222">
        <time>2024-06-15T08:01:43Z</time>
        <ele>94.5</ele>
        <extensions>
          <gpxtpx:TrackPointExtension>
            <gpxtpx:Extensions>
              <highway>residential</highway>
            </gpxtpx:Extensions>
          </gpxtpx:TrackPointExtension>
        </extensions>
      </trkpt>
      <trkpt lat="44.36544" lon="8.465319">
        <time>2024-06-15T08:01:46Z</time>
        <ele>92.75</ele>
        <extensions>
          <gpxtpx:TrackPointExtension>
            <gpxtpx:Extensions>
              <highway>residential</highway>
            </gpxtpx:Extensions>
          </gpxtpx:TrackPointExtension>
        </extensions>
      </trkpt>
      <trkpt lat="44.365472" lon="8.465351">
        <time>2024-06-15T08:01:48Z</time>
        <ele>92.25</ele>
        <extensions>
          <gpxtpx:TrackPointExtension>
            <gpxtpx:Extensions>
              <highway>residential</highway>
            </gpxtpx:Extensions>
          </gpxtpx:TrackPointExtension>
        </extensions>
      </trkpt>
      <trkpt lat="44.365514" lon="8.46535">
        <time>2024-06-15T08:01:50Z</time>
        <ele>92.75</ele>
        <extensions>
          <gpxtpx:TrackPointExtension>
            <gpxtpx:Extensions>
              <highway>residential</highway>
            </gpxtpx:Extensions>
          </gpxtpx:TrackPointExtension>
        </extensions>
      </trkpt>
      <trkpt lat="44.365669" lon="8.465244">
        <time>2024-06-15T08:01:59Z</time>
        <ele>97</ele>
        <extensions>
          <gpxtpx:TrackPointExtension>
            <gpxtpx:Extensions>
              <highway>residential</highway>
            </gpxtpx:Extensions>
          </gpxtpx:TrackPointExtension>
        </extensions>
      </trkpt>
      <trkpt lat="44.365791" lon="8.465183">
        <time>2024-06-15T08:02:05Z</time>
        <ele>100</ele>
        <extensions>
          <gpxtpx:TrackPointExtension>
            <gpxtpx:Extensions>
              <highway>residential</highway>
            </gpxtpx:Extensions>
          </gpxtpx:TrackPointExtension>
        </extensions>
      </trkpt>
      <trkpt lat="44.365876" lon="8.465151">
        <time>2024-06-15T08:02:09Z</time>
        <ele>101.75</ele>
        <extensions>
          <gpxtpx:TrackPointExtension>
            <gpxtpx:Extensions>
              <highway>residential</highway>
            </gpxtpx:Extensions>
          </gpxtpx:TrackPointExtension>
        </extensions>
      </trkpt>
      <trkpt lat="44.365925" lon="8.465146">
        <time>2024-06-15T08:02:12Z</time>
        <ele>102</ele>
        <extensions>
          <gpxtpx:TrackPointExtension>
            <gpxtpx:Extensions>
              <highway>residential</highway>
            </gpxtpx:Extensions>
          </gpxtpx:TrackPointExtension>
        </extensions>
      </trkpt>
      <trkpt lat="44.366049" lon="8.465113">
        <time>2024-06-15T08:02:18Z</time>
        <ele>103.25</ele>
        <extensions>
          <gpxtpx:TrackPointExtension>
            <gpxtpx:Extensions>
              <highway>residential</highway>
            </gpxtpx:Extensions>
          </gpxtpx:TrackPointExtension>
        </extensions>
      </trkpt>
      <trkpt lat="44.366146" lon="8.465061">
        <time>2024-06-15T08:02:23Z</time>
        <ele>105</ele>
        <extensions>
          <gpxtpx:TrackPointExtension>
            <gpxtpx:Extensions>
              <highway>residential</highway>
            </gpxtpx:Extensions>
          </gpxtpx:TrackPointExtension>
        </extensions>
      </trkpt>
      <trkpt lat="44.366218" lon="8.465041">
        <time>2024-06-15T08:02:26Z</time>
        <ele>105.75</ele>
        <extensions>
          <gpxtpx:TrackPointExtension>
            <gpxtpx:Extensions>
              <highway>residential</highway>
            </gpxtpx:Extensions>
          </gpxtpx:TrackPointExtension>
        </extensions>
      </trkpt>
      <trkpt lat="44.366319" lon="8.465035">
        <time>2024-06-15T08:02:31Z</time>
        <ele>106</ele>
        <extensions>
          <gpxtpx:TrackPointExtension>
            <gpxtpx:Extensions>
              <highway>residential</highway>
            </gpxtpx:Extensions>
          </gpxtpx:TrackPointExtension>
        </extensions>
      </trkpt>
      <trkpt lat="44.366654" lon="8.465095">
        <time>2024-06-15T08:02:47Z</time>
        <ele>105.25</ele>
        <extensions>
          <gpxtpx:TrackPointExtension>
            <gpxtpx:Extensions>
              <highway>residential</highway>
            </gpxtpx:Extensions>
          </gpxtpx:TrackPointExtension>
        </extensions>
      </trkpt>
      <trkpt lat="44.366752" lon="8.465089">
        <time>2024-06-15T08:02:52Z</time>
        <ele>105.75</ele>
        <extensions>
          <gpxtpx:TrackPointExtension>
            <gpxtpx:Extensions>
              <highway>residential</highway>
            </gpxtpx:Extensions>
          </gpxtpx:TrackPointExtension>
        </extensions>
      </trkpt>
      <trkpt lat="44.366869" lon="8.465104">
        <time>2024-06-15T08:02:57Z</time>
        <ele>105.75</ele>
        <extensions>
          <gpxtpx:TrackPointExtension>
            <gpxtpx:Extensions>
              <highway>residential</highway>
            </gpxtpx:Extensions>
          </gpxtpx:TrackPointExtension>
        </extensions>
      </trkpt>
      <trkpt lat="44.367012" lon="8.465096">
        <time>2024-06-15T08:03:04Z</time>
        <ele>106.5</ele>
        <extensions>
          <gpxtpx:TrackPointExtension>
            <gpxtpx:Extensions>
              <highway>residential</highway>
            </gpxtpx:Extensions>
          </gpxtpx:TrackPointExtension>
        </extensions>
      </trkpt>
      <trkpt lat="44.367164" lon="8.465072">
        <time>2024-06-15T08:03:11Z</time>
        <ele>107.5</ele>
        <extensions>
          <gpxtpx:TrackPointExtension>
            <gpxtpx:Extensions>
              <highway>residential</highway>
            </gpxtpx:Extensions>
          </gpxtpx:TrackPointExtension>
        </extensions>
      </trkpt>
      <trkpt lat="44.367232" lon="8.465103">
        <time>2024-06-15T08:03:15Z</time>
        <ele>107</ele>
        <extensions>
          <gpxtpx:TrackPointExtension>
            <gpxtpx:Extensions>
              <highway>residential</highway>
            </gpxtpx:Extensions>
          </gpxtpx:TrackPointExtension>
        </extensions>
      </trkpt>
      <trkpt lat="44.367267" lon="8.465151">
        <time>2024-06-15T08:03:17Z</time>
        <ele>106</ele>
        <extensions>
          <gpxtpx:TrackPointExtension>
            <gpxtpx:Extensions>
              <highway>residential</highway>
            </gpxtpx:Extensions>
          </gpxtpx:TrackPointExtension>
        </extensions>
      </trkpt>
      <trkpt lat="44.367293" lon="8.465205">
        <time>2024-06-15T08:03:19Z</time>
        <ele>105</ele>
        <extensions>
          <gpxtpx:TrackPointExtension>
            <gpxtpx:Extensions>
              <highway>residential</highway>
            </gpxtpx:Extensions>
          </gpxtpx:TrackPointExtension>
        </extensions>
      </trkpt>
      <trkpt lat="44.367387" lon="8.465332">
        <time>2024-06-15T08:03:26Z</time>
        <ele>103</ele>
        <extensions>
          <gpxtpx:TrackPointExtension>
            <gpxtpx:Extensions>
              <highway>residential</highway>
            </gpxtpx:Extensions>
          </gpxtpx:TrackPointExtension>
        </extensions>
      </trkpt>
      <trkpt lat="44.367614" lon="8.465452">
        <time>2024-06-15T08:03:37Z</time>
        <ele>101.75</ele>
        <extensions>
          <gpxtpx:TrackPointExtension>
            <gpxtpx:Extensions>
              <highway>residential</highway>
            </gpxtpx:Extensions>
          </gpxtpx:TrackPointExtension>
        </extensions>
      </trkpt>
      <trkpt lat="44.367991" lon="8.465622">
        <time>2024-06-15T08:03:56Z</time>
        <ele>99.25</ele>
        <extensions>
          <gpxtpx:TrackPointExtension>
            <gpxtpx:Extensions>
              <highway>residential</highway>
            </gpxtpx:Extensions>
          </gpxtpx:TrackPointExtension>
        </extensions>
      </trkpt>
      <trkpt lat="44.368036" lon="8.465624">
        <time>2024-06-15T08:03:58Z</time>
        <ele>99.25</ele>
        <extensions>
          <gpxtpx:TrackPointExtension>
            <gpxtpx:Extensions>
              <highway>residential</highway>
            </gpxtpx:Extensions>
          </gpxtpx:TrackPointExtension>
        </extensions>
      </trkpt>
      <trkpt lat="44.368308" lon="8.465532">
        <time>2024-06-15T08:04:12Z</time>
        <ele>102.5</ele>
        <extensions>
          <gpxtpx:TrackPointExtension>
            <gpxtpx:Extensions>
              <highway>residential</highway>
            </gpxtpx:Extensions>
          </gpxtpx:TrackPointExtension>
        </extensions>
      </trkpt>
      <trkpt lat="44.368443" lon="8.465506">
        <time>2024-06-15T08:04:18Z</time>
        <ele>103</ele>
        <extensions>
          <gpxtpx:TrackPointExtension>
            <gpxtpx:Extensions>
              <highway>residential</highway>
            </gpxtpx:Extensions>
          </gpxtpx:TrackPointExtension>
        </extensions>
      </trkpt>
      <trkpt lat="44.368473" lon="8.465508">
        <time>2024-06-15T08:04:20Z</time>
        <ele>102.75</ele>
        <extensions>
          <gpxtpx:TrackPointExtension>
            <gpxtpx:Extensions>
              <highway>residential</highway>
            </gpxtpx:Extensions>
          </gpxtpx:TrackPointExtension>
        </extensions>
      </trkpt>
      <trkpt lat="44.368739" lon="8.465587">
        <time>2024-06-15T08:04:33Z</time>
        <ele>99.75</ele>
        <extensions>
          <gpxtpx:TrackPointExtension>
            <gpxtpx:Extensions>
              <highway>residential</highway>
            </gpxtpx:Extensions>
          </gpxtpx:TrackPointExtension>
        </extensions>
      </trkpt>
      <trkpt lat="44.368774" lon="8.465607">
        <time>2024-06-15T08:04:35Z</time>
        <ele>99.25</ele>
        <extensions>
          <gpxtpx:TrackPointExtension>
            <gpxtpx:Extensions>
              <highway>residential</highway>
            </gpxtpx:Extensions>
          </gpxtpx:TrackPointExtension>
        </extensions>
      </trkpt>
      <trkpt lat="44.368818" lon="8.465653">
        <time>2024-06-15T08:04:37Z</time>
        <ele>97.75</ele>
        <extensions>
          <gpxtpx:TrackPointExtension>
            <gpxtpx:Extensions>
              <highway>secondary</highway>
              <estimated_traffic_class>2</estimated_traffic_class>
            </gpxtpx:Extensions>
          </gpxtpx:TrackPointExtension>
        </extensions>
      </trkpt>
      <trkpt lat="44.369103" lon="8.465605">
        <time>2024-06-15T08:04:51Z</time>
        <ele>98.25</ele>
        <extensions>
          <gpxtpx:TrackPointExtension>
            <gpxtpx:Extensions>
              <highway>secondary</highway>
              <surface>asphalt</surface>
              <estimated_traffic_class>2</estimated_traffic_class>
            </gpxtpx:Extensions>
          </gpxtpx:TrackPointExtension>
        </extensions>
      </trkpt>
      <trkpt lat="44.369215" lon="8.465591">
        <time>2024-06-15T08:04:56Z</time>
        <ele>97.75</ele>
        <extensions>
          <gpxtpx:TrackPointExtension>
            <gpxtpx:Extensions>
              <highway>secondary</highway>
              <surface>asphalt</surface>
              <estimated_traffic_class>2</estimated_traffic_class>
            </gpxtpx:Extensions>
          </gpxtpx:TrackPointExtension>
        </extensions>
      </trkpt>
      <trkpt lat="44.369417" lon="8.465526">
        <time>2024-06-15T08:05:06Z</time>
        <ele>96.5</ele>
        <extensions>
          <gpxtpx:TrackPointExtension>
            <gpxtpx:Extensions>
              <highway>secondary</highway>
              <surface>asphalt</surface>
              <estimated_traffic_class>2</estimated_traffic_class>
            </gpxtpx:Extensions>
          </gpxtpx:TrackPointExtension>
        </extensions>
      </trkpt>
      <trkpt lat="44.369482" lon="8.465465">
        <time>2024-06-15T08:05:10Z</time>
        <ele>96.5</ele>
        <extensions>
          <gpxtpx:TrackPointExtension>
            <gpxtpx:Extensions>
              <highway>secondary</highway>
              <surface>asphalt</surface>
              <estimated_traffic_class>2</estimated_traffic_class>
            </gpxtpx:Extensions>
          </gpxtpx:TrackPointExtension>
        </extensions>
      </trkpt>
      <trkpt lat="44.36953" lon="8.465394">
        <time>2024-06-15T08:05:13Z</time>
        <ele>96.75</ele>
        <extensions>
          <gpxtpx:TrackPointExtension>
            <gpxtpx:Extensions>
              <highway>secondary</highway>
              <surface>asphalt</surface>
              <estimated_traffic_class>2</estimated_traffic_class>
            </gpxtpx:Extensions>
          </gpxtpx:TrackPointExtension>
        </extensions>
      </trkpt>
      <trkpt lat="44.369587" lon="8.465222">
        <time>2024-06-15T08:05:20Z</time>
        <ele>98</ele>
        <extensions>
          <gpxtpx:TrackPointExtension>
            <gpxtpx:Extensions>
              <highway>secondary</highway>
              <surface>asphalt</surface>
              <estimated_traffic_class>2</estimated_traffic_class>
            </gpxtpx:Extensions>
          </gpxtpx:TrackPointExtension>
        </extensions>
      </trkpt>
      <trkpt lat="44.369605" lon="8.46502">
        <time>2024-06-15T08:05:27Z</time>
        <ele>100</ele>
        <extensions>
          <gpxtpx:TrackPointExtension>
            <gpxtpx:Extensions>
              <highway>secondary</highway>
              <surface>asphalt</surface>
              <estimated_traffic_class>2</estimated_traffic_class>
            </gpxtpx:Extensions>
          </gpxtpx:TrackPointExtension>
        </extensions>
      </trkpt>
      <trkpt lat="44.369602" lon="8.464642">
        <time>2024-06-15T08:05:40Z</time>
        <ele>104.75</ele>
        <extensions>
          <gpxtpx:TrackPointExtension>
            <gpxtpx:Extensions>
              <highway>secondary</highway>
              <surface>asphalt</surface>
              <estimated_traffic_class>2</estimated_traffic_class>
            </gpxtpx:Extensions>
          </gpxtpx:TrackPointExtension>
        </extensions>
      </trkpt>
      <trkpt lat="44.369557" lon="8.464481">
        <time>2024-06-15T08:05:46Z</time>
        <ele>108.25</ele>
        <extensions>
          <gpxtpx:TrackPointExtension>
            <gpxtpx:Extensions>
              <highway>secondary</highway>
              <surface>asphalt</surface>
              <estimated_traffic_class>2</estimated_traffic_class>
            </gpxtpx:Extensions>
          </gpxtpx:TrackPointExtension>
        </extensions>
      </trkpt>
      <trkpt lat="44.369523" lon="8.464262">
        <time>2024-06-15T08:05:54Z</time>
        <ele>112.5</ele>
        <extensions>
          <gpxtpx:TrackPointExtension>
            <gpxtpx:Extensions>
              <highway>secondary</highway>
              <surface>asphalt</surface>
              <estimated_traffic_class>2</estimated_traffic_class>
            </gpxtpx:Extensions>
          </gpxtpx:TrackPointExtension>
        </extensions>
      </trkpt>
      <trkpt lat="44.369546" lon="8.464059">
        <time>2024-06-15T08:06:01Z</time>
        <ele>114.75</ele>
        <extensions>
          <gpxtpx:TrackPointExtension>
            <gpxtpx:Extensions>
              <highway>secondary</highway>
              <surface>asphalt</surface>
              <estimated_traffic_class>2</estimated_traffic_class>
            </gpxtpx:Extensions>
          </gpxtpx:TrackPointExtension>
        </extensions>
      </trkpt>
      <trkpt lat="44.369665" lon="8.463748">
        <time>2024-06-15T08:06:13Z</time>
        <ele>116.25</ele>
        <extensions>
          <gpxtpx:TrackPointExtension>
            <gpxtpx:Extensions>
              <highway>secondary</highway>
              <surface>asphalt</surface>
              <estimated_traffic_class>2</estimated_traffic_class>
            </gpxtpx:Extensions>
          </gpxtpx:TrackPointExtension>
        </extensions>
      </trkpt>
      <trkpt lat="44.369776" lon="8.463604">
        <time>2024-06-15T08:06:20Z</time>
        <ele>115.25</ele>
        <extensions>
          <gpxtpx:TrackPointExtension>
            <gpxtpx:Extensions>
              <highway>secondary</highway>
              <surface>asphalt</surface>
              <estimated_traffic_class>2</estimated_traffic_class>
            </gpxtpx:Extensions>
          </gpxtpx:TrackPointExtension>
        </extensions>
      </trkpt>
      <trkpt lat="44.369908" lon="8.46353">
        <time>2024-06-15T08:06:27Z</time>
        <ele>112.5</ele>
        <extensions>
          <gpxtpx:TrackPointExtension>
            <gpxtpx:Extensions>
              <highway>secondary</highway>
              <surface>asphalt</surface>
              <estimated_traffic_class>2</estimated_traffic_class>
            </gpxtpx:Extensions>
          </gpxtpx:TrackPointExtension>
        </extensions>
      </trkpt>
      <trkpt lat="44.370158" lon="8.463485">
        <time>2024-06-15T08:06:39Z</time>
        <ele>109.5</ele>
        <extensions>
          <gpxtpx:TrackPointExtension>
            <gpxtpx:Extensions>
              <highway>secondary</highway>
              <surface>asphalt</surface>
              <estimated_traffic_class>2</estimated_traffic_class>
            </gpxtpx:Extensions>
          </gpxtpx:TrackPointExtension>
        </extensions>
      </trkpt>
      <trkpt lat="44.370249" lon="8.463503">
        <time>2024-06-15T08:06:43Z</time>
        <ele>108.75</ele>
        <extensions>
          <gpxtpx:TrackPointExtension>
            <gpxtpx:Extensions>
              <highway>secondary</highway>
              <surface>asphalt</surface>
              <estimated_traffic_class>2</estimated_traffic_class>
            </gpxtpx:Extensions>
          </gpxtpx:TrackPointExtension>
        </extensions>
      </trkpt>
      <trkpt lat="44.370821" lon="8.463661">
        <time>2024-06-15T08:07:11Z</time>
        <ele>102.75</ele>
        <extensions>
          <gpxtpx:TrackPointExtension>
            <gpxtpx:Extensions>
              <highway>secondary</highway>
              <surface>asphalt</surface>
              <estimated_traffic_class>2</estimated_traffic_class>
            </gpxtpx:Extensions>
          </gpxtpx:TrackPointExtension>
        </extensions>
      </trkpt>
      <trkpt lat="44.371111" lon="8.463774">
        <time>2024-06-15T08:07:26Z</time>
        <ele>106.75</ele>
        <extensions>
          <gpxtpx:TrackPointExtension>
            <gpxtpx:Extensions>
              <highway>secondary</highway>
              <surface>asphalt</surface>
              <estimated_traffic_class>2</estimated_traffic_class>
            </gpxtpx:Extensions>
          </gpxtpx:TrackPointExtension>
        </extensions>
      </trkpt>
      <trkpt lat="44.371357" lon="8.464002">
        <time>2024-06-15T08:07:40Z</time>
        <ele>106.5</ele>
        <extensions>
          <gpxtpx:TrackPointExtension>
            <gpxtpx:Extensions>
              <highway>secondary</highway>
              <surface>asphalt</surface>
              <estimated_traffic_class>2</estimated_traffic_class>
            </gpxtpx:Extensions>
          </gpxtpx:TrackPointExtension>
        </extensions>
      </trkpt>
      <trkpt lat="44.371618" lon="8.464227">
        <time>2024-06-15T08:07:54Z</time>
        <ele>106.75</ele>
        <extensions>
          <gpxtpx:TrackPointExtension>
            <gpxtpx:Extensions>
              <highway>secondary</highway>
              <surface>asphalt</surface>
              <estimated_traffic_class>2</estimated_traffic_class>
            </gpxtpx:Extensions>
          </gpxtpx:TrackPointExtension>
        </extensions>
      </trkpt>
      <trkpt lat="44.371856" lon="8.464378">
        <time>2024-06-15T08:08:07Z</time>
        <ele>107.5</ele>
        <extensions>
          <gpxtpx:TrackPointExtension>
            <gpxtpx:Extensions>
              <highway>secondary</highway>
              <surface>asphalt</surface>
              <estimated_traffic_class>2</estimated_traffic_class>
            </gpxtpx:Extensions>
          </gpxtpx:TrackPointExtension>
        </extensions>
      </trkpt>
      <trkpt lat="44.372099" lon="8.464457">
        <time>2024-06-15T08:08:19Z</time>
        <ele>107.5</ele>
        <extensions>
          <gpxtpx:TrackPointExtension>
            <gpxtpx:Extensions>
              <highway>secondary</highway>
              <surface>asphalt</surface>
              <estimated_traffic_class>2</estimated_traffic_class>
            </gpxtpx:Extensions>
          </gpxtpx:TrackPointExtension>
        </extensions>
      </trkpt>
      <trkpt lat="44.372181" lon="8.464475">
        <time>2024-06-15T08:08:23Z</time>
        <ele>107.5</ele>
        <extensions>
          <gpxtpx:TrackPointExtension>
            <gpxtpx:Extensions>
              <highway>secondary</highway>
              <surface>asphalt</surface>
              <estimated_traffic_class>2</estimated_traffic_class>
            </gpxtpx:Extensions>
          </gpxtpx:TrackPointExtension>
        </extensions>
      </trkpt>
      <trkpt lat="44.372245" lon="8.464456">
        <time>2024-06-15T08:08:26Z</time>
        <ele>107.75</ele>
        <extensions>
          <gpxtpx:TrackPointExtension>
            <gpxtpx:Extensions>
              <highway>secondary</highway>
              <surface>asphalt</surface>
              <estimated_traffic_class>2</estimated_traffic_class>
            </gpxtpx:Extensions>
          </gpxtpx:TrackPointExtension>
        </extensions>
      </trkpt>
      <trkpt lat="44.372415" lon="8.464385">
        <time>2024-06-15T08:08:34Z</time>
        <ele>109</ele>
        <extensions>
          <gpxtpx:TrackPointExtension>
            <gpxtpx:Extensions>
              <highway>secondary</highway>
              <surface>asphalt</surface>
              <estimated_traffic_class>2</estimated_traffic_class>
            </gpxtpx:Extensions>
          </gpxtpx:TrackPointExtension>
        </extensions>
      </trkpt>
      <trkpt lat="44.372486" lon="8.464378">
        <time>2024-06-15T08:08:38Z</time>
        <ele>109.25</ele>
        <extensions>
          <gpxtpx:TrackPointExtension>
            <gpxtpx:Extensions>
              <highway>secondary</highway>
              <surface>asphalt</surface>
              <estimated_traffic_class>2</estimated_traffic_class>
            </gpxtpx:Extensions>
          </gpxtpx:TrackPointExtension>
        </extensions>
      </trkpt>
      <trkpt lat="44.372799" lon="8.464384">
        <time>2024-06-15T08:08:53Z</time>
        <ele>108.75</ele>
        <extensions>
          <gpxtpx:TrackPointExtension>
            <gpxtpx:Extensions>
              <highway>secondary</highway>
              <estimated_traffic_class>2</estimated_traffic_class>
            </gpxtpx:Extensions>
          </gpxtpx:TrackPointExtension>
        </extensions>
      </trkpt>
      <trkpt lat="44.372999" lon="8.464356">
        <time>2024-06-15T08:09:02Z</time>
        <ele>108.5</ele>
        <extensions>
          <gpxtpx:TrackPointExtension>
            <gpxtpx:Extensions>
              <highway>secondary</highway>
              <estimated_traffic_class>2</estimated_traffic_class>
            </gpxtpx:Extensions>
          </gpxtpx:TrackPointExtension>
        </extensions>
      </trkpt>
      <trkpt lat="44.373088" lon="8.464295">
        <time>2024-06-15T08:09:07Z</time>
        <ele>109</ele>
        <extensions>
          <gpxtpx:TrackPointExtension>
            <gpxtpx:Extensions>
              <highway>secondary</highway>
              <estimated_traffic_class>2</estimated_traffic_class>
            </gpxtpx:Extensions>
          </gpxtpx:TrackPointExtension>
        </extensions>
      </trkpt>
      <trkpt lat="44.373222" lon="8.464123">
        <time>2024-06-15T08:09:16Z</time>
        <ele>111.5</ele>
        <extensions>
          <gpxtpx:TrackPointExtension>
            <gpxtpx:Extensions>
              <highway>secondary</highway>
              <estimated_traffic_class>2</estimated_traffic_class>
            </gpxtpx:Extensions>
          </gpxtpx:TrackPointExtension>
        </extensions>
      </trkpt>
      <trkpt lat="44.373297" lon="8.464051">
        <time>2024-06-15T08:09:20Z</time>
        <ele>113.25</ele>
        <extensions>
          <gpxtpx:TrackPointExtension>
            <gpxtpx:Extensions>
              <highway>secondary</highway>
              <estimated_traffic_class>2</estimated_traffic_class>
            </gpxtpx:Extensions>
          </gpxtpx:TrackPointExtension>
        </extensions>
      </trkpt>
      <trkpt lat="44.373361" lon="8.46403">
        <time>2024-06-15T08:09:23Z</time>
        <ele>114.5</ele>
        <extensions>
          <gpxtpx:TrackPointExtension>
            <gpxtpx:Extensions>
              <highway>secondary</highway>
              <estimated_traffic_class>2</estimated_traffic_class>
            </gpxtpx:Extensions>
          </gpxtpx:TrackPointExtension>
        </extensions>
      </trkpt>
      <trkpt lat="44.37349" lon="8.464028">
        <time>2024-06-15T08:09:29Z</time>
        <ele>117.25</ele>
        <extensions>
          <gpxtpx:TrackPointExtension>
            <gpxtpx:Extensions>
              <highway>secondary</highway>
              <estimated_traffic_class>2</estimated_traffic_class>
            </gpxtpx:Extensions>
          </gpxtpx:TrackPointExtension>
        </extensions>
      </trkpt>
      <trkpt lat="44.373636" lon="8.464112">
        <time>2024-06-15T08:09:37Z</time>
        <ele>116.75</ele>
        <extensions>
          <gpxtpx:TrackPointExtension>
            <gpxtpx:Extensions>
              <highway>secondary</highway>
              <estimated_traffic_class>2</estimated_traffic_class>
            </gpxtpx:Extensions>
          </gpxtpx:TrackPointExtension>
        </extensions>
      </trkpt>
      <trkpt lat="44.373859" lon="8.464188">
        <time>2024-06-15T08:09:48Z</time>
        <ele>117.75</ele>
        <extensions>
          <gpxtpx:TrackPointExtension>
            <gpxtpx:Extensions>
              <highway>secondary</highway>
              <estimated_traffic_class>2</estimated_traffic_class>
            </gpxtpx:Extensions>
          </gpxtpx:TrackPointExtension>
        </extensions>
      </trkpt>
      <trkpt lat="44.374113" lon="8.464241">
        <time>2024-06-15T08:10:00Z</time>
        <ele>120.5</ele>
        <extensions>
          <gpxtpx:TrackPointExtension>
            <gpxtpx:Extensions>
              <highway>secondary</highway>
              <estimated_traffic_class>2</estimated_traffic_class>
            </gpxtpx:Extensions>
          </gpxtpx:TrackPointExtension>
        </extensions>
      </trkpt>
      <trkpt lat="44.374296" lon="8.464344">
        <time>2024-06-15T08:10:10Z</time>
        <ele>123.5</ele>
        <extensions>
          <gpxtpx:TrackPointExtension>
            <gpxtpx:Extensions>
              <highway>secondary</highway>
              <estimated_traffic_class>2</estimated_traffic_class>
            </gpxtpx:Extensions>
          </gpxtpx:TrackPointExtension>
        </extensions>
      </trkpt>
      <trkpt lat="44.374432" lon="8.464458">
        <time>2024-06-15T08:10:17Z</time>
        <ele>124.5</ele>
        <extensions>
          <gpxtpx:TrackPointExtension>
            <gpxtpx:Extensions>
              <highway>secondary</highway>
              <estimated_traffic_class>2</estimated_traffic_class>
            </gpxtpx:Extensions>
          </gpxtpx:TrackPointExtension>
        </extensions>
      </trkpt>
      <trkpt lat="44.374681" lon="8.464739">
        <time>2024-06-15T08:10:33Z</time>
        <ele>121.5</ele>
        <extensions>
          <gpxtpx:TrackPointExtension>
            <gpxtpx:Extensions>
              <highway>secondary</highway>
              <estimated_traffic_class>2</estimated_traffic_class>
            </gpxtpx:Extensions>
          </gpxtpx:TrackPointExtension>
        </extensions>
      </trkpt>
      <trkpt lat="44.375174" lon="8.465272">
        <time>2024-06-15T08:11:02Z</time>
        <ele>123.25</ele>
        <extensions>
          <gpxtpx:TrackPointExtension>
            <gpxtpx:Extensions>
              <highway>secondary</highway>
              <estimated_traffic_class>2</estimated_traffic_class>
            </gpxtpx:Extensions>
          </gpxtpx:TrackPointExtension>
        </extensions>
      </trkpt>
      <trkpt lat="44.375214" lon="8.46535">
        <time>2024-06-15T08:11:06Z</time>
        <ele>124.5</ele>
        <extensions>
          <gpxtpx:TrackPointExtension>
            <gpxtpx:Extensions>
              <highway>secondary</highway>
              <estimated_traffic_class>2</estimated_traffic_class>
            </gpxtpx:Extensions>
          </gpxtpx:TrackPointExtension>
        </extensions>
      </trkpt>
      <trkpt lat="44.375269" lon="8.465536">
        <time>2024-06-15T08:11:12Z</time>
        <ele>125.25</ele>
        <extensions>
          <gpxtpx:TrackPointExtension>
            <gpxtpx:Extensions>
              <highway>secondary</highway>
              <estimated_traffic_class>2</estimated_traffic_class>
            </gpxtpx:Extensions>
          </gpxtpx:TrackPointExtension>
        </extensions>
      </trkpt>
      <trkpt lat="44.375276" lon="8.465912">
        <time>2024-06-15T08:11:25Z</time>
        <ele>121.5</ele>
        <extensions>
          <gpxtpx:TrackPointExtension>
            <gpxtpx:Extensions>
              <highway>secondary</highway>
              <estimated_traffic_class>2</estimated_traffic_class>
            </gpxtpx:Extensions>
          </gpxtpx:TrackPointExtension>
        </extensions>
      </trkpt>
      <trkpt lat="44.375308" lon="8.466564">
        <time>2024-06-15T08:11:48Z</time>
        <ele>120.75</ele>
        <extensions>
          <gpxtpx:TrackPointExtension>
            <gpxtpx:Extensions>
              <highway>secondary</highway>
              <estimated_traffic_class>2</estimated_traffic_class>
            </gpxtpx:Extensions>
          </gpxtpx:TrackPointExtension>
        </extensions>
      </trkpt>
      <trkpt lat="44.375287" lon="8.467069">
        <time>2024-06-15T08:12:05Z</time>
        <ele>119.25</ele>
        <extensions>
          <gpxtpx:TrackPointExtension>
            <gpxtpx:Extensions>
              <highway>secondary</highway>
              <estimated_traffic_class>2</estimated_traffic_class>
            </gpxtpx:Extensions>
          </gpxtpx:TrackPointExtension>
        </extensions>
      </trkpt>
      <trkpt lat="44.375268" lon="8.467344">
        <time>2024-06-15T08:12:14Z</time>
        <ele>118.25</ele>
        <extensions>
          <gpxtpx:TrackPointExtension>
            <gpxtpx:Extensions>
              <highway>secondary</highway>
              <estimated_traffic_class>2</estimated_traffic_class>
            </gpxtpx:Extensions>
          </gpxtpx:TrackPointExtension>
        </extensions>
      </trkpt>
      <trkpt lat="44.375293" lon="8.46766">
        <time>2024-06-15T08:12:25Z</time>
        <ele>118.5</ele>
        <extensions>
          <gpxtpx:TrackPointExtension>
            <gpxtpx:Extensions>
              <highway>secondary</highway>
              <estimated_traffic_class>2</estimated_traffic_class>
            </gpxtpx:Extensions>
          </gpxtpx:TrackPointExtension>
        </extensions>
      </trkpt>
      <trkpt lat="44.375287" lon="8.468223">
        <time>2024-06-15T08:12:44Z</time>
        <ele>116.25</ele>
        <extensions>
          <gpxtpx:TrackPointExtension>
            <gpxtpx:Extensions>
              <highway>secondary</highway>
              <estimated_traffic_class>2</estimated_traffic_class>
            </gpxtpx:Extensions>
          </gpxtpx:TrackPointExtension>
        </extensions>
      </trkpt>
      <trkpt lat="44.375366" lon="8.46864">
        <time>2024-06-15T08:12:59Z</time>
        <ele>115.5</ele>
        <extensions>
          <gpxtpx:TrackPointExtension>
            <gpxtpx:Extensions>
              <highway>secondary</highway>
              <estimated_traffic_class>2</estimated_traffic_class>
            </gpxtpx:Extensions>
          </gpxtpx:TrackPointExtension>
        </extensions>
      </trkpt>
      <trkpt lat="44.375655" lon="8.469072">
        <time>2024-06-15T08:13:19Z</time>
        <ele>114.25</ele>
        <extensions>
          <gpxtpx:TrackPointExtension>
            <gpxtpx:Extensions>
              <highway>secondary</highway>
              <estimated_traffic_class>2</estimated_traffic_class>
            </gpxtpx:Extensions>
          </gpxtpx:TrackPointExtension>
        </extensions>
      </trkpt>
      <trkpt lat="44.375775" lon="8.469139">
        <time>2024-06-15T08:13:25Z</time>
        <ele>114</ele>
        <extensions>
          <gpxtpx:TrackPointExtension>
            <gpxtpx:Extensions>
              <highway>secondary</highway>
              <estimated_traffic_class>2</estimated_traffic_class>
            </gpxtpx:Extensions>
          </gpxtpx:TrackPointExtension>
        </extensions>
      </trkpt>
      <trkpt lat="44.375868" lon="8.469142">
        <time>2024-06-15T08:13:30Z</time>
        <ele>114.5</ele>
        <extensions>
          <gpxtpx:TrackPointExtension>
            <gpxtpx:Extensions>
              <highway>secondary</highway>
              <estimated_traffic_class>2</estimated_traffic_class>
            </gpxtpx:Extensions>
          </gpxtpx:TrackPointExtension>
        </extensions>
      </trkpt>
      <trkpt lat="44.37602" lon="8.469036">
        <time>2024-06-15T08:13:38Z</time>
        <ele>117.5</ele>
        <extensions>
          <gpxtpx:TrackPointExtension>
            <gpxtpx:Extensions>
              <highway>secondary</highway>
              <estimated_traffic_class>2</estimated_traffic_class>
            </gpxtpx:Extensions>
          </gpxtpx:TrackPointExtension>
        </extensions>
      </trkpt>
      <trkpt lat="44.376449" lon="8.468219">
        <time>2024-06-15T08:14:13Z</time>
        <ele>130.5</ele>
        <extensions>
          <gpxtpx:TrackPointExtension>
            <gpxtpx:Extensions>
              <highway>secondary</highway>
              <estimated_traffic_class>2</estimated_traffic_class>
            </gpxtpx:Extensions>
          </gpxtpx:TrackPointExtension>
        </extensions>
      </trkpt>
      <trkpt lat="44.376649" lon="8.468038">
        <time>2024-06-15T08:14:25Z</time>
        <ele>138</ele>
        <extensions>
          <gpxtpx:TrackPointExtension>
            <gpxtpx:Extensions>
              <highway>secondary</highway>
              <estimated_traffic_class>2</estimated_traffic_class>
            </gpxtpx:Extensions>
          </gpxtpx:TrackPointExtension>
        </extensions>
      </trkpt>
      <trkpt lat="44.376784" lon="8.467988">
        <time>2024-06-15T08:14:31Z</time>
        <ele>140</ele>
        <extensions>
          <gpxtpx:TrackPointExtension>
            <gpxtpx:Extensions>
              <highway>secondary</highway>
              <estimated_traffic_class>2</estimated_traffic_class>
            </gpxtpx:Extensions>
          </gpxtpx:TrackPointExtension>
        </extensions>
      </trkpt>
      <trkpt lat="44.376939" lon="8.468007">
        <time>2024-06-15T08:14:39Z</time>
        <ele>138.75</ele>
        <extensions>
          <gpxtpx:TrackPointExtension>
            <gpxtpx:Extensions>
              <highway>secondary</highway>
              <estimated_traffic_class>2</estimated_traffic_class>
            </gpxtpx:Extensions>
          </gpxtpx:TrackPointExtension>
        </extensions>
      </trkpt>
      <trkpt lat="44.377117" lon="8.468077">
        <time>2024-06-15T08:14:48Z</time>
        <ele>135.5</ele>
        <extensions>
          <gpxtpx:TrackPointExtension>
            <gpxtpx:Extensions>
              <highway>secondary</highway>
              <estimated_traffic_class>2</estimated_traffic_class>
            </gpxtpx:Extensions>
          </gpxtpx:TrackPointExtension>
        </extensions>
      </trkpt>
      <trkpt lat="44.377314" lon="8.468303">
        <time>2024-06-15T08:15:01Z</time>
        <ele>125.5</ele>
        <extensions>
          <gpxtpx:TrackPointExtension>
            <gpxtpx:Extensions>
              <highway>secondary</highway>
              <estimated_traffic_class>2</estimated_traffic_class>
            </gpxtpx:Extensions>
          </gpxtpx:TrackPointExtension>
        </extensions>
      </trkpt>
      <trkpt lat="44.377469" lon="8.468562">
        <time>2024-06-15T08:15:12Z</time>
        <ele>123.25</ele>
        <extensions>
          <gpxtpx:TrackPointExtension>
            <gpxtpx:Extensions>
              <highway>secondary</highway>
              <estimated_traffic_class>2</estimated_traffic_class>
            </gpxtpx:Extensions>
          </gpxtpx:TrackPointExtension>
        </extensions>
      </trkpt>
      <trkpt lat="44.377653" lon="8.468712">
        <time>2024-06-15T08:15:22Z</time>
        <ele>122.75</ele>
        <extensions>
          <gpxtpx:TrackPointExtension>
            <gpxtpx:Extensions>
              <highway>secondary</highway>
              <estimated_traffic_class>2</estimated_traffic_class>
            </gpxtpx:Extensions>
          </gpxtpx:TrackPointExtension>
        </extensions>
      </trkpt>
      <trkpt lat="44.377914" lon="8.468658">
        <time>2024-06-15T08:15:35Z</time>
        <ele>122.75</ele>
        <extensions>
          <gpxtpx:TrackPointExtension>
            <gpxtpx:Extensions>
              <highway>secondary</highway>
              <estimated_traffic_class>2</estimated_traffic_class>
            </gpxtpx:Extensions>
          </gpxtpx:TrackPointExtension>
        </extensions>
      </trkpt>
      <trkpt lat="44.378236" lon="8.468487">
        <time>2024-06-15T08:15:51Z</time>
        <ele>123.75</ele>
        <extensions>
          <gpxtpx:TrackPointExtension>
            <gpxtpx:Extensions>
              <highway>secondary</highway>
              <estimated_traffic_class>2</estimated_traffic_class>
            </gpxtpx:Extensions>
          </gpxtpx:TrackPointExtension>
        </extensions>
      </trkpt>
      <trkpt lat="44.378957" lon="8.467972">
        <time>2024-06-15T08:16:30Z</time>
        <ele>129.25</ele>
        <extensions>
          <gpxtpx:TrackPointExtension>
            <gpxtpx:Extensions>
              <highway>secondary</highway>
              <estimated_traffic_class>2</estimated_traffic_class>
            </gpxtpx:Extensions>
          </gpxtpx:TrackPointExtension>
        </extensions>
      </trkpt>
      <trkpt lat="44.379189" lon="8.46785">
        <time>2024-06-15T08:16:42Z</time>
        <ele>131.25</ele>
        <extensions>
          <gpxtpx:TrackPointExtension>
            <gpxtpx:Extensions>
              <highway>secondary</highway>
              <estimated_traffic_class>2</estimated_traffic_class>
            </gpxtpx:Extensions>
          </gpxtpx:TrackPointExtension>
        </extensions>
      </trkpt>
      <trkpt lat="44.379416" lon="8.467815">
        <time>2024-06-15T08:16:53Z</time>
        <ele>136.75</ele>
        <extensions>
          <gpxtpx:TrackPointExtension>
            <gpxtpx:Extensions>
              <highway>secondary</highway>
              <estimated_traffic_class>2</estimated_traffic_class>
            </gpxtpx:Extensions>
          </gpxtpx:TrackPointExtension>
        </extensions>
      </trkpt>
      <trkpt lat="44.379661" lon="8.467849">
        <time>2024-06-15T08:17:05Z</time>
        <ele>140.5</ele>
        <extensions>
          <gpxtpx:TrackPointExtension>
            <gpxtpx:Extensions>
              <highway>secondary</highway>
              <estimated_traffic_class>2</estimated_traffic_class>
            </gpxtpx:Extensions>
          </gpxtpx:TrackPointExtension>
        </extensions>
      </trkpt>
      <trkpt lat="44.379978" lon="8.467839">
        <time>2024-06-15T08:17:20Z</time>
        <ele>147.25</ele>
        <extensions>
          <gpxtpx:TrackPointExtension>
            <gpxtpx:Extensions>
              <highway>secondary</highway>
              <estimated_traffic_class>2</estimated_traffic_class>
            </gpxtpx:Extensions>
          </gpxtpx:TrackPointExtension>
        </extensions>
      </trkpt>
      <trkpt lat="44.380026" lon="8.467873">
        <time>2024-06-15T08:17:23Z</time>
        <ele>147.5</ele>
        <extensions>
          <gpxtpx:TrackPointExtension>
            <gpxtpx:Extensions>
              <highway>secondary</highway>
              <estimated_traffic_class>2</estimated_traffic_class>
            </gpxtpx:Extensions>
          </gpxtpx:TrackPointExtension>
        </extensions>
      </trkpt>
      <trkpt lat="44.380062" lon="8.467947">
        <time>2024-06-15T08:17:26Z</time>
        <ele>146</ele>
        <extensions>
          <gpxtpx:TrackPointExtension>
            <gpxtpx:Extensions>
              <highway>secondary</highway>
              <estimated_traffic_class>2</estimated_traffic_class>
            </gpxtpx:Extensions>
          </gpxtpx:TrackPointExtension>
        </extensions>
      </trkpt>
      <trkpt lat="44.380083" lon="8.468043">
        <time>2024-06-15T08:17:30Z</time>
        <ele>143</ele>
        <extensions>
          <gpxtpx:TrackPointExtension>
            <gpxtpx:Extensions>
              <highway>secondary</highway>
              <estimated_traffic_class>2</estimated_traffic_class>
            </gpxtpx:Extensions>
          </gpxtpx:TrackPointExtension>
        </extensions>
      </trkpt>
      <trkpt lat="44.380099" lon="8.468211">
        <time>2024-06-15T08:17:36Z</time>
        <ele>136.75</ele>
        <extensions>
          <gpxtpx:TrackPointExtension>
            <gpxtpx:Extensions>
              <highway>residential</highway>
              <surface>asphalt</surface>
            </gpxtpx:Extensions>
          </gpxtpx:TrackPointExtension>
        </extensions>
      </trkpt>
      <trkpt lat="44.380138" lon="8.468323">
        <time>2024-06-15T08:17:40Z</time>
        <ele>135</ele>
        <extensions>
          <gpxtpx:TrackPointExtension>
            <gpxtpx:Extensions>
              <highway>residential</highway>
              <surface>asphalt</surface>
            </gpxtpx:Extensions>
          </gpxtpx:TrackPointExtension>
        </extensions>
      </trkpt>
      <trkpt lat="44.380157" lon="8.468378">
        <time>2024-06-15T08:17:42Z</time>
        <ele>134.25</ele>
        <extensions>
          <gpxtpx:TrackPointExtension>
            <gpxtpx:Extensions>
              <highway>residential</highway>
              <surface>asphalt</surface>
            </gpxtpx:Extensions>
          </gpxtpx:TrackPointExtension>
        </extensions>
      </trkpt>
      <trkpt lat="44.380219" lon="8.46865">
        <time>2024-06-15T08:17:52Z</time>
        <ele>135.25</ele>
        <extensions>
          <gpxtpx:TrackPointExtension>
            <gpxtpx:Extensions>
              <highway>residential</highway>
              <surface>asphalt</surface>
            </gpxtpx:Extensions>
          </gpxtpx:TrackPointExtension>
        </extensions>
      </trkpt>
      <trkpt lat="44.380258" lon="8.46874">
        <time>2024-06-15T08:17:56Z</time>
        <ele>136.5</ele>
        <extensions>
          <gpxtpx:TrackPointExtension>
            <gpxtpx:Extensions>
              <highway>residential</highway>
              <surface>asphalt</surface>
            </gpxtpx:Extensions>
          </gpxtpx:TrackPointExtension>
        </extensions>
      </trkpt>
      <trkpt lat="44.380313" lon="8.468837">
        <time>2024-06-15T08:18:00Z</time>
        <ele>138.25</ele>
        <extensions>
          <gpxtpx:TrackPointExtension>
            <gpxtpx:Extensions>
              <highway>residential</highway>
              <surface>asphalt</surface>
            </gpxtpx:Extensions>
          </gpxtpx:TrackPointExtension>
        </extensions>
      </trkpt>
      <trkpt lat="44.380356" lon="8.468909">
        <time>2024-06-15T08:18:03Z</time>
        <ele>139.75</ele>
        <extensions>
          <gpxtpx:TrackPointExtension>
            <gpxtpx:Extensions>
              <highway>residential</highway>
              <surface>asphalt</surface>
            </gpxtpx:Extensions>
          </gpxtpx:TrackPointExtension>
        </extensions>
      </trkpt>
      <trkpt lat="44.380376" lon="8.468967">
        <time>2024-06-15T08:18:05Z</time>
        <ele>140.25</ele>
        <extensions>
          <gpxtpx:TrackPointExtension>
            <gpxtpx:Extensions>
              <highway>residential</highway>
              <surface>asphalt</surface>
            </gpxtpx:Extensions>
          </gpxtpx:TrackPointExtension>
        </extensions>
      </trkpt>
      <trkpt lat="44.380396" lon="8.469188">
        <time>2024-06-15T08:18:13Z</time>
        <ele>139.5</ele>
        <extensions>
          <gpxtpx:TrackPointExtension>
            <gpxtpx:Extensions>
              <highway>residential</highway>
              <surface>asphalt</surface>
            </gpxtpx:Extensions>
          </gpxtpx:TrackPointExtension>
        </extensions>
      </trkpt>
      <trkpt lat="44.380469" lon="8.469526">
        <time>2024-06-15T08:18:25Z</time>
        <ele>141.25</ele>
        <extensions>
          <gpxtpx:TrackPointExtension>
            <gpxtpx:Extensions>
              <highway>residential</highway>
              <surface>asphalt</surface>
            </gpxtpx:Extensions>
          </gpxtpx:TrackPointExtension>
        </extensions>
      </trkpt>
      <trkpt lat="44.380535" lon="8.470122">
        <time>2024-06-15T08:18:46Z</time>
        <ele>140.5</ele>
        <extensions>
          <gpxtpx:TrackPointExtension>
            <gpxtpx:Extensions>
              <highway>residential</highway>
              <surface>asphalt</surface>
            </gpxtpx:Extensions>
          </gpxtpx:TrackPointExtension>
        </extensions>
      </trkpt>
      <trkpt lat="44.380576" lon="8.47029">
        <time>2024-06-15T08:18:52Z</time>
        <ele>139.75</ele>
        <extensions>
          <gpxtpx:TrackPointExtension>
            <gpxtpx:Extensions>
              <highway>residential</highway>
              <surface>asphalt</surface>
            </gpxtpx:Extensions>
          </gpxtpx:TrackPointExtension>
        </extensions>
      </trkpt>
      <trkpt lat="44.38107" lon="8.471132">
        <time>2024-06-15T08:19:29Z</time>
        <ele>140.5</ele>
        <extensions>
          <gpxtpx:TrackPointExtension>
            <gpxtpx:Extensions>
              <highway>residential</highway>
              <surface>asphalt</surface>
            </gpxtpx:Extensions>
          </gpxtpx:TrackPointExtension>
        </extensions>
      </trkpt>
      <trkpt lat="44.38137" lon="8.471368">
        <time>2024-06-15T08:19:45Z</time>
        <ele>145.75</ele>
        <extensions>
          <gpxtpx:TrackPointExtension>
            <gpxtpx:Extensions>
              <highway>residential</highway>
              <surface>asphalt</surface>
            </gpxtpx:Extensions>
          </gpxtpx:TrackPointExtension>
        </extensions>
      </trkpt>
      <trkpt lat="44.38151" lon="8.471641">
        <time>2024-06-15T08:19:57Z</time>
        <ele>144</ele>
        <extensions>
          <gpxtpx:TrackPointExtension>
            <gpxtpx:Extensions>
              <highway>residential</highway>
              <surface>asphalt</surface>
            </gpxtpx:Extensions>
          </gpxtpx:TrackPointExtension>
        </extensions>
      </trkpt>
      <trkpt lat="44.38212" lon="8.472385">
        <time>2024-06-15T08:20:35Z</time>
        <ele>142.25</ele>
        <extensions>
          <gpxtpx:TrackPointExtension>
            <gpxtpx:Extensions>
              <highway>residential</highway>
              <surface>asphalt</surface>
            </gpxtpx:Extensions>
          </gpxtpx:TrackPointExtension>
        </extensions>
      </trkpt>
      <trkpt lat="44.382202" lon="8.472417">
        <time>2024-06-15T08:20:39Z</time>
        <ele>143</ele>
        <extensions>
          <gpxtpx:TrackPointExtension>
            <gpxtpx:Extensions>
              <highway>residential</highway>
              <surface>asphalt</surface>
            </gpxtpx:Extensions>
          </gpxtpx:TrackPointExtension>
        </extensions>
      </trkpt>
      <trkpt lat="44.382541" lon="8.472463">
        <time>2024-06-15T08:20:56Z</time>
        <ele>147.5</ele>
        <extensions>
          <gpxtpx:TrackPointExtension>
            <gpxtpx:Extensions>
              <highway>residential</highway>
              <surface>asphalt</surface>
            </gpxtpx:Extensions>
          </gpxtpx:TrackPointExtension>
        </extensions>
      </trkpt>
      <trkpt lat="44.382956" lon="8.472608">
        <time>2024-06-15T08:21:16Z</time>
        <ele>149.5</ele>
        <extensions>
          <gpxtpx:TrackPointExtension>
            <gpxtpx:Extensions>
              <highway>residential</highway>
              <surface>asphalt</surface>
            </gpxtpx:Extensions>
          </gpxtpx:TrackPointExtension>
        </extensions>
      </trkpt>
      <trkpt lat="44.383231" lon="8.472727">
        <time>2024-06-15T08:21:30Z</time>
        <ele>151.25</ele>
        <extensions>
          <gpxtpx:TrackPointExtension>
            <gpxtpx:Extensions>
              <highway>residential</highway>
              <surface>asphalt</surface>
            </gpxtpx:Extensions>
          </gpxtpx:TrackPointExtension>
        </extensions>
      </trkpt>
      <trkpt lat="44.383354" lon="8.472718">
        <time>2024-06-15T08:21:36Z</time>
        <ele>152.5</ele>
        <extensions>
          <gpxtpx:TrackPointExtension>
            <gpxtpx:Extensions>
              <highway>residential</highway>
              <surface>asphalt</surface>
            </gpxtpx:Extensions>
          </gpxtpx:TrackPointExtension>
        </extensions>
      </trkpt>
      <trkpt lat="44.383419" lon="8.472685">
        <time>2024-06-15T08:21:39Z</time>
        <ele>153.25</ele>
        <extensions>
          <gpxtpx:TrackPointExtension>
            <gpxtpx:Extensions>
              <highway>residential</highway>
              <surface>asphalt</surface>
            </gpxtpx:Extensions>
          </gpxtpx:TrackPointExtension>
        </extensions>
      </trkpt>
      <trkpt lat="44.3835" lon="8.472621">
        <time>2024-06-15T08:21:44Z</time>
        <ele>153.75</ele>
        <extensions>
          <gpxtpx:TrackPointExtension>
            <gpxtpx:Extensions>
              <highway>residential</highway>
              <surface>asphalt</surface>
            </gpxtpx:Extensions>
          </gpxtpx:TrackPointExtension>
        </extensions>
      </trkpt>
      <trkpt lat="44.383547" lon="8.47257">
        <time>2024-06-15T08:21:46Z</time>
        <ele>154</ele>
        <extensions>
          <gpxtpx:TrackPointExtension>
            <gpxtpx:Extensions>
              <highway>residential</highway>
              <surface>asphalt</surface>
            </gpxtpx:Extensions>
          </gpxtpx:TrackPointExtension>
        </extensions>
      </trkpt>
      <trkpt lat="44.383613" lon="8.472519">
        <time>2024-06-15T08:21:50Z</time>
        <ele>154.25</ele>
        <extensions>
          <gpxtpx:TrackPointExtension>
            <gpxtpx:Extensions>
              <highway>residential</highway>
              <surface>asphalt</surface>
            </gpxtpx:Extensions>
          </gpxtpx:TrackPointExtension>
        </extensions>
      </trkpt>
      <trkpt lat="44.383668" lon="8.472459">
        <time>2024-06-15T08:21:53Z</time>
        <ele>155.75</ele>
        <extensions>
          <gpxtpx:TrackPointExtension>
            <gpxtpx:Extensions>
              <highway>residential</highway>
              <surface>asphalt</surface>
            </gpxtpx:Extensions>
          </gpxtpx:TrackPointExtension>
        </extensions>
      </trkpt>
      <trkpt lat="44.384444" lon="8.471836">
        <time>2024-06-15T08:22:36Z</time>
        <ele>168.25</ele>
        <extensions>
          <gpxtpx:TrackPointExtension>
            <gpxtpx:Extensions>
              <highway>residential</highway>
              <surface>asphalt</surface>
            </gpxtpx:Extensions>
          </gpxtpx:TrackPointExtension>
        </extensions>
      </trkpt>
      <trkpt lat="44.384573" lon="8.471796">
        <time>2024-06-15T08:22:43Z</time>
        <ele>166.75</ele>
        <extensions>
          <gpxtpx:TrackPointExtension>
            <gpxtpx:Extensions>
              <highway>residential</highway>
              <surface>asphalt</surface>
            </gpxtpx:Extensions>
          </gpxtpx:TrackPointExtension>
        </extensions>
      </trkpt>
      <trkpt lat="44.384648" lon="8.471738">
        <time>2024-06-15T08:22:47Z</time>
        <ele>166</ele>
        <extensions>
          <gpxtpx:TrackPointExtension>
            <gpxtpx:Extensions>
              <highway>residential</highway>
              <surface>asphalt</surface>
            </gpxtpx:Extensions>
          </gpxtpx:TrackPointExtension>
        </extensions>
      </trkpt>
      <trkpt lat="44.384824" lon="8.471428">
        <time>2024-06-15T08:23:01Z</time>
        <ele>173.5</ele>
        <extensions>
          <gpxtpx:TrackPointExtension>
            <gpxtpx:Extensions>
              <highway>residential</highway>
              <surface>asphalt</surface>
            </gpxtpx:Extensions>
          </gpxtpx:TrackPointExtension>
        </extensions>
      </trkpt>
      <trkpt lat="44.384963" lon="8.471318">
        <time>2024-06-15T08:23:08Z</time>
        <ele>174.25</ele>
        <extensions>
          <gpxtpx:TrackPointExtension>
            <gpxtpx:Extensions>
              <highway>residential</highway>
              <surface>asphalt</surface>
            </gpxtpx:Extensions>
          </gpxtpx:TrackPointExtension>
        </extensions>
      </trkpt>
      <trkpt lat="44.385135" lon="8.471256">
        <time>2024-06-15T08:23:17Z</time>
        <ele>174</ele>
        <extensions>
          <gpxtpx:TrackPointExtension>
            <gpxtpx:Extensions>
              <highway>residential</highway>
              <surface>asphalt</surface>
            </gpxtpx:Extensions>
          </gpxtpx:TrackPointExtension>
        </extensions>
      </trkpt>
      <trkpt lat="44.385488" lon="8.471217">
        <time>2024-06-15T08:23:34Z</time>
        <ele>171.25</ele>
        <extensions>
          <gpxtpx:TrackPointExtension>
            <gpxtpx:Extensions>
              <highway>residential</highway>
              <surface>asphalt</surface>
            </gpxtpx:Extensions>
          </gpxtpx:TrackPointExtension>
        </extensions>
      </trkpt>
      <trkpt lat="44.385737" lon="8.47103">
        <time>2024-06-15T08:23:47Z</time>
        <ele>173</ele>
        <extensions>
          <gpxtpx:TrackPointExtension>
            <gpxtpx:Extensions>
              <highway>residential</highway>
              <surface>asphalt</surface>
            </gpxtpx:Extensions>
          </gpxtpx:TrackPointExtension>
        </extensions>
      </trkpt>
      <trkpt lat="44.385777" lon="8.470923">
        <time>2024-06-15T08:23:51Z</time>
        <ele>175</ele>
        <extensions>
          <gpxtpx:TrackPointExtension>
            <gpxtpx:Extensions>
              <highway>residential</highway>
              <surface>asphalt</surface>
            </gpxtpx:Extensions>
          </gpxtpx:TrackPointExtension>
        </extensions>
      </trkpt>
      <trkpt lat="44.38584" lon="8.470873">
        <time>2024-06-15T08:23:55Z</time>
        <ele>175</ele>
        <extensions>
          <gpxtpx:TrackPointExtension>
            <gpxtpx:Extensions>
              <highway>residential</highway>
              <surface>asphalt</surface>
            </gpxtpx:Extensions>
          </gpxtpx:TrackPointExtension>
        </extensions>
      </trkpt>
      <trkpt lat="44.385945" lon="8.470872">
        <time>2024-06-15T08:24:00Z</time>
        <ele>175.5</ele>
        <extensions>
          <gpxtpx:TrackPointExtension>
            <gpxtpx:Extensions>
              <highway>residential</highway>
              <surface>asphalt</surface>
            </gpxtpx:Extensions>
          </gpxtpx:TrackPointExtension>
        </extensions>
      </trkpt>
      <trkpt lat="44.38643" lon="8.471137">
        <time>2024-06-15T08:24:25Z</time>
        <ele>174</ele>
        <extensions>
          <gpxtpx:TrackPointExtension>
            <gpxtpx:Extensions>
              <highway>residential</highway>
              <surface>asphalt</surface>
            </gpxtpx:Extensions>
          </gpxtpx:TrackPointExtension>
        </extensions>
      </trkpt>
      <trkpt lat="44.386546" lon="8.471162">
        <time>2024-06-15T08:24:30Z</time>
        <ele>174.5</ele>
        <extensions>
          <gpxtpx:TrackPointExtension>
            <gpxtpx:Extensions>
              <highway>residential</highway>
              <surface>asphalt</surface>
            </gpxtpx:Extensions>
          </gpxtpx:TrackPointExtension>
        </extensions>
      </trkpt>
      <trkpt lat="44.38672" lon="8.471115">
        <time>2024-06-15T08:24:39Z</time>
        <ele>176.25</ele>
        <extensions>
          <gpxtpx:TrackPointExtension>
            <gpxtpx:Extensions>
              <highway>residential</highway>
              <surface>asphalt</surface>
            </gpxtpx:Extensions>
          </gpxtpx:TrackPointExtension>
        </extensions>
      </trkpt>
      <trkpt lat="44.386812" lon="8.471054">
        <time>2024-06-15T08:24:44Z</time>
        <ele>177</ele>
        <extensions>
          <gpxtpx:TrackPointExtension>
            <gpxtpx:Extensions>
              <highway>residential</highway>
              <surface>asphalt</surface>
            </gpxtpx:Extensions>
          </gpxtpx:TrackPointExtension>
        </extensions>
      </trkpt>
      <trkpt lat="44.386848" lon="8.471013">
        <time>2024-06-15T08:24:46Z</time>
        <ele>177.5</ele>
        <extensions>
          <gpxtpx:TrackPointExtension>
            <gpxtpx:Extensions>
              <highway>residential</highway>
              <surface>asphalt</surface>
            </gpxtpx:Extensions>
          </gpxtpx:TrackPointExtension>
        </extensions>
      </trkpt>
      <trkpt lat="44.386922" lon="8.470874">
        <time>2024-06-15T08:24:52Z</time>
        <ele>179.25</ele>
        <extensions>
          <gpxtpx:TrackPointExtension>
            <gpxtpx:Extensions>
              <highway>residential</highway>
              <surface>asphalt</surface>
            </gpxtpx:Extensions>
          </gpxtpx:TrackPointExtension>
        </extensions>
      </trkpt>
      <trkpt lat="44.386958" lon="8.47084">
        <time>2024-06-15T08:24:54Z</time>
        <ele>179.75</ele>
        <extensions>
          <gpxtpx:TrackPointExtension>
            <gpxtpx:Extensions>
              <highway>residential</highway>
              <surface>asphalt</surface>
            </gpxtpx:Extensions>
          </gpxtpx:TrackPointExtension>
        </extensions>
      </trkpt>
      <trkpt lat="44.387001" lon="8.470834">
        <time>2024-06-15T08:24:56Z</time>
        <ele>179.75</ele>
        <extensions>
          <gpxtpx:TrackPointExtension>
            <gpxtpx:Extensions>
              <highway>residential</highway>
              <surface>asphalt</surface>
            </gpxtpx:Extensions>
          </gpxtpx:TrackPointExtension>
        </extensions>
      </trkpt>
      <trkpt lat="44.387237" lon="8.470847">
        <time>2024-06-15T08:25:07Z</time>
        <ele>179.75</ele>
        <extensions>
          <gpxtpx:TrackPointExtension>
            <gpxtpx:Extensions>
              <highway>residential</highway>
              <surface>asphalt</surface>
            </gpxtpx:Extensions>
          </gpxtpx:TrackPointExtension>
        </extensions>
      </trkpt>
      <trkpt lat="44.387372" lon="8.470843">
        <time>2024-06-15T08:25:14Z</time>
        <ele>179.75</ele>
        <extensions>
          <gpxtpx:TrackPointExtension>
            <gpxtpx:Extensions>
              <highway>residential</highway>
              <surface>asphalt</surface>
            </gpxtpx:Extensions>
          </gpxtpx:TrackPointExtension>
        </extensions>
      </trkpt>
      <trkpt lat="44.387522" lon="8.470892">
        <time>2024-06-15T08:25:21Z</time>
        <ele>179</ele>
        <extensions>
          <gpxtpx:TrackPointExtension>
            <gpxtpx:Extensions>
              <highway>residential</highway>
              <surface>asphalt</surface>
            </gpxtpx:Extensions>
          </gpxtpx:TrackPointExtension>
        </extensions>
      </trkpt>
      <trkpt lat="44.387738" lon="8.470812">
        <time>2024-06-15T08:25:32Z</time>
        <ele>180.25</ele>
        <extensions>
          <gpxtpx:TrackPointExtension>
            <gpxtpx:Extensions>
              <highway>residential</highway>
              <surface>asphalt</surface>
            </gpxtpx:Extensions>
          </gpxtpx:TrackPointExtension>
        </extensions>
      </trkpt>
      <trkpt lat="44.388011" lon="8.470696">
        <time>2024-06-15T08:25:45Z</time>
        <ele>184</ele>
        <extensions>
          <gpxtpx:TrackPointExtension>
            <gpxtpx:Extensions>
              <highway>residential</highway>
              <surface>asphalt</surface>
            </gpxtpx:Extensions>
          </gpxtpx:TrackPointExtension>
        </extensions>
      </trkpt>
      <trkpt lat="44.388073" lon="8.470681">
        <time>2024-06-15T08:25:48Z</time>
        <ele>184.5</ele>
        <extensions>
          <gpxtpx:TrackPointExtension>
            <gpxtpx:Extensions>
              <highway>residential</highway>
              <surface>asphalt</surface>
            </gpxtpx:Extensions>
          </gpxtpx:TrackPointExtension>
        </extensions>
      </trkpt>
      <trkpt lat="44.388328" lon="8.470646">
        <time>2024-06-15T08:26:00Z</time>
        <ele>184.75</ele>
        <extensions>
          <gpxtpx:TrackPointExtension>
            <gpxtpx:Extensions>
              <highway>residential</highway>
              <surface>asphalt</surface>
            </gpxtpx:Extensions>
          </gpxtpx:TrackPointExtension>
        </extensions>
      </trkpt>
      <trkpt lat="44.388758" lon="8.470662">
        <time>2024-06-15T08:26:21Z</time>
        <ele>182.25</ele>
        <extensions>
          <gpxtpx:TrackPointExtension>
            <gpxtpx:Extensions>
              <highway>residential</highway>
              <surface>asphalt</surface>
            </gpxtpx:Extensions>
          </gpxtpx:TrackPointExtension>
        </extensions>
      </trkpt>
      <trkpt lat="44.388877" lon="8.470696">
        <time>2024-06-15T08:26:27Z</time>
        <ele>180.5</ele>
        <extensions>
          <gpxtpx:TrackPointExtension>
            <gpxtpx:Extensions>
              <highway>residential</highway>
              <surface>asphalt</surface>
            </gpxtpx:Extensions>
          </gpxtpx:TrackPointExtension>
        </extensions>
      </trkpt>
      <trkpt lat="44.38897" lon="8.470664">
        <time>2024-06-15T08:26:31Z</time>
        <ele>181</ele>
        <extensions>
          <gpxtpx:TrackPointExtension>
            <gpxtpx:Extensions>
              <highway>residential</highway>
              <surface>asphalt</surface>
            </gpxtpx:Extensions>
          </gpxtpx:TrackPointExtension>
        </extensions>
      </trkpt>
      <trkpt lat="44.389046" lon="8.470618">
        <time>2024-06-15T08:26:35Z</time>
        <ele>182</ele>
        <extensions>
          <gpxtpx:TrackPointExtension>
            <gpxtpx:Extensions>
              <highway>residential</highway>
              <surface>asphalt</surface>
            </gpxtpx:Extensions>
          </gpxtpx:TrackPointExtension>
        </extensions>
      </trkpt>
      <trkpt lat="44.389232" lon="8.470482">
        <time>2024-06-15T08:26:45Z</time>
        <ele>184.75</ele>
        <extensions>
          <gpxtpx:TrackPointExtension>
            <gpxtpx:Extensions>
              <highway>residential</highway>
              <surface>asphalt</surface>
            </gpxtpx:Extensions>
          </gpxtpx:TrackPointExtension>
        </extensions>
      </trkpt>
      <trkpt lat="44.389336" lon="8.470375">
        <time>2024-06-15T08:26:52Z</time>
        <ele>187.25</ele>
        <extensions>
          <gpxtpx:TrackPointExtension>
            <gpxtpx:Extensions>
              <highway>residential</highway>
              <surface>asphalt</surface>
            </gpxtpx:Extensions>
          </gpxtpx:TrackPointExtension>
        </extensions>
      </trkpt>
      <trkpt lat="44.389524" lon="8.470115">
        <time>2024-06-15T08:27:04Z</time>
        <ele>191.25</ele>
        <extensions>
          <gpxtpx:TrackPointExtension>
            <gpxtpx:Extensions>
              <highway>residential</highway>
              <surface>asphalt</surface>
            </gpxtpx:Extensions>
          </gpxtpx:TrackPointExtension>
        </extensions>
      </trkpt>
      <trkpt lat="44.389621" lon="8.469996">
        <time>2024-06-15T08:27:11Z</time>
        <ele>192.25</ele>
        <extensions>
          <gpxtpx:TrackPointExtension>
            <gpxtpx:Extensions>
              <highway>residential</highway>
              <surface>asphalt</surface>
            </gpxtpx:Extensions>
          </gpxtpx:TrackPointExtension>
        </extensions>
      </trkpt>
      <trkpt lat="44.389754" lon="8.469853">
        <time>2024-06-15T08:27:19Z</time>
        <ele>196</ele>
        <extensions>
          <gpxtpx:TrackPointExtension>
            <gpxtpx:Extensions>
              <highway>residential</highway>
              <surface>asphalt</surface>
            </gpxtpx:Extensions>
          </gpxtpx:TrackPointExtension>
        </extensions>
      </trkpt>
      <trkpt lat="44.389978" lon="8.469691">
        <time>2024-06-15T08:27:31Z</time>
        <ele>198.25</ele>
        <extensions>
          <gpxtpx:TrackPointExtension>
            <gpxtpx:Extensions>
              <highway>residential</highway>
              <surface>asphalt</surface>
            </gpxtpx:Extensions>
          </gpxtpx:TrackPointExtension>
        </extensions>
      </trkpt>
      <trkpt lat="44.390124" lon="8.469609">
        <time>2024-06-15T08:27:38Z</time>
        <ele>200.75</ele>
        <extensions>
          <gpxtpx:TrackPointExtension>
            <gpxtpx:Extensions>
              <highway>residential</highway>
              <surface>asphalt</surface>
            </gpxtpx:Extensions>
          </gpxtpx:TrackPointExtension>
        </extensions>
      </trkpt>
      <trkpt lat="44.390221" lon="8.469579">
        <time>2024-06-15T08:27:43Z</time>
        <ele>201.75</ele>
        <extensions>
          <gpxtpx:TrackPointExtension>
            <gpxtpx:Extensions>
              <highway>residential</highway>
              <surface>asphalt</surface>
            </gpxtpx:Extensions>
          </gpxtpx:TrackPointExtension>
        </extensions>
      </trkpt>
      <trkpt lat="44.39042" lon="8.469451">
        <time>2024-06-15T08:27:54Z</time>
        <ele>204.75</ele>
        <extensions>
          <gpxtpx:TrackPointExtension>
            <gpxtpx:Extensions>
              <highway>residential</highway>
              <surface>asphalt</surface>
            </gpxtpx:Extensions>
          </gpxtpx:TrackPointExtension>
        </extensions>
      </trkpt>
      <trkpt lat="44.390656" lon="8.469233">
        <time>2024-06-15T08:28:07Z</time>
        <ele>207.5</ele>
        <extensions>
          <gpxtpx:TrackPointExtension>
            <gpxtpx:Extensions>
              <highway>residential</highway>
              <surface>asphalt</surface>
            </gpxtpx:Extensions>
          </gpxtpx:TrackPointExtension>
        </extensions>
      </trkpt>
      <trkpt lat="44.39079" lon="8.469134">
        <time>2024-06-15T08:28:14Z</time>
        <ele>208.25</ele>
        <extensions>
          <gpxtpx:TrackPointExtension>
            <gpxtpx:Extensions>
              <highway>residential</highway>
              <surface>asphalt</surface>
            </gpxtpx:Extensions>
          </gpxtpx:TrackPointExtension>
        </extensions>
      </trkpt>
      <trkpt lat="44.390958" lon="8.469042">
        <time>2024-06-15T08:28:23Z</time>
        <ele>209.75</ele>
        <extensions>
          <gpxtpx:TrackPointExtension>
            <gpxtpx:Extensions>
              <highway>residential</highway>
              <surface>asphalt</surface>
            </gpxtpx:Extensions>
          </gpxtpx:TrackPointExtension>
        </extensions>
      </trkpt>
      <trkpt lat="44.391166" lon="8.46895">
        <time>2024-06-15T08:28:33Z</time>
        <ele>210.75</ele>
        <extensions>
          <gpxtpx:TrackPointExtension>
            <gpxtpx:Extensions>
              <highway>residential</highway>
              <surface>asphalt</surface>
            </gpxtpx:Extensions>
          </gpxtpx:TrackPointExtension>
        </extensions>
      </trkpt>
      <trkpt lat="44.39129" lon="8.468908">
        <time>2024-06-15T08:28:39Z</time>
        <ele>210.75</ele>
        <extensions>
          <gpxtpx:TrackPointExtension>
            <gpxtpx:Extensions>
              <highway>residential</highway>
              <surface>asphalt</surface>
            </gpxtpx:Extensions>
          </gpxtpx:TrackPointExtension>
        </extensions>
      </trkpt>
      <trkpt lat="44.391405" lon="8.468847">
        <time>2024-06-15T08:28:45Z</time>
        <ele>210.75</ele>
        <extensions>
          <gpxtpx:TrackPointExtension>
            <gpxtpx:Extensions>
              <highway>residential</highway>
              <surface>asphalt</surface>
            </gpxtpx:Extensions>
          </gpxtpx:TrackPointExtension>
        </extensions>
      </trkpt>
      <trkpt lat="44.391526" lon="8.468749">
        <time>2024-06-15T08:28:52Z</time>
        <ele>210.75</ele>
        <extensions>
          <gpxtpx:TrackPointExtension>
            <gpxtpx:Extensions>
              <highway>residential</highway>
              <surface>asphalt</surface>
            </gpxtpx:Extensions>
          </gpxtpx:TrackPointExtension>
        </extensions>
      </trkpt>
      <trkpt lat="44.391656" lon="8.468606">
        <time>2024-06-15T08:29:00Z</time>
        <ele>210.5</ele>
        <extensions>
          <gpxtpx:TrackPointExtension>
            <gpxtpx:Extensions>
              <highway>residential</highway>
              <surface>asphalt</surface>
            </gpxtpx:Extensions>
          </gpxtpx:TrackPointExtension>
        </extensions>
      </trkpt>
      <trkpt lat="44.391703" lon="8.468522">
        <time>2024-06-15T08:29:04Z</time>
        <ele>211</ele>
        <extensions>
          <gpxtpx:TrackPointExtension>
            <gpxtpx:Extensions>
              <highway>residential</highway>
              <surface>asphalt</surface>
            </gpxtpx:Extensions>
          </gpxtpx:TrackPointExtension>
        </extensions>
      </trkpt>
      <trkpt lat="44.391777" lon="8.468368">
        <time>2024-06-15T08:29:10Z</time>
        <ele>212</ele>
        <extensions>
          <gpxtpx:TrackPointExtension>
            <gpxtpx:Extensions>
              <highway>residential</highway>
              <surface>asphalt</surface>
            </gpxtpx:Extensions>
          </gpxtpx:TrackPointExtension>
        </extensions>
      </trkpt>
      <trkpt lat="44.39183" lon="8.46817">
        <time>2024-06-15T08:29:17Z</time>
        <ele>213.75</ele>
        <extensions>
          <gpxtpx:TrackPointExtension>
            <gpxtpx:Extensions>
              <highway>residential</highway>
              <surface>asphalt</surface>
            </gpxtpx:Extensions>
          </gpxtpx:TrackPointExtension>
        </extensions>
      </trkpt>
      <trkpt lat="44.391846" lon="8.468012">
        <time>2024-06-15T08:29:23Z</time>
        <ele>215</ele>
        <extensions>
          <gpxtpx:TrackPointExtension>
            <gpxtpx:Extensions>
              <highway>residential</highway>
              <surface>asphalt</surface>
            </gpxtpx:Extensions>
          </gpxtpx:TrackPointExtension>
        </extensions>
      </trkpt>
      <trkpt lat="44.391842" lon="8.467918">
        <time>2024-06-15T08:29:26Z</time>
        <ele>216</ele>
        <extensions>
          <gpxtpx:TrackPointExtension>
            <gpxtpx:Extensions>
              <highway>residential</highway>
              <surface>asphalt</surface>
            </gpxtpx:Extensions>
          </gpxtpx:TrackPointExtension>
        </extensions>
      </trkpt>
      <trkpt lat="44.391802" lon="8.46771">
        <time>2024-06-15T08:29:33Z</time>
        <ele>217.5</ele>
        <extensions>
          <gpxtpx:TrackPointExtension>
            <gpxtpx:Extensions>
              <highway>residential</highway>
              <surface>asphalt</surface>
            </gpxtpx:Extensions>
          </gpxtpx:TrackPointExtension>
        </extensions>
      </trkpt>
      <trkpt lat="44.391787" lon="8.467564">
        <time>2024-06-15T08:29:38Z</time>
        <ele>218.5</ele>
        <extensions>
          <gpxtpx:TrackPointExtension>
            <gpxtpx:Extensions>
              <highway>residential</highway>
              <surface>asphalt</surface>
            </gpxtpx:Extensions>
          </gpxtpx:TrackPointExtension>
        </extensions>
      </trkpt>
      <trkpt lat="44.391763" lon="8.467446">
        <time>2024-06-15T08:29:42Z</time>
        <ele>219.5</ele>
        <extensions>
          <gpxtpx:TrackPointExtension>
            <gpxtpx:Extensions>
              <highway>residential</highway>
              <surface>asphalt</surface>
            </gpxtpx:Extensions>
          </gpxtpx:TrackPointExtension>
        </extensions>
      </trkpt>
      <trkpt lat="44.39175" lon="8.467346">
        <time>2024-06-15T08:29:46Z</time>
        <ele>220.5</ele>
        <extensions>
          <gpxtpx:TrackPointExtension>
            <gpxtpx:Extensions>
              <highway>track</highway>
              <tracktype>grade3</tracktype>
              <surface>ground</surface>
              <mtb_scale>1</mtb_scale>
              <smoothness>very_bad</smoothness>
            </gpxtpx:Extensions>
          </gpxtpx:TrackPointExtension>
        </extensions>
      </trkpt>
      <trkpt lat="44.391556" lon="8.466875">
        <time>2024-06-15T08:30:05Z</time>
        <ele>229.5</ele>
        <extensions>
          <gpxtpx:TrackPointExtension>
            <gpxtpx:Extensions>
              <highway>track</highway>
              <tracktype>grade3</tracktype>
              <surface>ground</surface>
              <mtb_scale>1</mtb_scale>
              <smoothness>very_bad</smoothness>
            </gpxtpx:Extensions>
          </gpxtpx:TrackPointExtension>
        </extensions>
      </trkpt>
      <trkpt lat="44.391554" lon="8.466709">
        <time>2024-06-15T08:30:10Z</time>
        <ele>231.25</ele>
        <extensions>
          <gpxtpx:TrackPointExtension>
            <gpxtpx:Extensions>
              <highway>track</highway>
              <tracktype>grade3</tracktype>
              <surface>ground</surface>
              <mtb_scale>1</mtb_scale>
              <smoothness>very_bad</smoothness>
            </gpxtpx:Extensions>
          </gpxtpx:TrackPointExtension>
        </extensions>
      </trkpt>
      <trkpt lat="44.391466" lon="8.466516">
        <time>2024-06-15T08:30:19Z</time>
        <ele>236.5</ele>
        <extensions>
          <gpxtpx:TrackPointExtension>
            <gpxtpx:Extensions>
              <highway>track</highway>
              <tracktype>grade3</tracktype>
              <surface>ground</surface>
              <mtb_scale>1</mtb_scale>
              <smoothness>very_bad</smoothness>
            </gpxtpx:Extensions>
          </gpxtpx:TrackPointExtension>
        </extensions>
      </trkpt>
      <trkpt lat="44.391419" lon="8.466335">
        <time>2024-06-15T08:30:25Z</time>
        <ele>239.75</ele>
        <extensions>
          <gpxtpx:TrackPointExtension>
            <gpxtpx:Extensions>
              <highway>track</highway>
              <tracktype>grade3</tracktype>
              <surface>ground</surface>
              <mtb_scale>1</mtb_scale>
              <smoothness>very_bad</smoothness>
            </gpxtpx:Extensions>
          </gpxtpx:TrackPointExtension>
        </extensions>
      </trkpt>
      <trkpt lat="44.391354" lon="8.466153">
        <time>2024-06-15T08:30:32Z</time>
        <ele>243.5</ele>
        <extensions>
          <gpxtpx:TrackPointExtension>
            <gpxtpx:Extensions>
              <highway>track</highway>
              <tracktype>grade3</tracktype>
              <surface>ground</surface>
              <mtb_scale>1</mtb_scale>
              <smoothness>very_bad</smoothness>
            </gpxtpx:Extensions>
          </gpxtpx:TrackPointExtension>
        </extensions>
      </trkpt>
      <trkpt lat="44.391263" lon="8.466016">
        <time>2024-06-15T08:30:39Z</time>
        <ele>248</ele>
        <extensions>
          <gpxtpx:TrackPointExtension>
            <gpxtpx:Extensions>
              <highway>track</highway>
              <tracktype>grade3</tracktype>
              <surface>ground</surface>
              <mtb_scale>1</mtb_scale>
              <smoothness>very_bad</smoothness>
            </gpxtpx:Extensions>
          </gpxtpx:TrackPointExtension>
        </extensions>
      </trkpt>
      <trkpt lat="44.391108" lon="8.465758">
        <time>2024-06-15T08:30:51Z</time>
        <ele>255.5</ele>
        <extensions>
          <gpxtpx:TrackPointExtension>
            <gpxtpx:Extensions>
              <highway>track</highway>
              <tracktype>grade3</tracktype>
              <surface>ground</surface>
              <mtb_scale>1</mtb_scale>
              <smoothness>very_bad</smoothness>
            </gpxtpx:Extensions>
          </gpxtpx:TrackPointExtension>
        </extensions>
      </trkpt>
      <trkpt lat="44.391069" lon="8.465648">
        <time>2024-06-15T08:30:55Z</time>
        <ele>258.25</ele>
        <extensions>
          <gpxtpx:TrackPointExtension>
            <gpxtpx:Extensions>
              <highway>track</highway>
              <tracktype>grade3</tracktype>
              <surface>ground</surface>
              <mtb_scale>1</mtb_scale>
              <smoothness>very_bad</smoothness>
            </gpxtpx:Extensions>
          </gpxtpx:TrackPointExtension>
        </extensions>
      </trkpt>
      <trkpt lat="44.391051" lon="8.465382">
        <time>2024-06-15T08:31:05Z</time>
        <ele>262</ele>
        <extensions>
          <gpxtpx:TrackPointExtension>
            <gpxtpx:Extensions>
              <highway>track</highway>
              <tracktype>grade3</tracktype>
              <surface>ground</surface>
              <mtb_scale>1</mtb_scale>
              <smoothness>very_bad</smoothness>
            </gpxtpx:Extensions>
          </gpxtpx:TrackPointExtension>
        </extensions>
      </trkpt>
      <trkpt lat="44.391059" lon="8.465296">
        <time>2024-06-15T08:31:08Z</time>
        <ele>262.5</ele>
        <extensions>
          <gpxtpx:TrackPointExtension>
            <gpxtpx:Extensions>
              <highway>track</highway>
              <tracktype>grade3</tracktype>
              <surface>ground</surface>
              <mtb_scale>1</mtb_scale>
              <smoothness>very_bad</smoothness>
            </gpxtpx:Extensions>
          </gpxtpx:TrackPointExtension>
        </extensions>
      </trkpt>
      <trkpt lat="44.39106" lon="8.465073">
        <time>2024-06-15T08:31:15Z</time>
        <ele>265</ele>
        <extensions>
          <gpxtpx:TrackPointExtension>
            <gpxtpx:Extensions>
              <highway>track</highway>
              <tracktype>grade3</tracktype>
              <surface>ground</surface>
              <mtb_scale>1</mtb_scale>
              <smoothness>very_bad</smoothness>
            </gpxtpx:Extensions>
          </gpxtpx:TrackPointExtension>
        </extensions>
      </trkpt>
      <trkpt lat="44.39109" lon="8.46474">
        <time>2024-06-15T08:31:27Z</time>
        <ele>267</ele>
        <extensions>
          <gpxtpx:TrackPointExtension>
            <gpxtpx:Extensions>
              <highway>track</highway>
              <tracktype>grade3</tracktype>
              <surface>ground</surface>
              <mtb_scale>1</mtb_scale>
              <smoothness>very_bad</smoothness>
            </gpxtpx:Extensions>
          </gpxtpx:TrackPointExtension>
        </extensions>
      </trkpt>
      <trkpt lat="44.391112" lon="8.463981">
        <time>2024-06-15T08:31:53Z</time>
        <ele>273</ele>
        <extensions>
          <gpxtpx:TrackPointExtension>
            <gpxtpx:Extensions>
              <highway>track</highway>
              <tracktype>grade3</tracktype>
              <surface>ground</surface>
              <mtb_scale>1</mtb_scale>
              <smoothness>very_bad</smoothness>
            </gpxtpx:Extensions>
          </gpxtpx:TrackPointExtension>
        </extensions>
      </trkpt>
      <trkpt lat="44.391089" lon="8.463716">
        <time>2024-06-15T08:32:02Z</time>
        <ele>276.25</ele>
        <extensions>
          <gpxtpx:TrackPointExtension>
            <gpxtpx:Extensions>
              <highway>track</highway>
              <tracktype>grade3</tracktype>
              <surface>ground</surface>
              <mtb_scale>1</mtb_scale>
              <smoothness>very_bad</smoothness>
            </gpxtpx:Extensions>
          </gpxtpx:TrackPointExtension>
        </extensions>
      </trkpt>
      <trkpt lat="44.391131" lon="8.463393">
        <time>2024-06-15T08:32:13Z</time>
        <ele>277</ele>
        <extensions>
          <gpxtpx:TrackPointExtension>
            <gpxtpx:Extensions>
              <highway>track</highway>
              <tracktype>grade3</tracktype>
              <surface>ground</surface>
              <mtb_scale>1</mtb_scale>
              <smoothness>very_bad</smoothness>
            </gpxtpx:Extensions>
          </gpxtpx:TrackPointExtension>
        </extensions>
      </trkpt>
      <trkpt lat="44.391137" lon="8.463064">
        <time>2024-06-15T08:32:24Z</time>
        <ele>279.5</ele>
        <extensions>
          <gpxtpx:TrackPointExtension>
            <gpxtpx:Extensions>
              <highway>track</highway>
              <tracktype>grade3</tracktype>
              <surface>ground</surface>
              <mtb_scale>1</mtb_scale>
              <smoothness>very_bad</smoothness>
            </gpxtpx:Extensions>
          </gpxtpx:TrackPointExtension>
        </extensions>
      </trkpt>
      <trkpt lat="44.39109" lon="8.462845">
        <time>2024-06-15T08:32:32Z</time>
        <ele>283</ele>
        <extensions>
          <gpxtpx:TrackPointExtension>
            <gpxtpx:Extensions>
              <highway>track</highway>
              <tracktype>grade3</tracktype>
              <surface>ground</surface>
              <mtb_scale>1</mtb_scale>
              <smoothness>very_bad</smoothness>
            </gpxtpx:Extensions>
          </gpxtpx:TrackPointExtension>
        </extensions>
      </trkpt>
      <trkpt lat="44.391052" lon="8.462752">
        <time>2024-06-15T08:32:36Z</time>
        <ele>285.25</ele>
        <extensions>
          <gpxtpx:TrackPointExtension>
            <gpxtpx:Extensions>
              <highway>track</highway>
              <tracktype>grade3</tracktype>
              <surface>ground</surface>
              <mtb_scale>1</mtb_scale>
              <smoothness>very_bad</smoothness>
            </gpxtpx:Extensions>
          </gpxtpx:TrackPointExtension>
        </extensions>
      </trkpt>
      <trkpt lat="44.390974" lon="8.462627">
        <time>2024-06-15T08:32:42Z</time>
        <ele>289</ele>
        <extensions>
          <gpxtpx:TrackPointExtension>
            <gpxtpx:Extensions>
              <highway>track</highway>
              <tracktype>grade3</tracktype>
              <surface>ground</surface>
              <mtb_scale>1</mtb_scale>
              <smoothness>very_bad</smoothness>
            </gpxtpx:Extensions>
          </gpxtpx:TrackPointExtension>
        </extensions>
      </trkpt>
      <trkpt lat="44.390939" lon="8.462509">
        <time>2024-06-15T08:32:46Z</time>
        <ele>291.25</ele>
        <extensions>
          <gpxtpx:TrackPointExtension>
            <gpxtpx:Extensions>
              <highway>track</highway>
              <tracktype>grade3</tracktype>
              <surface>ground</surface>
              <mtb_scale>1</mtb_scale>
              <smoothness>very_bad</smoothness>
            </gpxtpx:Extensions>
          </gpxtpx:TrackPointExtension>
        </extensions>
      </trkpt>
      <trkpt lat="44.390953" lon="8.462404">
        <time>2024-06-15T08:32:50Z</time>
        <ele>292</ele>
        <extensions>
          <gpxtpx:TrackPointExtension>
            <gpxtpx:Extensions>
              <highway>track</highway>
              <tracktype>grade3</tracktype>
              <surface>ground</surface>
              <mtb_scale>1</mtb_scale>
              <smoothness>very_bad</smoothness>
            </gpxtpx:Extensions>
          </gpxtpx:TrackPointExtension>
        </extensions>
      </trkpt>
      <trkpt lat="44.390998" lon="8.462204">
        <time>2024-06-15T08:32:57Z</time>
        <ele>293</ele>
        <extensions>
          <gpxtpx:TrackPointExtension>
            <gpxtpx:Extensions>
              <highway>track</highway>
              <tracktype>grade3</tracktype>
              <surface>ground</surface>
              <mtb_scale>1</mtb_scale>
              <smoothness>very_bad</smoothness>
            </gpxtpx:Extensions>
          </gpxtpx:TrackPointExtension>
        </extensions>
      </trkpt>
      <trkpt lat="44.39101" lon="8.462032">
        <time>2024-06-15T08:33:03Z</time>
        <ele>294.75</ele>
        <extensions>
          <gpxtpx:TrackPointExtension>
            <gpxtpx:Extensions>
              <highway>track</highway>
              <tracktype>grade3</tracktype>
              <surface>ground</surface>
              <mtb_scale>1</mtb_scale>
              <smoothness>very_bad</smoothness>
            </gpxtpx:Extensions>
          </gpxtpx:TrackPointExtension>
        </extensions>
      </trkpt>
      <trkpt lat="44.391007" lon="8.461826">
        <time>2024-06-15T08:33:10Z</time>
        <ele>297.25</ele>
        <extensions>
          <gpxtpx:TrackPointExtension>
            <gpxtpx:Extensions>
              <highway>track</highway>
              <tracktype>grade3</tracktype>
              <surface>ground</surface>
              <mtb_scale>1</mtb_scale>
              <smoothness>very_bad</smoothness>
            </gpxtpx:Extensions>
          </gpxtpx:TrackPointExtension>
        </extensions>
      </trkpt>
      <trkpt lat="44.390975" lon="8.461742">
        <time>2024-06-15T08:33:14Z</time>
        <ele>299.75</ele>
        <extensions>
          <gpxtpx:TrackPointExtension>
            <gpxtpx:Extensions>
              <highway>track</highway>
              <tracktype>grade3</tracktype>
              <surface>ground</surface>
              <mtb_scale>1</mtb_scale>
              <smoothness>very_bad</smoothness>
            </gpxtpx:Extensions>
          </gpxtpx:TrackPointExtension>
        </extensions>
      </trkpt>
      <trkpt lat="44.390973" lon="8.461514">
        <time>2024-06-15T08:33:21Z</time>
        <ele>300.75</ele>
        <extensions>
          <gpxtpx:TrackPointExtension>
            <gpxtpx:Extensions>
              <highway>track</highway>
              <tracktype>grade3</tracktype>
              <surface>ground</surface>
              <mtb_scale>1</mtb_scale>
              <smoothness>very_bad</smoothness>
            </gpxtpx:Extensions>
          </gpxtpx:TrackPointExtension>
        </extensions>
      </trkpt>
      <trkpt lat="44.390938" lon="8.461334">
        <time>2024-06-15T08:33:28Z</time>
        <ele>302</ele>
        <extensions>
          <gpxtpx:TrackPointExtension>
            <gpxtpx:Extensions>
              <highway>track</highway>
              <tracktype>grade3</tracktype>
              <surface>ground</surface>
              <mtb_scale>1</mtb_scale>
              <smoothness>very_bad</smoothness>
            </gpxtpx:Extensions>
          </gpxtpx:TrackPointExtension>
        </extensions>
      </trkpt>
      <trkpt lat="44.390839" lon="8.461081">
        <time>2024-06-15T08:33:38Z</time>
        <ele>305.25</ele>
        <extensions>
          <gpxtpx:TrackPointExtension>
            <gpxtpx:Extensions>
              <highway>track</highway>
              <tracktype>grade3</tracktype>
              <surface>ground</surface>
              <mtb_scale>1</mtb_scale>
              <smoothness>very_bad</smoothness>
            </gpxtpx:Extensions>
          </gpxtpx:TrackPointExtension>
        </extensions>
      </trkpt>
      <trkpt lat="44.390746" lon="8.460908">
        <time>2024-06-15T08:33:45Z</time>
        <ele>308.25</ele>
        <extensions>
          <gpxtpx:TrackPointExtension>
            <gpxtpx:Extensions>
              <highway>track</highway>
              <tracktype>grade3</tracktype>
              <surface>ground</surface>
              <mtb_scale>1</mtb_scale>
              <smoothness>very_bad</smoothness>
            </gpxtpx:Extensions>
          </gpxtpx:TrackPointExtension>
        </extensions>
      </trkpt>
      <trkpt lat="44.390688" lon="8.460846">
        <time>2024-06-15T08:33:49Z</time>
        <ele>310.25</ele>
        <extensions>
          <gpxtpx:TrackPointExtension>
            <gpxtpx:Extensions>
              <highway>track</highway>
              <tracktype>grade3</tracktype>
              <surface>ground</surface>
              <mtb_scale>1</mtb_scale>
              <smoothness>very_bad</smoothness>
            </gpxtpx:Extensions>
          </gpxtpx:TrackPointExtension>
        </extensions>
      </trkpt>
      <trkpt lat="44.390567" lon="8.460794">
        <time>2024-06-15T08:33:55Z</time>
        <ele>315</ele>
        <extensions>
          <gpxtpx:TrackPointExtension>
            <gpxtpx:Extensions>
              <highway>track</highway>
              <tracktype>grade3</tracktype>
              <surface>ground</surface>
              <mtb_scale>1</mtb_scale>
              <smoothness>very_bad</smoothness>
            </gpxtpx:Extensions>
          </gpxtpx:TrackPointExtension>
        </extensions>
      </trkpt>
      <trkpt lat="44.390474" lon="8.460786">
        <time>2024-06-15T08:34:00Z</time>
        <ele>318.5</ele>
        <extensions>
          <gpxtpx:TrackPointExtension>
            <gpxtpx:Extensions>
              <highway>track</highway>
              <tracktype>grade3</tracktype>
              <surface>ground</surface>
              <mtb_scale>1</mtb_scale>
              <smoothness>very_bad</smoothness>
            </gpxtpx:Extensions>
          </gpxtpx:TrackPointExtension>
        </extensions>
      </trkpt>
      <trkpt lat="44.390436" lon="8.460757">
        <time>2024-06-15T08:34:02Z</time>
        <ele>320.25</ele>
        <extensions>
          <gpxtpx:TrackPointExtension>
            <gpxtpx:Extensions>
              <highway>track</highway>
              <tracktype>grade3</tracktype>
              <surface>ground</surface>
              <mtb_scale>1</mtb_scale>
              <smoothness>very_bad</smoothness>
            </gpxtpx:Extensions>
          </gpxtpx:TrackPointExtension>
        </extensions>
      </trkpt>
      <trkpt lat="44.390425" lon="8.460701">
        <time>2024-06-15T08:34:04Z</time>
        <ele>321</ele>
        <extensions>
          <gpxtpx:TrackPointExtension>
            <gpxtpx:Extensions>
              <highway>track</highway>
              <tracktype>grade3</tracktype>
              <surface>ground</surface>
              <mtb_scale>1</mtb_scale>
              <smoothness>very_bad</smoothness>
            </gpxtpx:Extensions>
          </gpxtpx:TrackPointExtension>
        </extensions>
      </trkpt>
      <trkpt lat="44.390431" lon="8.460648">
        <time>2024-06-15T08:34:06Z</time>
        <ele>321.25</ele>
        <extensions>
          <gpxtpx:TrackPointExtension>
            <gpxtpx:Extensions>
              <highway>track</highway>
              <tracktype>grade3</tracktype>
              <surface>ground</surface>
              <mtb_scale>1</mtb_scale>
              <smoothness>very_bad</smoothness>
            </gpxtpx:Extensions>
          </gpxtpx:TrackPointExtension>
        </extensions>
      </trkpt>
      <trkpt lat="44.390517" lon="8.460571">
        <time>2024-06-15T08:34:11Z</time>
        <ele>318.5</ele>
        <extensions>
          <gpxtpx:TrackPointExtension>
            <gpxtpx:Extensions>
              <highway>track</highway>
              <tracktype>grade3</tracktype>
              <surface>ground</surface>
              <mtb_scale>1</mtb_scale>
              <smoothness>very_bad</smoothness>
            </gpxtpx:Extensions>
          </gpxtpx:TrackPointExtension>
        </extensions>
      </trkpt>
      <trkpt lat="44.39059" lon="8.460382">
        <time>2024-06-15T08:34:18Z</time>
        <ele>316.75</ele>
        <extensions>
          <gpxtpx:TrackPointExtension>
            <gpxtpx:Extensions>
              <highway>track</highway>
              <tracktype>grade3</tracktype>
              <surface>ground</surface>
              <mtb_scale>1</mtb_scale>
              <smoothness>very_bad</smoothness>
            </gpxtpx:Extensions>
          </gpxtpx:TrackPointExtension>
        </extensions>
      </trkpt>
      <trkpt lat="44.390602" lon="8.460214">
        <time>2024-06-15T08:34:24Z</time>
        <ele>317.25</ele>
        <extensions>
          <gpxtpx:TrackPointExtension>
            <gpxtpx:Extensions>
              <highway>track</highway>
              <tracktype>grade3</tracktype>
              <surface>ground</surface>
              <mtb_scale>1</mtb_scale>
              <smoothness>very_bad</smoothness>
            </gpxtpx:Extensions>
          </gpxtpx:TrackPointExtension>
        </extensions>
      </trkpt>
      <trkpt lat="44.390633" lon="8.460088">
        <time>2024-06-15T08:34:28Z</time>
        <ele>316.75</ele>
        <extensions>
          <gpxtpx:TrackPointExtension>
            <gpxtpx:Extensions>
              <highway>track</highway>
              <tracktype>grade3</tracktype>
              <surface>ground</surface>
              <mtb_scale>1</mtb_scale>
              <smoothness>very_bad</smoothness>
            </gpxtpx:Extensions>
          </gpxtpx:TrackPointExtension>
        </extensions>
      </trkpt>
      <trkpt lat="44.390801" lon="8.459725">
        <time>2024-06-15T08:34:43Z</time>
        <ele>311.5</ele>
        <extensions>
          <gpxtpx:TrackPointExtension>
            <gpxtpx:Extensions>
              <highway>track</highway>
              <tracktype>grade3</tracktype>
              <surface>ground</surface>
              <mtb_scale>1</mtb_scale>
              <smoothness>very_bad</smoothness>
            </gpxtpx:Extensions>
          </gpxtpx:TrackPointExtension>
        </extensions>
      </trkpt>
      <trkpt lat="44.390789" lon="8.459555">
        <time>2024-06-15T08:34:49Z</time>
        <ele>313</ele>
        <extensions>
          <gpxtpx:TrackPointExtension>
            <gpxtpx:Extensions>
              <highway>track</highway>
              <tracktype>grade3</tracktype>
              <surface>ground</surface>
              <mtb_scale>1</mtb_scale>
              <smoothness>very_bad</smoothness>
            </gpxtpx:Extensions>
          </gpxtpx:TrackPointExtension>
        </extensions>
      </trkpt>
      <trkpt lat="44.390749" lon="8.459398">
        <time>2024-06-15T08:34:55Z</time>
        <ele>315.5</ele>
        <extensions>
          <gpxtpx:TrackPointExtension>
            <gpxtpx:Extensions>
              <highway>track</highway>
              <tracktype>grade3</tracktype>
              <surface>ground</surface>
              <mtb_scale>1</mtb_scale>
              <smoothness>very_bad</smoothness>
            </gpxtpx:Extensions>
          </gpxtpx:TrackPointExtension>
        </extensions>
      </trkpt>
      <trkpt lat="44.390661" lon="8.459211">
        <time>2024-06-15T08:35:03Z</time>
        <ele>320</ele>
        <extensions>
          <gpxtpx:TrackPointExtension>
            <gpxtpx:Extensions>
              <highway>track</highway>
              <tracktype>grade3</tracktype>
              <surface>ground</surface>
              <mtb_scale>1</mtb_scale>
              <smoothness>very_bad</smoothness>
            </gpxtpx:Extensions>
          </gpxtpx:TrackPointExtension>
        </extensions>
      </trkpt>
      <trkpt lat="44.390585" lon="8.45914">
        <time>2024-06-15T08:35:08Z</time>
        <ele>323.75</ele>
        <extensions>
          <gpxtpx:TrackPointExtension>
            <gpxtpx:Extensions>
              <highway>track</highway>
              <tracktype>grade3</tracktype>
              <surface>ground</surface>
              <mtb_scale>1</mtb_scale>
              <smoothness>very_bad</smoothness>
            </gpxtpx:Extensions>
          </gpxtpx:TrackPointExtension>
        </extensions>
      </trkpt>
      <trkpt lat="44.390531" lon="8.459065">
        <time>2024-06-15T08:35:11Z</time>
        <ele>326</ele>
        <extensions>
          <gpxtpx:TrackPointExtension>
            <gpxtpx:Extensions>
              <highway>track</highway>
              <tracktype>grade3</tracktype>
              <surface>ground</surface>
              <mtb_scale>1</mtb_scale>
              <smoothness>very_bad</smoothness>
            </gpxtpx:Extensions>
          </gpxtpx:TrackPointExtension>
        </extensions>
      </trkpt>
      <trkpt lat="44.390449" lon="8.459005">
        <time>2024-06-15T08:35:16Z</time>
        <ele>329.75</ele>
        <extensions>
          <gpxtpx:TrackPointExtension>
            <gpxtpx:Extensions>
              <highway>track</highway>
              <tracktype>grade3</tracktype>
              <surface>ground</surface>
              <mtb_scale>1</mtb_scale>
              <smoothness>very_bad</smoothness>
            </gpxtpx:Extensions>
          </gpxtpx:TrackPointExtension>
        </extensions>
      </trkpt>
      <trkpt lat="44.390433" lon="8.459017">
        <time>2024-06-15T08:35:17Z</time>
        <ele>330.25</ele>
        <extensions>
          <gpxtpx:TrackPointExtension>
            <gpxtpx:Extensions>
              <highway>track</highway>
              <tracktype>grade3</tracktype>
              <surface>ground</surface>
              <mtb_scale>1</mtb_scale>
              <smoothness>very_bad</smoothness>
            </gpxtpx:Extensions>
          </gpxtpx:TrackPointExtension>
        </extensions>
      </trkpt>
      <trkpt lat="44.390426" lon="8.459042">
        <time>2024-06-15T08:35:18Z</time>
        <ele>330.75</ele>
        <extensions>
          <gpxtpx:TrackPointExtension>
            <gpxtpx:Extensions>
              <highway>track</highway>
              <tracktype>grade3</tracktype>
              <surface>ground</surface>
              <mtb_scale>1</mtb_scale>
              <smoothness>very_bad</smoothness>
            </gpxtpx:Extensions>
          </gpxtpx:TrackPointExtension>
        </extensions>
      </trkpt>
      <trkpt lat="44.390425" lon="8.459093">
        <time>2024-06-15T08:35:20Z</time>
        <ele>330.5</ele>
        <extensions>
          <gpxtpx:TrackPointExtension>
            <gpxtpx:Extensions>
              <highway>track</highway>
              <tracktype>grade3</tracktype>
              <surface>ground</surface>
              <mtb_scale>1</mtb_scale>
              <smoothness>very_bad</smoothness>
            </gpxtpx:Extensions>
          </gpxtpx:TrackPointExtension>
        </extensions>
      </trkpt>
      <trkpt lat="44.390433" lon="8.45915">
        <time>2024-06-15T08:35:22Z</time>
        <ele>330.25</ele>
        <extensions>
          <gpxtpx:TrackPointExtension>
            <gpxtpx:Extensions>
              <highway>track</highway>
              <tracktype>grade3</tracktype>
              <surface>ground</surface>
              <mtb_scale>1</mtb_scale>
              <smoothness>very_bad</smoothness>
            </gpxtpx:Extensions>
          </gpxtpx:TrackPointExtension>
        </extensions>
      </trkpt>
      <trkpt lat="44.390451" lon="8.459213">
        <time>2024-06-15T08:35:24Z</time>
        <ele>329.25</ele>
        <extensions>
          <gpxtpx:TrackPointExtension>
            <gpxtpx:Extensions>
              <highway>track</highway>
              <tracktype>grade3</tracktype>
              <surface>ground</surface>
              <mtb_scale>1</mtb_scale>
              <smoothness>very_bad</smoothness>
            </gpxtpx:Extensions>
          </gpxtpx:TrackPointExtension>
        </extensions>
      </trkpt>
      <trkpt lat="44.390457" lon="8.459273">
        <time>2024-06-15T08:35:26Z</time>
        <ele>328.5</ele>
        <extensions>
          <gpxtpx:TrackPointExtension>
            <gpxtpx:Extensions>
              <highway>track</highway>
              <tracktype>grade3</tracktype>
              <surface>ground</surface>
              <mtb_scale>1</mtb_scale>
              <smoothness>very_bad</smoothness>
            </gpxtpx:Extensions>
          </gpxtpx:TrackPointExtension>
        </extensions>
      </trkpt>
      <trkpt lat="44.390484" lon="8.459435">
        <time>2024-06-15T08:35:32Z</time>
        <ele>326.5</ele>
        <extensions>
          <gpxtpx:TrackPointExtension>
            <gpxtpx:Extensions>
              <highway>track</highway>
              <tracktype>grade3</tracktype>
              <surface>ground</surface>
              <mtb_scale>1</mtb_scale>
              <smoothness>very_bad</smoothness>
            </gpxtpx:Extensions>
          </gpxtpx:TrackPointExtension>
        </extensions>
      </trkpt>
      <trkpt lat="44.390482" lon="8.45952">
        <time>2024-06-15T08:35:35Z</time>
        <ele>326.25</ele>
        <extensions>
          <gpxtpx:TrackPointExtension>
            <gpxtpx:Extensions>
              <highway>track</highway>
              <tracktype>grade3</tracktype>
              <surface>ground</surface>
              <mtb_scale>1</mtb_scale>
              <smoothness>very_bad</smoothness>
            </gpxtpx:Extensions>
          </gpxtpx:TrackPointExtension>
        </extensions>
      </trkpt>
      <trkpt lat="44.390468" lon="8.459673">
        <time>2024-06-15T08:35:40Z</time>
        <ele>326</ele>
        <extensions>
          <gpxtpx:TrackPointExtension>
            <gpxtpx:Extensions>
              <highway>track</highway>
              <tracktype>grade3</tracktype>
              <surface>ground</surface>
              <mtb_scale>1</mtb_scale>
              <smoothness>very_bad</smoothness>
            </gpxtpx:Extensions>
          </gpxtpx:TrackPointExtension>
        </extensions>
      </trkpt>
      <trkpt lat="44.390423" lon="8.459813">
        <time>2024-06-15T08:35:45Z</time>
        <ele>327.25</ele>
        <extensions>
          <gpxtpx:TrackPointExtension>
            <gpxtpx:Extensions>
              <highway>track</highway>
              <tracktype>grade3</tracktype>
              <surface>ground</surface>
              <mtb_scale>1</mtb_scale>
              <smoothness>very_bad</smoothness>
            </gpxtpx:Extensions>
          </gpxtpx:TrackPointExtension>
        </extensions>
      </trkpt>
      <trkpt lat="44.390388" lon="8.459868">
        <time>2024-06-15T08:35:48Z</time>
        <ele>328.25</ele>
        <extensions>
          <gpxtpx:TrackPointExtension>
            <gpxtpx:Extensions>
              <highway>track</highway>
              <tracktype>grade3</tracktype>
              <surface>ground</surface>
              <mtb_scale>1</mtb_scale>
              <smoothness>very_bad</smoothness>
            </gpxtpx:Extensions>
          </gpxtpx:TrackPointExtension>
        </extensions>
      </trkpt>
      <trkpt lat="44.39027" lon="8.460008">
        <time>2024-06-15T08:35:55Z</time>
        <ele>332.5</ele>
        <extensions>
          <gpxtpx:TrackPointExtension>
            <gpxtpx:Extensions>
              <highway>track</highway>
              <tracktype>grade3</tracktype>
              <surface>ground</surface>
              <mtb_scale>1</mtb_scale>
              <smoothness>very_bad</smoothness>
            </gpxtpx:Extensions>
          </gpxtpx:TrackPointExtension>
        </extensions>
      </trkpt>
      <trkpt lat="44.390186" lon="8.460051">
        <time>2024-06-15T08:36:00Z</time>
        <ele>335.75</ele>
        <extensions>
          <gpxtpx:TrackPointExtension>
            <gpxtpx:Extensions>
              <highway>track</highway>
              <tracktype>grade3</tracktype>
              <surface>ground</surface>
              <mtb_scale>1</mtb_scale>
              <smoothness>very_bad</smoothness>
            </gpxtpx:Extensions>
          </gpxtpx:TrackPointExtension>
        </extensions>
      </trkpt>
      <trkpt lat="44.390094" lon="8.460073">
        <time>2024-06-15T08:36:04Z</time>
        <ele>339.25</ele>
        <extensions>
          <gpxtpx:TrackPointExtension>
            <gpxtpx:Extensions>
              <highway>track</highway>
              <tracktype>grade3</tracktype>
              <surface>ground</surface>
              <mtb_scale>1</mtb_scale>
              <smoothness>very_bad</smoothness>
            </gpxtpx:Extensions>
          </gpxtpx:TrackPointExtension>
        </extensions>
      </trkpt>
      <trkpt lat="44.389951" lon="8.460064">
        <time>2024-06-15T08:36:12Z</time>
        <ele>344.75</ele>
        <extensions>
          <gpxtpx:TrackPointExtension>
            <gpxtpx:Extensions>
              <highway>track</highway>
              <tracktype>grade3</tracktype>
              <surface>ground</surface>
              <mtb_scale>1</mtb_scale>
              <smoothness>very_bad</smoothness>
            </gpxtpx:Extensions>
          </gpxtpx:TrackPointExtension>
        </extensions>
      </trkpt>
      <trkpt lat="44.389807" lon="8.460049">
        <time>2024-06-15T08:36:19Z</time>
        <ele>348.75</ele>
        <extensions>
          <gpxtpx:TrackPointExtension>
            <gpxtpx:Extensions>
              <highway>track</highway>
              <tracktype>grade3</tracktype>
              <surface>ground</surface>
              <mtb_scale>1</mtb_scale>
              <smoothness>very_bad</smoothness>
            </gpxtpx:Extensions>
          </gpxtpx:TrackPointExtension>
        </extensions>
      </trkpt>
      <trkpt lat="44.389521" lon="8.459985">
        <time>2024-06-15T08:36:33Z</time>
        <ele>357.25</ele>
        <extensions>
          <gpxtpx:TrackPointExtension>
            <gpxtpx:Extensions>
              <highway>track</highway>
              <tracktype>grade3</tracktype>
              <surface>ground</surface>
              <mtb_scale>1</mtb_scale>
              <smoothness>very_bad</smoothness>
            </gpxtpx:Extensions>
          </gpxtpx:TrackPointExtension>
        </extensions>
      </trkpt>
      <trkpt lat="44.389464" lon="8.45998">
        <time>2024-06-15T08:36:36Z</time>
        <ele>358.75</ele>
        <extensions>
          <gpxtpx:TrackPointExtension>
            <gpxtpx:Extensions>
              <highway>track</highway>
              <tracktype>grade3</tracktype>
              <surface>ground</surface>
              <mtb_scale>1</mtb_scale>
              <smoothness>very_bad</smoothness>
            </gpxtpx:Extensions>
          </gpxtpx:TrackPointExtension>
        </extensions>
      </trkpt>
      <trkpt lat="44.389398" lon="8.460043">
        <time>2024-06-15T08:36:40Z</time>
        <ele>360.25</ele>
        <extensions>
          <gpxtpx:TrackPointExtension>
            <gpxtpx:Extensions>
              <highway>track</highway>
              <tracktype>grade3</tracktype>
              <surface>ground</surface>
              <mtb_scale>1</mtb_scale>
              <smoothness>very_bad</smoothness>
            </gpxtpx:Extensions>
          </gpxtpx:TrackPointExtension>
        </extensions>
      </trkpt>
      <trkpt lat="44.389392" lon="8.460084">
        <time>2024-06-15T08:36:41Z</time>
        <ele>360.25</ele>
        <extensions>
          <gpxtpx:TrackPointExtension>
            <gpxtpx:Extensions>
              <highway>track</highway>
              <tracktype>grade3</tracktype>
              <surface>ground</surface>
              <mtb_scale>1</mtb_scale>
              <smoothness>very_bad</smoothness>
            </gpxtpx:Extensions>
          </gpxtpx:TrackPointExtension>
        </extensions>
      </trkpt>
      <trkpt lat="44.389414" lon="8.460165">
        <time>2024-06-15T08:36:44Z</time>
        <ele>359.25</ele>
        <extensions>
          <gpxtpx:TrackPointExtension>
            <gpxtpx:Extensions>
              <highway>track</highway>
              <tracktype>grade3</tracktype>
              <surface>ground</surface>
              <mtb_scale>1</mtb_scale>
              <smoothness>very_bad</smoothness>
            </gpxtpx:Extensions>
          </gpxtpx:TrackPointExtension>
        </extensions>
      </trkpt>
      <trkpt lat="44.38945" lon="8.460232">
        <time>2024-06-15T08:36:47Z</time>
        <ele>357.75</ele>
        <extensions>
          <gpxtpx:TrackPointExtension>
            <gpxtpx:Extensions>
              <highway>track</highway>
              <tracktype>grade3</tracktype>
              <surface>ground</surface>
              <mtb_scale>1</mtb_scale>
              <smoothness>very_bad</smoothness>
            </gpxtpx:Extensions>
          </gpxtpx:TrackPointExtension>
        </extensions>
      </trkpt>
      <trkpt lat="44.389504" lon="8.460393">
        <time>2024-06-15T08:36:53Z</time>
        <ele>355.25</ele>
        <extensions>
          <gpxtpx:TrackPointExtension>
            <gpxtpx:Extensions>
              <highway>track</highway>
              <tracktype>grade3</tracktype>
              <surface>ground</surface>
              <mtb_scale>1</mtb_scale>
              <smoothness>very_bad</smoothness>
            </gpxtpx:Extensions>
          </gpxtpx:TrackPointExtension>
        </extensions>
      </trkpt>
      <trkpt lat="44.389517" lon="8.460543">
        <time>2024-06-15T08:36:58Z</time>
        <ele>354</ele>
        <extensions>
          <gpxtpx:TrackPointExtension>
            <gpxtpx:Extensions>
              <highway>track</highway>
              <tracktype>grade3</tracktype>
              <surface>ground</surface>
              <mtb_scale>1</mtb_scale>
              <smoothness>very_bad</smoothness>
            </gpxtpx:Extensions>
          </gpxtpx:TrackPointExtension>
        </extensions>
      </trkpt>
      <trkpt lat="44.389478" lon="8.4607">
        <time>2024-06-15T08:37:04Z</time>
        <ele>354.25</ele>
        <extensions>
          <gpxtpx:TrackPointExtension>
            <gpxtpx:Extensions>
              <highway>track</highway>
              <tracktype>grade3</tracktype>
              <surface>ground</surface>
              <mtb_scale>1</mtb_scale>
              <smoothness>very_bad</smoothness>
            </gpxtpx:Extensions>
          </gpxtpx:TrackPointExtension>
        </extensions>
      </trkpt>
      <trkpt lat="44.389399" lon="8.460933">
        <time>2024-06-15T08:37:13Z</time>
        <ele>356</ele>
        <extensions>
          <gpxtpx:TrackPointExtension>
            <gpxtpx:Extensions>
              <highway>track</highway>
              <tracktype>grade3</tracktype>
              <surface>ground</surface>
              <mtb_scale>1</mtb_scale>
              <smoothness>very_bad</smoothness>
            </gpxtpx:Extensions>
          </gpxtpx:TrackPointExtension>
        </extensions>
      </trkpt>
      <trkpt lat="44.389378" lon="8.461011">
        <time>2024-06-15T08:37:16Z</time>
        <ele>356.75</ele>
        <extensions>
          <gpxtpx:TrackPointExtension>
            <gpxtpx:Extensions>
              <highway>track</highway>
              <tracktype>grade3</tracktype>
              <surface>ground</surface>
              <mtb_scale>1</mtb_scale>
              <smoothness>very_bad</smoothness>
            </gpxtpx:Extensions>
          </gpxtpx:TrackPointExtension>
        </extensions>
      </trkpt>
      <trkpt lat="44.389353" lon="8.461047">
        <time>2024-06-15T08:37:17Z</time>
        <ele>357.5</ele>
        <extensions>
          <gpxtpx:TrackPointExtension>
            <gpxtpx:Extensions>
              <highway>track</highway>
              <tracktype>grade3</tracktype>
              <surface>ground</surface>
              <mtb_scale>1</mtb_scale>
              <smoothness>very_bad</smoothness>
            </gpxtpx:Extensions>
          </gpxtpx:TrackPointExtension>
        </extensions>
      </trkpt>
      <trkpt lat="44.38923" lon="8.461289">
        <time>2024-06-15T08:37:28Z</time>
        <ele>361.25</ele>
        <extensions>
          <gpxtpx:TrackPointExtension>
            <gpxtpx:Extensions>
              <highway>track</highway>
              <tracktype>grade3</tracktype>
              <surface>ground</surface>
              <mtb_scale>1</mtb_scale>
              <smoothness>very_bad</smoothness>
            </gpxtpx:Extensions>
          </gpxtpx:TrackPointExtension>
        </extensions>
      </trkpt>
      <trkpt lat="44.389195" lon="8.461333">
        <time>2024-06-15T08:37:30Z</time>
        <ele>362.5</ele>
        <extensions>
          <gpxtpx:TrackPointExtension>
            <gpxtpx:Extensions>
              <highway>track</highway>
              <tracktype>grade3</tracktype>
              <surface>ground</surface>
              <mtb_scale>1</mtb_scale>
              <smoothness>very_bad</smoothness>
            </gpxtpx:Extensions>
          </gpxtpx:TrackPointExtension>
        </extensions>
      </trkpt>
      <trkpt lat="44.389147" lon="8.461351">
        <time>2024-06-15T08:37:32Z</time>
        <ele>364</ele>
        <extensions>
          <gpxtpx:TrackPointExtension>
            <gpxtpx:Extensions>
              <highway>track</highway>
              <tracktype>grade3</tracktype>
              <surface>ground</surface>
              <mtb_scale>1</mtb_scale>
              <smoothness>very_bad</smoothness>
            </gpxtpx:Extensions>
          </gpxtpx:TrackPointExtension>
        </extensions>
      </trkpt>
      <trkpt lat="44.38909" lon="8.461352">
        <time>2024-06-15T08:37:35Z</time>
        <ele>366.25</ele>
        <extensions>
          <gpxtpx:TrackPointExtension>
            <gpxtpx:Extensions>
              <highway>track</highway>
              <tracktype>grade3</tracktype>
              <surface>ground</surface>
              <mtb_scale>1</mtb_scale>
              <smoothness>very_bad</smoothness>
            </gpxtpx:Extensions>
          </gpxtpx:TrackPointExtension>
        </extensions>
      </trkpt>
      <trkpt lat="44.389046" lon="8.461342">
        <time>2024-06-15T08:37:37Z</time>
        <ele>368</ele>
        <extensions>
          <gpxtpx:TrackPointExtension>
            <gpxtpx:Extensions>
              <highway>track</highway>
              <tracktype>grade3</tracktype>
              <surface>ground</surface>
              <mtb_scale>1</mtb_scale>
              <smoothness>very_bad</smoothness>
            </gpxtpx:Extensions>
          </gpxtpx:TrackPointExtension>
        </extensions>
      </trkpt>
      <trkpt lat="44.389038" lon="8.461315">
        <time>2024-06-15T08:37:38Z</time>
        <ele>368.25</ele>
        <extensions>
          <gpxtpx:TrackPointExtension>
            <gpxtpx:Extensions>
              <highway>track</highway>
              <tracktype>grade3</tracktype>
              <surface>ground</surface>
              <mtb_scale>1</mtb_scale>
              <smoothness>very_bad</smoothness>
            </gpxtpx:Extensions>
          </gpxtpx:TrackPointExtension>
        </extensions>
      </trkpt>
      <trkpt lat="44.389054" lon="8.461256">
        <time>2024-06-15T08:37:41Z</time>
        <ele>367.75</ele>
        <extensions>
          <gpxtpx:TrackPointExtension>
            <gpxtpx:Extensions>
              <highway>track</highway>
              <tracktype>grade3</tracktype>
              <surface>ground</surface>
              <mtb_scale>1</mtb_scale>
              <smoothness>very_bad</smoothness>
            </gpxtpx:Extensions>
          </gpxtpx:TrackPointExtension>
        </extensions>
      </trkpt>
      <trkpt lat="44.389095" lon="8.461156">
        <time>2024-06-15T08:37:45Z</time>
        <ele>366.25</ele>
        <extensions>
          <gpxtpx:TrackPointExtension>
            <gpxtpx:Extensions>
              <highway>track</highway>
              <tracktype>grade3</tracktype>
              <surface>ground</surface>
              <mtb_scale>1</mtb_scale>
              <smoothness>very_bad</smoothness>
            </gpxtpx:Extensions>
          </gpxtpx:TrackPointExtension>
        </extensions>
      </trkpt>
      <trkpt lat="44.389134" lon="8.461009">
        <time>2024-06-15T08:37:50Z</time>
        <ele>365</ele>
        <extensions>
          <gpxtpx:TrackPointExtension>
            <gpxtpx:Extensions>
              <highway>track</highway>
              <tracktype>grade3</tracktype>
              <surface>ground</surface>
              <mtb_scale>1</mtb_scale>
              <smoothness>very_bad</smoothness>
            </gpxtpx:Extensions>
          </gpxtpx:TrackPointExtension>
        </extensions>
      </trkpt>
      <trkpt lat="44.389139" lon="8.46081">
        <time>2024-06-15T08:37:57Z</time>
        <ele>365.25</ele>
        <extensions>
          <gpxtpx:TrackPointExtension>
            <gpxtpx:Extensions>
              <highway>track</highway>
              <tracktype>grade3</tracktype>
              <surface>ground</surface>
              <mtb_scale>1</mtb_scale>
              <smoothness>very_bad</smoothness>
            </gpxtpx:Extensions>
          </gpxtpx:TrackPointExtension>
        </extensions>
      </trkpt>
      <trkpt lat="44.389137" lon="8.4604">
        <time>2024-06-15T08:38:11Z</time>
        <ele>366.75</ele>
        <extensions>
          <gpxtpx:TrackPointExtension>
            <gpxtpx:Extensions>
              <highway>track</highway>
              <tracktype>grade3</tracktype>
              <surface>ground</surface>
              <mtb_scale>1</mtb_scale>
              <smoothness>very_bad</smoothness>
            </gpxtpx:Extensions>
          </gpxtpx:TrackPointExtension>
        </extensions>
      </trkpt>
      <trkpt lat="44.38913" lon="8.460337">
        <time>2024-06-15T08:38:13Z</time>
        <ele>367.25</ele>
        <extensions>
          <gpxtpx:TrackPointExtension>
            <gpxtpx:Extensions>
              <highway>track</highway>
              <tracktype>grade3</tracktype>
              <surface>ground</surface>
              <mtb_scale>1</mtb_scale>
              <smoothness>very_bad</smoothness>
            </gpxtpx:Extensions>
          </gpxtpx:TrackPointExtension>
        </extensions>
      </trkpt>
      <trkpt lat="44.389116" lon="8.460292">
        <time>2024-06-15T08:38:15Z</time>
        <ele>368</ele>
        <extensions>
          <gpxtpx:TrackPointExtension>
            <gpxtpx:Extensions>
              <highway>track</highway>
              <tracktype>grade3</tracktype>
              <surface>ground</surface>
              <mtb_scale>1</mtb_scale>
              <smoothness>very_bad</smoothness>
            </gpxtpx:Extensions>
          </gpxtpx:TrackPointExtension>
        </extensions>
      </trkpt>
      <trkpt lat="44.389046" lon="8.460173">
        <time>2024-06-15T08:38:20Z</time>
        <ele>371.5</ele>
        <extensions>
          <gpxtpx:TrackPointExtension>
            <gpxtpx:Extensions>
              <highway>track</highway>
              <tracktype>grade3</tracktype>
              <surface>ground</surface>
              <mtb_scale>1</mtb_scale>
              <smoothness>very_bad</smoothness>
            </gpxtpx:Extensions>
          </gpxtpx:TrackPointExtension>
        </extensions>
      </trkpt>
      <trkpt lat="44.388931" lon="8.460051">
        <time>2024-06-15T08:38:27Z</time>
        <ele>376.75</ele>
        <extensions>
          <gpxtpx:TrackPointExtension>
            <gpxtpx:Extensions>
              <highway>track</highway>
              <tracktype>grade3</tracktype>
              <surface>ground</surface>
              <mtb_scale>1</mtb_scale>
              <smoothness>very_bad</smoothness>
            </gpxtpx:Extensions>
          </gpxtpx:TrackPointExtension>
        </extensions>
      </trkpt>
      <trkpt lat="44.388915" lon="8.46001">
        <time>2024-06-15T08:38:29Z</time>
        <ele>377.75</ele>
        <extensions>
          <gpxtpx:TrackPointExtension>
            <gpxtpx:Extensions>
              <highway>track</highway>
              <tracktype>grade3</tracktype>
              <surface>ground</surface>
              <mtb_scale>1</mtb_scale>
              <smoothness>very_bad</smoothness>
            </gpxtpx:Extensions>
          </gpxtpx:TrackPointExtension>
        </extensions>
      </trkpt>
      <trkpt lat="44.388917" lon="8.45994">
        <time>2024-06-15T08:38:31Z</time>
        <ele>378.25</ele>
        <extensions>
          <gpxtpx:TrackPointExtension>
            <gpxtpx:Extensions>
              <highway>track</highway>
              <tracktype>grade3</tracktype>
              <surface>ground</surface>
              <mtb_scale>1</mtb_scale>
              <smoothness>very_bad</smoothness>
            </gpxtpx:Extensions>
          </gpxtpx:TrackPointExtension>
        </extensions>
      </trkpt>
      <trkpt lat="44.389001" lon="8.459811">
        <time>2024-06-15T08:38:37Z</time>
        <ele>376</ele>
        <extensions>
          <gpxtpx:TrackPointExtension>
            <gpxtpx:Extensions>
              <highway>track</highway>
              <tracktype>grade3</tracktype>
              <surface>ground</surface>
              <mtb_scale>1</mtb_scale>
              <smoothness>very_bad</smoothness>
            </gpxtpx:Extensions>
          </gpxtpx:TrackPointExtension>
        </extensions>
      </trkpt>
      <trkpt lat="44.3891" lon="8.459698">
        <time>2024-06-15T08:38:44Z</time>
        <ele>373</ele>
        <extensions>
          <gpxtpx:TrackPointExtension>
            <gpxtpx:Extensions>
              <highway>track</highway>
              <tracktype>grade3</tracktype>
              <surface>ground</surface>
              <mtb_scale>1</mtb_scale>
              <smoothness>very_bad</smoothness>
            </gpxtpx:Extensions>
          </gpxtpx:TrackPointExtension>
        </extensions>
      </trkpt>
      <trkpt lat="44.389208" lon="8.459422">
        <time>2024-06-15T08:38:54Z</time>
        <ele>371.75</ele>
        <extensions>
          <gpxtpx:TrackPointExtension>
            <gpxtpx:Extensions>
              <highway>track</highway>
              <tracktype>grade3</tracktype>
              <surface>ground</surface>
              <mtb_scale>1</mtb_scale>
              <smoothness>very_bad</smoothness>
            </gpxtpx:Extensions>
          </gpxtpx:TrackPointExtension>
        </extensions>
      </trkpt>
      <trkpt lat="44.389238" lon="8.459245">
        <time>2024-06-15T08:39:01Z</time>
        <ele>372.75</ele>
        <extensions>
          <gpxtpx:TrackPointExtension>
            <gpxtpx:Extensions>
              <highway>track</highway>
              <tracktype>grade3</tracktype>
              <surface>ground</surface>
              <mtb_scale>1</mtb_scale>
              <smoothness>very_bad</smoothness>
            </gpxtpx:Extensions>
          </gpxtpx:TrackPointExtension>
        </extensions>
      </trkpt>
      <trkpt lat="44.389191" lon="8.459055">
        <time>2024-06-15T08:39:08Z</time>
        <ele>375.75</ele>
        <extensions>
          <gpxtpx:TrackPointExtension>
            <gpxtpx:Extensions>
              <highway>track</highway>
              <tracktype>grade3</tracktype>
              <surface>ground</surface>
              <mtb_scale>1</mtb_scale>
              <smoothness>very_bad</smoothness>
            </gpxtpx:Extensions>
          </gpxtpx:TrackPointExtension>
        </extensions>
      </trkpt>
      <trkpt lat="44.389152" lon="8.458847">
        <time>2024-06-15T08:39:15Z</time>
        <ele>378.5</ele>
        <extensions>
          <gpxtpx:TrackPointExtension>
            <gpxtpx:Extensions>
              <highway>track</highway>
              <tracktype>grade3</tracktype>
              <surface>ground</surface>
              <mtb_scale>1</mtb_scale>
              <smoothness>very_bad</smoothness>
            </gpxtpx:Extensions>
          </gpxtpx:TrackPointExtension>
        </extensions>
      </trkpt>
      <trkpt lat="44.389136" lon="8.458545">
        <time>2024-06-15T08:39:25Z</time>
        <ele>380.75</ele>
        <extensions>
          <gpxtpx:TrackPointExtension>
            <gpxtpx:Extensions>
              <highway>track</highway>
              <tracktype>grade3</tracktype>
              <surface>ground</surface>
              <mtb_scale>1</mtb_scale>
              <smoothness>very_bad</smoothness>
            </gpxtpx:Extensions>
          </gpxtpx:TrackPointExtension>
        </extensions>
      </trkpt>
      <trkpt lat="44.389145" lon="8.458424">
        <time>2024-06-15T08:39:29Z</time>
        <ele>381.25</ele>
        <extensions>
          <gpxtpx:TrackPointExtension>
            <gpxtpx:Extensions>
              <highway>track</highway>
              <tracktype>grade3</tracktype>
              <surface>ground</surface>
              <mtb_scale>1</mtb_scale>
              <smoothness>very_bad</smoothness>
            </gpxtpx:Extensions>
          </gpxtpx:TrackPointExtension>
        </extensions>
      </trkpt>
      <trkpt lat="44.389171" lon="8.458306">
        <time>2024-06-15T08:39:34Z</time>
        <ele>381</ele>
        <extensions>
          <gpxtpx:TrackPointExtension>
            <gpxtpx:Extensions>
              <highway>track</highway>
              <tracktype>grade3</tracktype>
              <surface>ground</surface>
              <mtb_scale>1</mtb_scale>
              <smoothness>very_bad</smoothness>
            </gpxtpx:Extensions>
          </gpxtpx:TrackPointExtension>
        </extensions>
      </trkpt>
      <trkpt lat="44.389183" lon="8.4582">
        <time>2024-06-15T08:39:37Z</time>
        <ele>381.5</ele>
        <extensions>
          <gpxtpx:TrackPointExtension>
            <gpxtpx:Extensions>
              <highway>track</highway>
              <tracktype>grade3</tracktype>
              <surface>ground</surface>
              <mtb_scale>1</mtb_scale>
              <smoothness>very_bad</smoothness>
            </gpxtpx:Extensions>
          </gpxtpx:TrackPointExtension>
        </extensions>
      </trkpt>
      <trkpt lat="44.389174" lon="8.458013">
        <time>2024-06-15T08:39:44Z</time>
        <ele>383.25</ele>
        <extensions>
          <gpxtpx:TrackPointExtension>
            <gpxtpx:Extensions>
              <highway>track</highway>
              <tracktype>grade3</tracktype>
              <surface>ground</surface>
              <mtb_scale>1</mtb_scale>
              <smoothness>very_bad</smoothness>
            </gpxtpx:Extensions>
          </gpxtpx:TrackPointExtension>
        </extensions>
      </trkpt>
      <trkpt lat="44.389079" lon="8.457758">
        <time>2024-06-15T08:39:54Z</time>
        <ele>388.75</ele>
        <extensions>
          <gpxtpx:TrackPointExtension>
            <gpxtpx:Extensions>
              <highway>track</highway>
              <tracktype>grade3</tracktype>
              <surface>ground</surface>
              <mtb_scale>1</mtb_scale>
              <smoothness>very_bad</smoothness>
            </gpxtpx:Extensions>
          </gpxtpx:TrackPointExtension>
        </extensions>
      </trkpt>
      <trkpt lat="44.38904" lon="8.457497">
        <time>2024-06-15T08:40:03Z</time>
        <ele>392.25</ele>
        <extensions>
          <gpxtpx:TrackPointExtension>
            <gpxtpx:Extensions>
              <highway>track</highway>
              <tracktype>grade3</tracktype>
              <surface>ground</surface>
              <mtb_scale>1</mtb_scale>
              <smoothness>very_bad</smoothness>
            </gpxtpx:Extensions>
          </gpxtpx:TrackPointExtension>
        </extensions>
      </trkpt>
      <trkpt lat="44.38905" lon="8.457293">
        <time>2024-06-15T08:40:10Z</time>
        <ele>393.25</ele>
        <extensions>
          <gpxtpx:TrackPointExtension>
            <gpxtpx:Extensions>
              <highway>track</highway>
              <tracktype>grade3</tracktype>
              <surface>ground</surface>
              <mtb_scale>1</mtb_scale>
              <smoothness>very_bad</smoothness>
            </gpxtpx:Extensions>
          </gpxtpx:TrackPointExtension>
        </extensions>
      </trkpt>
      <trkpt lat="44.389056" lon="8.456931">
        <time>2024-06-15T08:40:22Z</time>
        <ele>396</ele>
        <extensions>
          <gpxtpx:TrackPointExtension>
            <gpxtpx:Extensions>
              <highway>track</highway>
              <tracktype>grade3</tracktype>
              <surface>ground</surface>
              <mtb_scale>1</mtb_scale>
              <smoothness>very_bad</smoothness>
            </gpxtpx:Extensions>
          </gpxtpx:TrackPointExtension>
        </extensions>
      </trkpt>
      <trkpt lat="44.389017" lon="8.456841">
        <time>2024-06-15T08:40:26Z</time>
        <ele>397.75</ele>
        <extensions>
          <gpxtpx:TrackPointExtension>
            <gpxtpx:Extensions>
              <highway>track</highway>
              <tracktype>grade3</tracktype>
              <surface>ground</surface>
              <mtb_scale>1</mtb_scale>
              <smoothness>very_bad</smoothness>
            </gpxtpx:Extensions>
          </gpxtpx:TrackPointExtension>
        </extensions>
      </trkpt>
      <trkpt lat="44.3889" lon="8.456783">
        <time>2024-06-15T08:40:32Z</time>
        <ele>401.5</ele>
        <extensions>
          <gpxtpx:TrackPointExtension>
            <gpxtpx:Extensions>
              <highway>track</highway>
              <tracktype>grade3</tracktype>
              <surface>ground</surface>
              <mtb_scale>1</mtb_scale>
              <smoothness>very_bad</smoothness>
            </gpxtpx:Extensions>
          </gpxtpx:TrackPointExtension>
        </extensions>
      </trkpt>
      <trkpt lat="44.388777" lon="8.456663">
        <time>2024-06-15T08:40:40Z</time>
        <ele>405.75</ele>
        <extensions>
          <gpxtpx:TrackPointExtension>
            <gpxtpx:Extensions>
              <highway>track</highway>
              <tracktype>grade3</tracktype>
              <surface>ground</surface>
              <mtb_scale>1</mtb_scale>
              <smoothness>very_bad</smoothness>
            </gpxtpx:Extensions>
          </gpxtpx:TrackPointExtension>
        </extensions>
      </trkpt>
      <trkpt lat="44.388598" lon="8.456609">
        <time>2024-06-15T08:40:49Z</time>
        <ele>411.5</ele>
        <extensions>
          <gpxtpx:TrackPointExtension>
            <gpxtpx:Extensions>
              <highway>track</highway>
              <tracktype>grade3</tracktype>
              <surface>ground</surface>
              <mtb_scale>1</mtb_scale>
              <smoothness>very_bad</smoothness>
            </gpxtpx:Extensions>
          </gpxtpx:TrackPointExtension>
        </extensions>
      </trkpt>
      <trkpt lat="44.38857" lon="8.456285">
        <time>2024-06-15T08:41:00Z</time>
        <ele>417.75</ele>
        <extensions>
          <gpxtpx:TrackPointExtension>
            <gpxtpx:Extensions>
              <highway>track</highway>
              <tracktype>grade3</tracktype>
              <surface>ground</surface>
              <mtb_scale>1</mtb_scale>
              <smoothness>very_bad</smoothness>
            </gpxtpx:Extensions>
          </gpxtpx:TrackPointExtension>
        </extensions>
      </trkpt>
      <trkpt lat="44.388584" lon="8.456124">
        <time>2024-06-15T08:41:06Z</time>
        <ele>420</ele>
        <extensions>
          <gpxtpx:TrackPointExtension>
            <gpxtpx:Extensions>
              <highway>track</highway>
              <tracktype>grade3</tracktype>
              <surface>ground</surface>
              <mtb_scale>1</mtb_scale>
              <smoothness>very_bad</smoothness>
            </gpxtpx:Extensions>
          </gpxtpx:TrackPointExtension>
        </extensions>
      </trkpt>
      <trkpt lat="44.388698" lon="8.455937">
        <time>2024-06-15T08:41:14Z</time>
        <ele>420.25</ele>
        <extensions>
          <gpxtpx:TrackPointExtension>
            <gpxtpx:Extensions>
              <highway>track</highway>
              <tracktype>grade3</tracktype>
              <surface>ground</surface>
              <mtb_scale>1</mtb_scale>
              <smoothness>very_bad</smoothness>
            </gpxtpx:Extensions>
          </gpxtpx:TrackPointExtension>
        </extensions>
      </trkpt>
      <trkpt lat="44.388839" lon="8.455759">
        <time>2024-06-15T08:41:23Z</time>
        <ele>420.25</ele>
        <extensions>
          <gpxtpx:TrackPointExtension>
            <gpxtpx:Extensions>
              <highway>track</highway>
              <tracktype>grade3</tracktype>
              <surface>ground</surface>
              <mtb_scale>1</mtb_scale>
              <smoothness>very_bad</smoothness>
            </gpxtpx:Extensions>
          </gpxtpx:TrackPointExtension>
        </extensions>
      </trkpt>
      <trkpt lat="44.388893" lon="8.455714">
        <time>2024-06-15T08:41:26Z</time>
        <ele>419.75</ele>
        <extensions>
          <gpxtpx:TrackPointExtension>
            <gpxtpx:Extensions>
              <highway>track</highway>
              <tracktype>grade3</tracktype>
              <surface>ground</surface>
              <mtb_scale>1</mtb_scale>
              <smoothness>very_bad</smoothness>
            </gpxtpx:Extensions>
          </gpxtpx:TrackPointExtension>
        </extensions>
      </trkpt>
      <trkpt lat="44.388916" lon="8.455637">
        <time>2024-06-15T08:41:29Z</time>
        <ele>420.75</ele>
        <extensions>
          <gpxtpx:TrackPointExtension>
            <gpxtpx:Extensions>
              <highway>track</highway>
              <tracktype>grade3</tracktype>
              <surface>ground</surface>
              <mtb_scale>1</mtb_scale>
              <smoothness>very_bad</smoothness>
            </gpxtpx:Extensions>
          </gpxtpx:TrackPointExtension>
        </extensions>
      </trkpt>
      <trkpt lat="44.388924" lon="8.455537">
        <time>2024-06-15T08:41:32Z</time>
        <ele>422.5</ele>
        <extensions>
          <gpxtpx:TrackPointExtension>
            <gpxtpx:Extensions>
              <highway>track</highway>
              <tracktype>grade3</tracktype>
              <surface>ground</surface>
              <mtb_scale>1</mtb_scale>
              <smoothness>very_bad</smoothness>
            </gpxtpx:Extensions>
          </gpxtpx:TrackPointExtension>
        </extensions>
      </trkpt>
      <trkpt lat="44.388945" lon="8.455429">
        <time>2024-06-15T08:41:36Z</time>
        <ele>424</ele>
        <extensions>
          <gpxtpx:TrackPointExtension>
            <gpxtpx:Extensions>
              <highway>track</highway>
              <tracktype>grade3</tracktype>
              <surface>ground</surface>
              <mtb_scale>1</mtb_scale>
              <smoothness>very_bad</smoothness>
            </gpxtpx:Extensions>
          </gpxtpx:TrackPointExtension>
        </extensions>
      </trkpt>
      <trkpt lat="44.389" lon="8.455319">
        <time>2024-06-15T08:41:41Z</time>
        <ele>424.75</ele>
        <extensions>
          <gpxtpx:TrackPointExtension>
            <gpxtpx:Extensions>
              <highway>track</highway>
              <tracktype>grade3</tracktype>
              <surface>ground</surface>
              <mtb_scale>1</mtb_scale>
              <smoothness>very_bad</smoothness>
            </gpxtpx:Extensions>
          </gpxtpx:TrackPointExtension>
        </extensions>
      </trkpt>
      <trkpt lat="44.389044" lon="8.455203">
        <time>2024-06-15T08:41:45Z</time>
        <ele>425.5</ele>
        <extensions>
          <gpxtpx:TrackPointExtension>
            <gpxtpx:Extensions>
              <highway>track</highway>
              <tracktype>grade3</tracktype>
              <surface>ground</surface>
              <mtb_scale>1</mtb_scale>
              <smoothness>very_bad</smoothness>
            </gpxtpx:Extensions>
          </gpxtpx:TrackPointExtension>
        </extensions>
      </trkpt>
      <trkpt lat="44.38908" lon="8.455081">
        <time>2024-06-15T08:41:50Z</time>
        <ele>427</ele>
        <extensions>
          <gpxtpx:TrackPointExtension>
            <gpxtpx:Extensions>
              <highway>track</highway>
              <tracktype>grade3</tracktype>
              <surface>ground</surface>
              <mtb_scale>1</mtb_scale>
              <smoothness>very_bad</smoothness>
            </gpxtpx:Extensions>
          </gpxtpx:TrackPointExtension>
        </extensions>
      </trkpt>
      <trkpt lat="44.389111" lon="8.454925">
        <time>2024-06-15T08:41:55Z</time>
        <ele>428.5</ele>
        <extensions>
          <gpxtpx:TrackPointExtension>
            <gpxtpx:Extensions>
              <highway>track</highway>
              <tracktype>grade3</tracktype>
              <surface>ground</surface>
              <mtb_scale>1</mtb_scale>
              <smoothness>very_bad</smoothness>
            </gpxtpx:Extensions>
          </gpxtpx:TrackPointExtension>
        </extensions>
      </trkpt>
      <trkpt lat="44.389098" lon="8.454815">
        <time>2024-06-15T08:41:59Z</time>
        <ele>430.5</ele>
        <extensions>
          <gpxtpx:TrackPointExtension>
            <gpxtpx:Extensions>
              <highway>track</highway>
              <tracktype>grade3</tracktype>
              <surface>ground</surface>
              <mtb_scale>1</mtb_scale>
              <smoothness>very_bad</smoothness>
            </gpxtpx:Extensions>
          </gpxtpx:TrackPointExtension>
        </extensions>
      </trkpt>
      <trkpt lat="44.389069" lon="8.454764">
        <time>2024-06-15T08:42:02Z</time>
        <ele>432</ele>
        <extensions>
          <gpxtpx:TrackPointExtension>
            <gpxtpx:Extensions>
              <highway>track</highway>
              <tracktype>grade3</tracktype>
              <surface>ground</surface>
              <mtb_scale>1</mtb_scale>
              <smoothness>very_bad</smoothness>
            </gpxtpx:Extensions>
          </gpxtpx:TrackPointExtension>
        </extensions>
      </trkpt>
      <trkpt lat="44.389011" lon="8.454725">
        <time>2024-06-15T08:42:05Z</time>
        <ele>434.25</ele>
        <extensions>
          <gpxtpx:TrackPointExtension>
            <gpxtpx:Extensions>
              <highway>track</highway>
              <tracktype>grade3</tracktype>
              <surface>ground</surface>
              <mtb_scale>1</mtb_scale>
              <smoothness>very_bad</smoothness>
            </gpxtpx:Extensions>
          </gpxtpx:TrackPointExtension>
        </extensions>
      </trkpt>
      <trkpt lat="44.388906" lon="8.454541">
        <time>2024-06-15T08:42:13Z</time>
        <ele>440</ele>
        <extensions>
          <gpxtpx:TrackPointExtension>
            <gpxtpx:Extensions>
              <highway>track</highway>
              <tracktype>grade3</tracktype>
              <surface>ground</surface>
              <mtb_scale>1</mtb_scale>
              <smoothness>very_bad</smoothness>
            </gpxtpx:Extensions>
          </gpxtpx:TrackPointExtension>
        </extensions>
      </trkpt>
      <trkpt lat="44.388829" lon="8.454426">
        <time>2024-06-15T08:42:19Z</time>
        <ele>443.75</ele>
        <extensions>
          <gpxtpx:TrackPointExtension>
            <gpxtpx:Extensions>
              <highway>track</highway>
              <tracktype>grade3</tracktype>
              <surface>ground</surface>
              <mtb_scale>1</mtb_scale>
              <smoothness>very_bad</smoothness>
            </gpxtpx:Extensions>
          </gpxtpx:TrackPointExtension>
        </extensions>
      </trkpt>
      <trkpt lat="44.388771" lon="8.454309">
        <time>2024-06-15T08:42:24Z</time>
        <ele>447.25</ele>
        <extensions>
          <gpxtpx:TrackPointExtension>
            <gpxtpx:Extensions>
              <highway>track</highway>
              <tracktype>grade3</tracktype>
              <surface>ground</surface>
              <mtb_scale>1</mtb_scale>
              <smoothness>very_bad</smoothness>
            </gpxtpx:Extensions>
          </gpxtpx:TrackPointExtension>
        </extensions>
      </trkpt>
      <trkpt lat="44.388632" lon="8.454137">
        <time>2024-06-15T08:42:33Z</time>
        <ele>453.75</ele>
        <extensions>
          <gpxtpx:TrackPointExtension>
            <gpxtpx:Extensions>
              <highway>track</highway>
              <tracktype>grade3</tracktype>
              <surface>ground</surface>
              <mtb_scale>1</mtb_scale>
              <smoothness>very_bad</smoothness>
            </gpxtpx:Extensions>
          </gpxtpx:TrackPointExtension>
        </extensions>
      </trkpt>
      <trkpt lat="44.388565" lon="8.454022">
        <time>2024-06-15T08:42:39Z</time>
        <ele>457.25</ele>
        <extensions>
          <gpxtpx:TrackPointExtension>
            <gpxtpx:Extensions>
              <highway>track</highway>
              <tracktype>grade3</tracktype>
              <surface>ground</surface>
              <mtb_scale>1</mtb_scale>
              <smoothness>very_bad</smoothness>
            </gpxtpx:Extensions>
          </gpxtpx:TrackPointExtension>
        </extensions>
      </trkpt>
      <trkpt lat="44.38852" lon="8.453883">
        <time>2024-06-15T08:42:44Z</time>
        <ele>460.25</ele>
        <extensions>
          <gpxtpx:TrackPointExtension>
            <gpxtpx:Extensions>
              <highway>track</highway>
              <tracktype>grade3</tracktype>
              <surface>ground</surface>
              <mtb_scale>1</mtb_scale>
              <smoothness>very_bad</smoothness>
            </gpxtpx:Extensions>
          </gpxtpx:TrackPointExtension>
        </extensions>
      </trkpt>
      <trkpt lat="44.388484" lon="8.45382">
        <time>2024-06-15T08:42:47Z</time>
        <ele>462</ele>
        <extensions>
          <gpxtpx:TrackPointExtension>
            <gpxtpx:Extensions>
              <highway>track</highway>
              <tracktype>grade3</tracktype>
              <surface>ground</surface>
              <mtb_scale>1</mtb_scale>
              <smoothness>very_bad</smoothness>
            </gpxtpx:Extensions>
          </gpxtpx:TrackPointExtension>
        </extensions>
      </trkpt>
      <trkpt lat="44.388428" lon="8.453785">
        <time>2024-06-15T08:42:50Z</time>
        <ele>463.75</ele>
        <extensions>
          <gpxtpx:TrackPointExtension>
            <gpxtpx:Extensions>
              <highway>track</highway>
              <tracktype>grade3</tracktype>
              <surface>ground</surface>
              <mtb_scale>1</mtb_scale>
              <smoothness>very_bad</smoothness>
            </gpxtpx:Extensions>
          </gpxtpx:TrackPointExtension>
        </extensions>
      </trkpt>
      <trkpt lat="44.38823" lon="8.453755">
        <time>2024-06-15T08:42:59Z</time>
        <ele>467.75</ele>
        <extensions>
          <gpxtpx:TrackPointExtension>
            <gpxtpx:Extensions>
              <highway>track</highway>
              <tracktype>grade3</tracktype>
              <surface>ground</surface>
              <mtb_scale>1</mtb_scale>
              <smoothness>very_bad</smoothness>
            </gpxtpx:Extensions>
          </gpxtpx:TrackPointExtension>
        </extensions>
      </trkpt>
      <trkpt lat="44.387968" lon="8.453596">
        <time>2024-06-15T08:43:13Z</time>
        <ele>471.75</ele>
        <extensions>
          <gpxtpx:TrackPointExtension>
            <gpxtpx:Extensions>
              <highway>track</highway>
              <tracktype>grade3</tracktype>
              <surface>ground</surface>
              <mtb_scale>1</mtb_scale>
              <smoothness>very_bad</smoothness>
            </gpxtpx:Extensions>
          </gpxtpx:TrackPointExtension>
        </extensions>
      </trkpt>
      <trkpt lat="44.387841" lon="8.453543">
        <time>2024-06-15T08:43:19Z</time>
        <ele>473</ele>
        <extensions>
          <gpxtpx:TrackPointExtension>
            <gpxtpx:Extensions>
              <highway>track</highway>
              <tracktype>grade3</tracktype>
              <surface>ground</surface>
              <mtb_scale>1</mtb_scale>
              <smoothness>very_bad</smoothness>
            </gpxtpx:Extensions>
          </gpxtpx:TrackPointExtension>
        </extensions>
      </trkpt>
      <trkpt lat="44.387757" lon="8.453525">
        <time>2024-06-15T08:43:24Z</time>
        <ele>473.75</ele>
        <extensions>
          <gpxtpx:TrackPointExtension>
            <gpxtpx:Extensions>
              <highway>track</highway>
              <tracktype>grade3</tracktype>
              <surface>ground</surface>
              <mtb_scale>1</mtb_scale>
              <smoothness>very_bad</smoothness>
            </gpxtpx:Extensions>
          </gpxtpx:TrackPointExtension>
        </extensions>
      </trkpt>
      <trkpt lat="44.387623" lon="8.453467">
        <time>2024-06-15T08:43:30Z</time>
        <ele>474.75</ele>
        <extensions>
          <gpxtpx:TrackPointExtension>
            <gpxtpx:Extensions>
              <highway>track</highway>
              <tracktype>grade3</tracktype>
              <surface>ground</surface>
              <mtb_scale>1</mtb_scale>
              <smoothness>very_bad</smoothness>
            </gpxtpx:Extensions>
          </gpxtpx:TrackPointExtension>
        </extensions>
      </trkpt>
      <trkpt lat="44.387445" lon="8.453436">
        <time>2024-06-15T08:43:39Z</time>
        <ele>475.25</ele>
        <extensions>
          <gpxtpx:TrackPointExtension>
            <gpxtpx:Extensions>
              <highway>track</highway>
              <tracktype>grade3</tracktype>
              <surface>ground</surface>
              <mtb_scale>1</mtb_scale>
              <smoothness>very_bad</smoothness>
            </gpxtpx:Extensions>
          </gpxtpx:TrackPointExtension>
        </extensions>
      </trkpt>
      <trkpt lat="44.387304" lon="8.453396">
        <time>2024-06-15T08:43:46Z</time>
        <ele>474.5</ele>
        <extensions>
          <gpxtpx:TrackPointExtension>
            <gpxtpx:Extensions>
              <highway>track</highway>
              <tracktype>grade3</tracktype>
              <surface>ground</surface>
              <mtb_scale>1</mtb_scale>
              <smoothness>very_bad</smoothness>
            </gpxtpx:Extensions>
          </gpxtpx:TrackPointExtension>
        </extensions>
      </trkpt>
      <trkpt lat="44.387261" lon="8.453353">
        <time>2024-06-15T08:43:48Z</time>
        <ele>474</ele>
        <extensions>
          <gpxtpx:TrackPointExtension>
            <gpxtpx:Extensions>
              <highway>track</highway>
              <tracktype>grade3</tracktype>
              <surface>ground</surface>
              <mtb_scale>1</mtb_scale>
              <smoothness>very_bad</smoothness>
            </gpxtpx:Extensions>
          </gpxtpx:TrackPointExtension>
        </extensions>
      </trkpt>
      <trkpt lat="44.387241" lon="8.453311">
        <time>2024-06-15T08:43:50Z</time>
        <ele>473.5</ele>
        <extensions>
          <gpxtpx:TrackPointExtension>
            <gpxtpx:Extensions>
              <highway>track</highway>
              <tracktype>grade3</tracktype>
              <surface>ground</surface>
              <mtb_scale>1</mtb_scale>
              <smoothness>very_bad</smoothness>
            </gpxtpx:Extensions>
          </gpxtpx:TrackPointExtension>
        </extensions>
      </trkpt>
      <trkpt lat="44.387228" lon="8.453263">
        <time>2024-06-15T08:43:52Z</time>
        <ele>473.25</ele>
        <extensions>
          <gpxtpx:TrackPointExtension>
            <gpxtpx:Extensions>
              <highway>track</highway>
              <tracktype>grade3</tracktype>
              <surface>ground</surface>
              <mtb_scale>1</mtb_scale>
              <smoothness>very_bad</smoothness>
            </gpxtpx:Extensions>
          </gpxtpx:TrackPointExtension>
        </extensions>
      </trkpt>
      <trkpt lat="44.387233" lon="8.453117">
        <time>2024-06-15T08:43:57Z</time>
        <ele>472.5</ele>
        <extensions>
          <gpxtpx:TrackPointExtension>
            <gpxtpx:Extensions>
              <highway>track</highway>
              <tracktype>grade3</tracktype>
              <surface>ground</surface>
              <mtb_scale>1</mtb_scale>
              <smoothness>very_bad</smoothness>
            </gpxtpx:Extensions>
          </gpxtpx:TrackPointExtension>
        </extensions>
      </trkpt>
      <trkpt lat="44.387206" lon="8.452935">
        <time>2024-06-15T08:44:03Z</time>
        <ele>471</ele>
        <extensions>
          <gpxtpx:TrackPointExtension>
            <gpxtpx:Extensions>
              <highway>track</highway>
              <tracktype>grade3</tracktype>
              <surface>gravel</surface>
              <mtb_scale>0</mtb_scale>
            </gpxtpx:Extensions>
          </gpxtpx:TrackPointExtension>
        </extensions>
      </trkpt>
      <trkpt lat="44.387266" lon="8.452877">
        <time>2024-06-15T08:44:06Z</time>
        <ele>471.75</ele>
        <extensions>
          <gpxtpx:TrackPointExtension>
            <gpxtpx:Extensions>
              <highway>track</highway>
              <tracktype>grade3</tracktype>
              <surface>gravel</surface>
              <mtb_scale>0</mtb_scale>
            </gpxtpx:Extensions>
          </gpxtpx:TrackPointExtension>
        </extensions>
      </trkpt>
      <trkpt lat="44.387374" lon="8.452765">
        <time>2024-06-15T08:44:13Z</time>
        <ele>474</ele>
        <extensions>
          <gpxtpx:TrackPointExtension>
            <gpxtpx:Extensions>
              <highway>track</highway>
              <tracktype>grade3</tracktype>
              <surface>gravel</surface>
              <mtb_scale>0</mtb_scale>
            </gpxtpx:Extensions>
          </gpxtpx:TrackPointExtension>
        </extensions>
      </trkpt>
      <trkpt lat="44.387517" lon="8.452576">
        <time>2024-06-15T08:44:22Z</time>
        <ele>477.75</ele>
        <extensions>
          <gpxtpx:TrackPointExtension>
            <gpxtpx:Extensions>
              <highway>track</highway>
              <tracktype>grade3</tracktype>
              <surface>gravel</surface>
              <mtb_scale>0</mtb_scale>
            </gpxtpx:Extensions>
          </gpxtpx:TrackPointExtension>
        </extensions>
      </trkpt>
      <trkpt lat="44.387601" lon="8.452389">
        <time>2024-06-15T08:44:30Z</time>
        <ele>480</ele>
        <extensions>
          <gpxtpx:TrackPointExtension>
            <gpxtpx:Extensions>
              <highway>track</highway>
              <tracktype>grade3</tracktype>
              <surface>gravel</surface>
              <mtb_scale>0</mtb_scale>
            </gpxtpx:Extensions>
          </gpxtpx:TrackPointExtension>
        </extensions>
      </trkpt>
      <trkpt lat="44.387636" lon="8.452333">
        <time>2024-06-15T08:44:33Z</time>
        <ele>481</ele>
        <extensions>
          <gpxtpx:TrackPointExtension>
            <gpxtpx:Extensions>
              <highway>track</highway>
              <tracktype>grade3</tracktype>
              <surface>gravel</surface>
              <mtb_scale>0</mtb_scale>
            </gpxtpx:Extensions>
          </gpxtpx:TrackPointExtension>
        </extensions>
      </trkpt>
      <trkpt lat="44.387667" lon="8.452253">
        <time>2024-06-15T08:44:36Z</time>
        <ele>482.25</ele>
        <extensions>
          <gpxtpx:TrackPointExtension>
            <gpxtpx:Extensions>
              <highway>track</highway>
              <tracktype>grade3</tracktype>
              <surface>gravel</surface>
              <mtb_scale>0</mtb_scale>
            </gpxtpx:Extensions>
          </gpxtpx:TrackPointExtension>
        </extensions>
      </trkpt>
      <trkpt lat="44.387683" lon="8.452178">
        <time>2024-06-15T08:44:38Z</time>
        <ele>483.25</ele>
        <extensions>
          <gpxtpx:TrackPointExtension>
            <gpxtpx:Extensions>
              <highway>track</highway>
              <tracktype>grade3</tracktype>
              <surface>gravel</surface>
              <mtb_scale>0</mtb_scale>
            </gpxtpx:Extensions>
          </gpxtpx:TrackPointExtension>
        </extensions>
      </trkpt>
      <trkpt lat="44.387685" lon="8.45206">
        <time>2024-06-15T08:44:42Z</time>
        <ele>484.25</ele>
        <extensions>
          <gpxtpx:TrackPointExtension>
            <gpxtpx:Extensions>
              <highway>track</highway>
              <tracktype>grade3</tracktype>
              <surface>gravel</surface>
              <mtb_scale>0</mtb_scale>
            </gpxtpx:Extensions>
          </gpxtpx:TrackPointExtension>
        </extensions>
      </trkpt>
      <trkpt lat="44.387697" lon="8.451925">
        <time>2024-06-15T08:44:47Z</time>
        <ele>485.5</ele>
        <extensions>
          <gpxtpx:TrackPointExtension>
            <gpxtpx:Extensions>
              <highway>track</highway>
              <tracktype>grade3</tracktype>
              <surface>gravel</surface>
              <mtb_scale>0</mtb_scale>
            </gpxtpx:Extensions>
          </gpxtpx:TrackPointExtension>
        </extensions>
      </trkpt>
      <trkpt lat="44.38776" lon="8.451565">
        <time>2024-06-15T08:45:00Z</time>
        <ele>490.25</ele>
        <extensions>
          <gpxtpx:TrackPointExtension>
            <gpxtpx:Extensions>
              <highway>track</highway>
              <tracktype>grade3</tracktype>
              <surface>gravel</surface>
              <mtb_scale>0</mtb_scale>
            </gpxtpx:Extensions>
          </gpxtpx:TrackPointExtension>
        </extensions>
      </trkpt>
      <trkpt lat="44.387769" lon="8.451485">
        <time>2024-06-15T08:45:03Z</time>
        <ele>491.25</ele>
        <extensions>
          <gpxtpx:TrackPointExtension>
            <gpxtpx:Extensions>
              <highway>track</highway>
              <tracktype>grade3</tracktype>
              <surface>gravel</surface>
              <mtb_scale>0</mtb_scale>
            </gpxtpx:Extensions>
          </gpxtpx:TrackPointExtension>
        </extensions>
      </trkpt>
      <trkpt lat="44.387818" lon="8.451294">
        <time>2024-06-15T08:45:10Z</time>
        <ele>494.25</ele>
        <extensions>
          <gpxtpx:TrackPointExtension>
            <gpxtpx:Extensions>
              <highway>track</highway>
              <tracktype>grade3</tracktype>
              <surface>gravel</surface>
              <mtb_scale>0</mtb_scale>
            </gpxtpx:Extensions>
          </gpxtpx:TrackPointExtension>
        </extensions>
      </trkpt>
      <trkpt lat="44.38783" lon="8.451122">
        <time>2024-06-15T08:45:16Z</time>
        <ele>496</ele>
        <extensions>
          <gpxtpx:TrackPointExtension>
            <gpxtpx:Extensions>
              <highway>track</highway>
              <tracktype>grade3</tracktype>
              <surface>gravel</surface>
              <mtb_scale>0</mtb_scale>
            </gpxtpx:Extensions>
          </gpxtpx:TrackPointExtension>
        </extensions>
      </trkpt>
      <trkpt lat="44.387876" lon="8.450821">
        <time>2024-06-15T08:45:26Z</time>
        <ele>500</ele>
        <extensions>
          <gpxtpx:TrackPointExtension>
            <gpxtpx:Extensions>
              <highway>track</highway>
              <tracktype>grade3</tracktype>
              <surface>gravel</surface>
              <mtb_scale>0</mtb_scale>
            </gpxtpx:Extensions>
          </gpxtpx:TrackPointExtension>
        </extensions>
      </trkpt>
      <trkpt lat="44.387972" lon="8.450576">
        <time>2024-06-15T08:45:36Z</time>
        <ele>503.75</ele>
        <extensions>
          <gpxtpx:TrackPointExtension>
            <gpxtpx:Extensions>
              <highway>track</highway>
              <tracktype>grade3</tracktype>
              <surface>gravel</surface>
              <mtb_scale>0</mtb_scale>
            </gpxtpx:Extensions>
          </gpxtpx:TrackPointExtension>
        </extensions>
      </trkpt>
      <trkpt lat="44.388046" lon="8.450236">
        <time>2024-06-15T08:45:48Z</time>
        <ele>506.75</ele>
        <extensions>
          <gpxtpx:TrackPointExtension>
            <gpxtpx:Extensions>
              <highway>track</highway>
              <tracktype>grade3</tracktype>
              <surface>gravel</surface>
              <mtb_scale>0</mtb_scale>
            </gpxtpx:Extensions>
          </gpxtpx:TrackPointExtension>
        </extensions>
      </trkpt>
      <trkpt lat="44.388051" lon="8.450121">
        <time>2024-06-15T08:45:52Z</time>
        <ele>506.75</ele>
        <extensions>
          <gpxtpx:TrackPointExtension>
            <gpxtpx:Extensions>
              <highway>track</highway>
              <tracktype>grade3</tracktype>
              <surface>gravel</surface>
              <mtb_scale>0</mtb_scale>
            </gpxtpx:Extensions>
          </gpxtpx:TrackPointExtension>
        </extensions>
      </trkpt>
      <trkpt lat="44.38809" lon="8.449873">
        <time>2024-06-15T08:46:01Z</time>
        <ele>508.25</ele>
        <extensions>
          <gpxtpx:TrackPointExtension>
            <gpxtpx:Extensions>
              <highway>track</highway>
              <tracktype>grade3</tracktype>
              <surface>gravel</surface>
              <mtb_scale>0</mtb_scale>
            </gpxtpx:Extensions>
          </gpxtpx:TrackPointExtension>
        </extensions>
      </trkpt>
      <trkpt lat="44.388186" lon="8.449647">
        <time>2024-06-15T08:46:10Z</time>
        <ele>512.5</ele>
        <extensions>
          <gpxtpx:TrackPointExtension>
            <gpxtpx:Extensions>
              <highway>track</highway>
              <tracktype>grade3</tracktype>
              <surface>gravel</surface>
              <mtb_scale>0</mtb_scale>
            </gpxtpx:Extensions>
          </gpxtpx:TrackPointExtension>
        </extensions>
      </trkpt>
      <trkpt lat="44.388228" lon="8.449567">
        <time>2024-06-15T08:46:13Z</time>
        <ele>514.5</ele>
        <extensions>
          <gpxtpx:TrackPointExtension>
            <gpxtpx:Extensions>
              <highway>track</highway>
              <tracktype>grade3</tracktype>
              <surface>gravel</surface>
              <mtb_scale>0</mtb_scale>
            </gpxtpx:Extensions>
          </gpxtpx:TrackPointExtension>
        </extensions>
      </trkpt>
      <trkpt lat="44.388315" lon="8.449342">
        <time>2024-06-15T08:46:22Z</time>
        <ele>518.5</ele>
        <extensions>
          <gpxtpx:TrackPointExtension>
            <gpxtpx:Extensions>
              <highway>track</highway>
              <tracktype>grade3</tracktype>
              <surface>gravel</surface>
              <mtb_scale>0</mtb_scale>
            </gpxtpx:Extensions>
          </gpxtpx:TrackPointExtension>
        </extensions>
      </trkpt>
      <trkpt lat="44.388355" lon="8.449136">
        <time>2024-06-15T08:46:30Z</time>
        <ele>519</ele>
        <extensions>
          <gpxtpx:TrackPointExtension>
            <gpxtpx:Extensions>
              <highway>track</highway>
              <tracktype>grade3</tracktype>
              <surface>gravel</surface>
              <mtb_scale>0</mtb_scale>
            </gpxtpx:Extensions>
          </gpxtpx:TrackPointExtension>
        </extensions>
      </trkpt>
      <trkpt lat="44.388403" lon="8.448945">
        <time>2024-06-15T08:46:36Z</time>
        <ele>518.75</ele>
        <extensions>
          <gpxtpx:TrackPointExtension>
            <gpxtpx:Extensions>
              <highway>track</highway>
              <tracktype>grade3</tracktype>
              <surface>gravel</surface>
              <mtb_scale>0</mtb_scale>
            </gpxtpx:Extensions>
          </gpxtpx:TrackPointExtension>
        </extensions>
      </trkpt>
      <trkpt lat="44.388465" lon="8.448721">
        <time>2024-06-15T08:46:45Z</time>
        <ele>519.25</ele>
        <extensions>
          <gpxtpx:TrackPointExtension>
            <gpxtpx:Extensions>
              <highway>track</highway>
              <tracktype>grade3</tracktype>
              <surface>gravel</surface>
              <mtb_scale>0</mtb_scale>
            </gpxtpx:Extensions>
          </gpxtpx:TrackPointExtension>
        </extensions>
      </trkpt>
      <trkpt lat="44.388556" lon="8.448433">
        <time>2024-06-15T08:46:55Z</time>
        <ele>521</ele>
        <extensions>
          <gpxtpx:TrackPointExtension>
            <gpxtpx:Extensions>
              <highway>track</highway>
              <tracktype>grade3</tracktype>
              <surface>gravel</surface>
              <mtb_scale>0</mtb_scale>
            </gpxtpx:Extensions>
          </gpxtpx:TrackPointExtension>
        </extensions>
      </trkpt>
      <trkpt lat="44.388637" lon="8.448108">
        <time>2024-06-15T08:47:07Z</time>
        <ele>525</ele>
        <extensions>
          <gpxtpx:TrackPointExtension>
            <gpxtpx:Extensions>
              <highway>track</highway>
              <tracktype>grade3</tracktype>
              <surface>gravel</surface>
              <mtb_scale>0</mtb_scale>
            </gpxtpx:Extensions>
          </gpxtpx:TrackPointExtension>
        </extensions>
      </trkpt>
      <trkpt lat="44.388653" lon="8.447965">
        <time>2024-06-15T08:47:12Z</time>
        <ele>526.5</ele>
        <extensions>
          <gpxtpx:TrackPointExtension>
            <gpxtpx:Extensions>
              <highway>track</highway>
              <tracktype>grade3</tracktype>
              <surface>gravel</surface>
              <mtb_scale>0</mtb_scale>
            </gpxtpx:Extensions>
          </gpxtpx:TrackPointExtension>
        </extensions>
      </trkpt>
      <trkpt lat="44.388639" lon="8.447712">
        <time>2024-06-15T08:47:21Z</time>
        <ele>527.25</ele>
        <extensions>
          <gpxtpx:TrackPointExtension>
            <gpxtpx:Extensions>
              <highway>track</highway>
              <tracktype>grade3</tracktype>
              <surface>gravel</surface>
              <mtb_scale>0</mtb_scale>
            </gpxtpx:Extensions>
          </gpxtpx:TrackPointExtension>
        </extensions>
      </trkpt>
      <trkpt lat="44.388724" lon="8.447434">
        <time>2024-06-15T08:47:31Z</time>
        <ele>532.5</ele>
        <extensions>
          <gpxtpx:TrackPointExtension>
            <gpxtpx:Extensions>
              <highway>track</highway>
              <tracktype>grade3</tracktype>
              <surface>gravel</surface>
              <mtb_scale>0</mtb_scale>
            </gpxtpx:Extensions>
          </gpxtpx:TrackPointExtension>
        </extensions>
      </trkpt>
      <trkpt lat="44.388715" lon="8.447379">
        <time>2024-06-15T08:47:33Z</time>
        <ele>533.25</ele>
        <extensions>
          <gpxtpx:TrackPointExtension>
            <gpxtpx:Extensions>
              <highway>track</highway>
              <tracktype>grade3</tracktype>
              <surface>gravel</surface>
              <mtb_scale>0</mtb_scale>
            </gpxtpx:Extensions>
          </gpxtpx:TrackPointExtension>
        </extensions>
      </trkpt>
      <trkpt lat="44.3887" lon="8.447336">
        <time>2024-06-15T08:47:35Z</time>
        <ele>533.5</ele>
        <extensions>
          <gpxtpx:TrackPointExtension>
            <gpxtpx:Extensions>
              <highway>track</highway>
              <tracktype>grade3</tracktype>
              <surface>gravel</surface>
              <mtb_scale>0</mtb_scale>
            </gpxtpx:Extensions>
          </gpxtpx:TrackPointExtension>
        </extensions>
      </trkpt>
      <trkpt lat="44.388667" lon="8.447298">
        <time>2024-06-15T08:47:37Z</time>
        <ele>533</ele>
        <extensions>
          <gpxtpx:TrackPointExtension>
            <gpxtpx:Extensions>
              <highway>track</highway>
              <tracktype>grade3</tracktype>
              <surface>gravel</surface>
              <mtb_scale>0</mtb_scale>
            </gpxtpx:Extensions>
          </gpxtpx:TrackPointExtension>
        </extensions>
      </trkpt>
      <trkpt lat="44.388612" lon="8.447253">
        <time>2024-06-15T08:47:40Z</time>
        <ele>531.75</ele>
        <extensions>
          <gpxtpx:TrackPointExtension>
            <gpxtpx:Extensions>
              <highway>track</highway>
              <tracktype>grade3</tracktype>
              <surface>gravel</surface>
              <mtb_scale>0</mtb_scale>
            </gpxtpx:Extensions>
          </gpxtpx:TrackPointExtension>
        </extensions>
      </trkpt>
      <trkpt lat="44.388558" lon="8.447171">
        <time>2024-06-15T08:47:44Z</time>
        <ele>531.5</ele>
        <extensions>
          <gpxtpx:TrackPointExtension>
            <gpxtpx:Extensions>
              <highway>track</highway>
              <tracktype>grade3</tracktype>
              <surface>gravel</surface>
              <mtb_scale>0</mtb_scale>
            </gpxtpx:Extensions>
          </gpxtpx:TrackPointExtension>
        </extensions>
      </trkpt>
      <trkpt lat="44.388468" lon="8.447096">
        <time>2024-06-15T08:47:49Z</time>
        <ele>529.75</ele>
        <extensions>
          <gpxtpx:TrackPointExtension>
            <gpxtpx:Extensions>
              <highway>track</highway>
              <tracktype>grade3</tracktype>
              <surface>gravel</surface>
              <mtb_scale>0</mtb_scale>
            </gpxtpx:Extensions>
          </gpxtpx:TrackPointExtension>
        </extensions>
      </trkpt>
      <trkpt lat="44.388419" lon="8.447037">
        <time>2024-06-15T08:47:52Z</time>
        <ele>529</ele>
        <extensions>
          <gpxtpx:TrackPointExtension>
            <gpxtpx:Extensions>
              <highway>track</highway>
              <tracktype>grade3</tracktype>
              <surface>gravel</surface>
              <mtb_scale>0</mtb_scale>
            </gpxtpx:Extensions>
          </gpxtpx:TrackPointExtension>
        </extensions>
      </trkpt>
      <trkpt lat="44.388377" lon="8.446925">
        <time>2024-06-15T08:47:56Z</time>
        <ele>529.75</ele>
        <extensions>
          <gpxtpx:TrackPointExtension>
            <gpxtpx:Extensions>
              <highway>track</highway>
              <tracktype>grade3</tracktype>
              <surface>gravel</surface>
              <mtb_scale>0</mtb_scale>
            </gpxtpx:Extensions>
          </gpxtpx:TrackPointExtension>
        </extensions>
      </trkpt>
      <trkpt lat="44.388308" lon="8.446384">
        <time>2024-06-15T08:48:16Z</time>
        <ele>541</ele>
        <extensions>
          <gpxtpx:TrackPointExtension>
            <gpxtpx:Extensions>
              <highway>track</highway>
              <tracktype>grade3</tracktype>
              <surface>gravel</surface>
              <mtb_scale>0</mtb_scale>
            </gpxtpx:Extensions>
          </gpxtpx:TrackPointExtension>
        </extensions>
      </trkpt>
      <trkpt lat="44.388283" lon="8.446326">
        <time>2024-06-15T08:48:18Z</time>
        <ele>542</ele>
        <extensions>
          <gpxtpx:TrackPointExtension>
            <gpxtpx:Extensions>
              <highway>track</highway>
              <tracktype>grade3</tracktype>
              <surface>gravel</surface>
              <mtb_scale>0</mtb_scale>
            </gpxtpx:Extensions>
          </gpxtpx:TrackPointExtension>
        </extensions>
      </trkpt>
      <trkpt lat="44.388239" lon="8.446238">
        <time>2024-06-15T08:48:22Z</time>
        <ele>543.25</ele>
        <extensions>
          <gpxtpx:TrackPointExtension>
            <gpxtpx:Extensions>
              <highway>track</highway>
              <tracktype>grade3</tracktype>
              <surface>gravel</surface>
              <mtb_scale>0</mtb_scale>
            </gpxtpx:Extensions>
          </gpxtpx:TrackPointExtension>
        </extensions>
      </trkpt>
      <trkpt lat="44.388136" lon="8.446141">
        <time>2024-06-15T08:48:28Z</time>
        <ele>543.25</ele>
        <extensions>
          <gpxtpx:TrackPointExtension>
            <gpxtpx:Extensions>
              <highway>track</highway>
              <tracktype>grade3</tracktype>
              <surface>gravel</surface>
              <mtb_scale>0</mtb_scale>
            </gpxtpx:Extensions>
          </gpxtpx:TrackPointExtension>
        </extensions>
      </trkpt>
      <trkpt lat="44.388084" lon="8.44611">
        <time>2024-06-15T08:48:30Z</time>
        <ele>542.5</ele>
        <extensions>
          <gpxtpx:TrackPointExtension>
            <gpxtpx:Extensions>
              <highway>track</highway>
              <tracktype>grade3</tracktype>
              <surface>gravel</surface>
              <mtb_scale>0</mtb_scale>
            </gpxtpx:Extensions>
          </gpxtpx:TrackPointExtension>
        </extensions>
      </trkpt>
      <trkpt lat="44.388045" lon="8.446068">
        <time>2024-06-15T08:48:33Z</time>
        <ele>542.5</ele>
        <extensions>
          <gpxtpx:TrackPointExtension>
            <gpxtpx:Extensions>
              <highway>track</highway>
              <tracktype>grade3</tracktype>
              <surface>gravel</surface>
              <mtb_scale>0</mtb_scale>
            </gpxtpx:Extensions>
          </gpxtpx:TrackPointExtension>
        </extensions>
      </trkpt>
      <trkpt lat="44.387975" lon="8.445837">
        <time>2024-06-15T08:48:41Z</time>
        <ele>547.25</ele>
        <extensions>
          <gpxtpx:TrackPointExtension>
            <gpxtpx:Extensions>
              <highway>track</highway>
              <tracktype>grade3</tracktype>
              <surface>gravel</surface>
              <mtb_scale>0</mtb_scale>
            </gpxtpx:Extensions>
          </gpxtpx:TrackPointExtension>
        </extensions>
      </trkpt>
      <trkpt lat="44.387818" lon="8.445668">
        <time>2024-06-15T08:48:51Z</time>
        <ele>542.75</ele>
        <extensions>
          <gpxtpx:TrackPointExtension>
            <gpxtpx:Extensions>
              <highway>track</highway>
              <tracktype>grade3</tracktype>
              <surface>gravel</surface>
              <mtb_scale>0</mtb_scale>
            </gpxtpx:Extensions>
          </gpxtpx:TrackPointExtension>
        </extensions>
      </trkpt>
      <trkpt lat="44.387752" lon="8.44554">
        <time>2024-06-15T08:48:57Z</time>
        <ele>540.75</ele>
        <extensions>
          <gpxtpx:TrackPointExtension>
            <gpxtpx:Extensions>
              <highway>track</highway>
              <tracktype>grade3</tracktype>
              <surface>gravel</surface>
              <mtb_scale>0</mtb_scale>
            </gpxtpx:Extensions>
          </gpxtpx:TrackPointExtension>
        </extensions>
      </trkpt>
      <trkpt lat="44.387742" lon="8.445453">
        <time>2024-06-15T08:49:00Z</time>
        <ele>540.5</ele>
        <extensions>
          <gpxtpx:TrackPointExtension>
            <gpxtpx:Extensions>
              <highway>track</highway>
              <tracktype>grade3</tracktype>
              <surface>gravel</surface>
              <mtb_scale>0</mtb_scale>
            </gpxtpx:Extensions>
          </gpxtpx:TrackPointExtension>
        </extensions>
      </trkpt>
      <trkpt lat="44.387779" lon="8.445231">
        <time>2024-06-15T08:49:07Z</time>
        <ele>542.25</ele>
        <extensions>
          <gpxtpx:TrackPointExtension>
            <gpxtpx:Extensions>
              <highway>track</highway>
              <tracktype>grade3</tracktype>
              <surface>gravel</surface>
              <mtb_scale>0</mtb_scale>
            </gpxtpx:Extensions>
          </gpxtpx:TrackPointExtension>
        </extensions>
      </trkpt>
      <trkpt lat="44.38783" lon="8.445109">
        <time>2024-06-15T08:49:12Z</time>
        <ele>544.75</ele>
        <extensions>
          <gpxtpx:TrackPointExtension>
            <gpxtpx:Extensions>
              <highway>track</highway>
              <tracktype>grade3</tracktype>
              <surface>gravel</surface>
              <mtb_scale>0</mtb_scale>
            </gpxtpx:Extensions>
          </gpxtpx:TrackPointExtension>
        </extensions>
      </trkpt>
      <trkpt lat="44.387901" lon="8.444817">
        <time>2024-06-15T08:49:23Z</time>
        <ele>545</ele>
        <extensions>
          <gpxtpx:TrackPointExtension>
            <gpxtpx:Extensions>
              <highway>track</highway>
              <tracktype>grade3</tracktype>
              <surface>gravel</surface>
              <mtb_scale>0</mtb_scale>
            </gpxtpx:Extensions>
          </gpxtpx:TrackPointExtension>
        </extensions>
      </trkpt>
      <trkpt lat="44.387905" lon="8.444708">
        <time>2024-06-15T08:49:27Z</time>
        <ele>543.5</ele>
        <extensions>
          <gpxtpx:TrackPointExtension>
            <gpxtpx:Extensions>
              <highway>track</highway>
              <tracktype>grade3</tracktype>
              <surface>gravel</surface>
              <mtb_scale>0</mtb_scale>
            </gpxtpx:Extensions>
          </gpxtpx:TrackPointExtension>
        </extensions>
      </trkpt>
      <trkpt lat="44.387918" lon="8.444617">
        <time>2024-06-15T08:49:30Z</time>
        <ele>542.5</ele>
        <extensions>
          <gpxtpx:TrackPointExtension>
            <gpxtpx:Extensions>
              <highway>track</highway>
              <tracktype>grade3</tracktype>
              <surface>gravel</surface>
              <mtb_scale>0</mtb_scale>
            </gpxtpx:Extensions>
          </gpxtpx:TrackPointExtension>
        </extensions>
      </trkpt>
      <trkpt lat="44.387961" lon="8.444454">
        <time>2024-06-15T08:49:36Z</time>
        <ele>541.5</ele>
        <extensions>
          <gpxtpx:TrackPointExtension>
            <gpxtpx:Extensions>
              <highway>track</highway>
              <tracktype>grade3</tracktype>
              <surface>gravel</surface>
              <mtb_scale>0</mtb_scale>
            </gpxtpx:Extensions>
          </gpxtpx:TrackPointExtension>
        </extensions>
      </trkpt>
      <trkpt lat="44.388024" lon="8.444322">
        <time>2024-06-15T08:49:41Z</time>
        <ele>542</ele>
        <extensions>
          <gpxtpx:TrackPointExtension>
            <gpxtpx:Extensions>
              <highway>track</highway>
              <tracktype>grade3</tracktype>
              <surface>gravel</surface>
              <mtb_scale>0</mtb_scale>
            </gpxtpx:Extensions>
          </gpxtpx:TrackPointExtension>
        </extensions>
      </trkpt>
      <trkpt lat="44.388085" lon="8.44424">
        <time>2024-06-15T08:49:45Z</time>
        <ele>543.25</ele>
        <extensions>
          <gpxtpx:TrackPointExtension>
            <gpxtpx:Extensions>
              <highway>track</highway>
              <tracktype>grade3</tracktype>
              <surface>gravel</surface>
              <mtb_scale>0</mtb_scale>
            </gpxtpx:Extensions>
          </gpxtpx:TrackPointExtension>
        </extensions>
      </trkpt>
      <trkpt lat="44.388155" lon="8.44412">
        <time>2024-06-15T08:49:50Z</time>
        <ele>545</ele>
        <extensions>
          <gpxtpx:TrackPointExtension>
            <gpxtpx:Extensions>
              <highway>track</highway>
              <tracktype>grade3</tracktype>
              <surface>gravel</surface>
              <mtb_scale>0</mtb_scale>
            </gpxtpx:Extensions>
          </gpxtpx:TrackPointExtension>
        </extensions>
      </trkpt>
      <trkpt lat="44.38821" lon="8.444004">
        <time>2024-06-15T08:49:55Z</time>
        <ele>547.25</ele>
        <extensions>
          <gpxtpx:TrackPointExtension>
            <gpxtpx:Extensions>
              <highway>track</highway>
              <tracktype>grade3</tracktype>
              <surface>gravel</surface>
              <mtb_scale>0</mtb_scale>
            </gpxtpx:Extensions>
          </gpxtpx:TrackPointExtension>
        </extensions>
      </trkpt>
      <trkpt lat="44.388283" lon="8.4439">
        <time>2024-06-15T08:50:00Z</time>
        <ele>550.25</ele>
        <extensions>
          <gpxtpx:TrackPointExtension>
            <gpxtpx:Extensions>
              <highway>track</highway>
              <tracktype>grade3</tracktype>
              <surface>gravel</surface>
              <mtb_scale>0</mtb_scale>
            </gpxtpx:Extensions>
          </gpxtpx:TrackPointExtension>
        </extensions>
      </trkpt>
      <trkpt lat="44.388332" lon="8.443788">
        <time>2024-06-15T08:50:05Z</time>
        <ele>552.25</ele>
        <extensions>
          <gpxtpx:TrackPointExtension>
            <gpxtpx:Extensions>
              <highway>track</highway>
              <tracktype>grade3</tracktype>
              <surface>gravel</surface>
              <mtb_scale>0</mtb_scale>
            </gpxtpx:Extensions>
          </gpxtpx:TrackPointExtension>
        </extensions>
      </trkpt>
      <trkpt lat="44.388371" lon="8.443675">
        <time>2024-06-15T08:50:09Z</time>
        <ele>554.25</ele>
        <extensions>
          <gpxtpx:TrackPointExtension>
            <gpxtpx:Extensions>
              <highway>track</highway>
              <tracktype>grade3</tracktype>
              <surface>gravel</surface>
              <mtb_scale>0</mtb_scale>
            </gpxtpx:Extensions>
          </gpxtpx:TrackPointExtension>
        </extensions>
      </trkpt>
      <trkpt lat="44.388381" lon="8.443616">
        <time>2024-06-15T08:50:11Z</time>
        <ele>554.75</ele>
        <extensions>
          <gpxtpx:TrackPointExtension>
            <gpxtpx:Extensions>
              <highway>track</highway>
              <tracktype>grade3</tracktype>
              <surface>gravel</surface>
              <mtb_scale>0</mtb_scale>
            </gpxtpx:Extensions>
          </gpxtpx:TrackPointExtension>
        </extensions>
      </trkpt>
      <trkpt lat="44.388219" lon="8.443193">
        <time>2024-06-15T08:50:28Z</time>
        <ele>549.25</ele>
        <extensions>
          <gpxtpx:TrackPointExtension>
            <gpxtpx:Extensions>
              <highway>track</highway>
              <tracktype>grade3</tracktype>
              <surface>gravel</surface>
              <mtb_scale>0</mtb_scale>
            </gpxtpx:Extensions>
          </gpxtpx:TrackPointExtension>
        </extensions>
      </trkpt>
      <trkpt lat="44.388164" lon="8.443098">
        <time>2024-06-15T08:50:32Z</time>
        <ele>548.5</ele>
        <extensions>
          <gpxtpx:TrackPointExtension>
            <gpxtpx:Extensions>
              <highway>track</highway>
              <tracktype>grade3</tracktype>
              <surface>gravel</surface>
              <mtb_scale>0</mtb_scale>
            </gpxtpx:Extensions>
          </gpxtpx:TrackPointExtension>
        </extensions>
      </trkpt>
      <trkpt lat="44.388136" lon="8.443014">
        <time>2024-06-15T08:50:35Z</time>
        <ele>549</ele>
        <extensions>
          <gpxtpx:TrackPointExtension>
            <gpxtpx:Extensions>
              <highway>track</highway>
              <tracktype>grade3</tracktype>
              <surface>gravel</surface>
              <mtb_scale>0</mtb_scale>
            </gpxtpx:Extensions>
          </gpxtpx:TrackPointExtension>
        </extensions>
      </trkpt>
      <trkpt lat="44.388122" lon="8.442956">
        <time>2024-06-15T08:50:37Z</time>
        <ele>549.5</ele>
        <extensions>
          <gpxtpx:TrackPointExtension>
            <gpxtpx:Extensions>
              <highway>track</highway>
              <tracktype>grade3</tracktype>
              <surface>gravel</surface>
              <mtb_scale>0</mtb_scale>
            </gpxtpx:Extensions>
          </gpxtpx:TrackPointExtension>
        </extensions>
      </trkpt>
      <trkpt lat="44.388121" lon="8.442711">
        <time>2024-06-15T08:50:46Z</time>
        <ele>553.75</ele>
        <extensions>
          <gpxtpx:TrackPointExtension>
            <gpxtpx:Extensions>
              <highway>track</highway>
              <tracktype>grade3</tracktype>
              <surface>gravel</surface>
              <mtb_scale>0</mtb_scale>
            </gpxtpx:Extensions>
          </gpxtpx:TrackPointExtension>
        </extensions>
      </trkpt>
      <trkpt lat="44.38808" lon="8.442586">
        <time>2024-06-15T08:50:51Z</time>
        <ele>554.5</ele>
        <extensions>
          <gpxtpx:TrackPointExtension>
            <gpxtpx:Extensions>
              <highway>track</highway>
              <tracktype>grade3</tracktype>
              <surface>gravel</surface>
              <mtb_scale>0</mtb_scale>
            </gpxtpx:Extensions>
          </gpxtpx:TrackPointExtension>
        </extensions>
      </trkpt>
      <trkpt lat="44.388062" lon="8.44256">
        <time>2024-06-15T08:50:52Z</time>
        <ele>554.25</ele>
        <extensions>
          <gpxtpx:TrackPointExtension>
            <gpxtpx:Extensions>
              <highway>track</highway>
              <tracktype>grade3</tracktype>
              <surface>gravel</surface>
              <mtb_scale>0</mtb_scale>
            </gpxtpx:Extensions>
          </gpxtpx:TrackPointExtension>
        </extensions>
      </trkpt>
      <trkpt lat="44.387971" lon="8.442528">
        <time>2024-06-15T08:50:56Z</time>
        <ele>551.5</ele>
        <extensions>
          <gpxtpx:TrackPointExtension>
            <gpxtpx:Extensions>
              <highway>track</highway>
              <tracktype>grade3</tracktype>
              <surface>gravel</surface>
              <mtb_scale>0</mtb_scale>
            </gpxtpx:Extensions>
          </gpxtpx:TrackPointExtension>
        </extensions>
      </trkpt>
      <trkpt lat="44.387935" lon="8.442498">
        <time>2024-06-15T08:50:59Z</time>
        <ele>550.5</ele>
        <extensions>
          <gpxtpx:TrackPointExtension>
            <gpxtpx:Extensions>
              <highway>track</highway>
              <tracktype>grade3</tracktype>
              <surface>gravel</surface>
              <mtb_scale>0</mtb_scale>
            </gpxtpx:Extensions>
          </gpxtpx:TrackPointExtension>
        </extensions>
      </trkpt>
      <trkpt lat="44.387885" lon="8.442415">
        <time>2024-06-15T08:51:02Z</time>
        <ele>550.25</ele>
        <extensions>
          <gpxtpx:TrackPointExtension>
            <gpxtpx:Extensions>
              <highway>track</highway>
              <tracktype>grade3</tracktype>
              <surface>gravel</surface>
              <mtb_scale>0</mtb_scale>
            </gpxtpx:Extensions>
          </gpxtpx:TrackPointExtension>
        </extensions>
      </trkpt>
      <trkpt lat="44.387846" lon="8.442125">
        <time>2024-06-15T08:51:12Z</time>
        <ele>554.75</ele>
        <extensions>
          <gpxtpx:TrackPointExtension>
            <gpxtpx:Extensions>
              <highway>track</highway>
              <tracktype>grade3</tracktype>
              <surface>gravel</surface>
              <mtb_scale>0</mtb_scale>
            </gpxtpx:Extensions>
          </gpxtpx:TrackPointExtension>
        </extensions>
      </trkpt>
      <trkpt lat="44.387797" lon="8.442032">
        <time>2024-06-15T08:51:16Z</time>
        <ele>555</ele>
        <extensions>
          <gpxtpx:TrackPointExtension>
            <gpxtpx:Extensions>
              <highway>track</highway>
              <tracktype>grade3</tracktype>
              <surface>gravel</surface>
              <mtb_scale>0</mtb_scale>
            </gpxtpx:Extensions>
          </gpxtpx:TrackPointExtension>
        </extensions>
      </trkpt>
      <trkpt lat="44.387748" lon="8.441967">
        <time>2024-06-15T08:51:20Z</time>
        <ele>554.75</ele>
        <extensions>
          <gpxtpx:TrackPointExtension>
            <gpxtpx:Extensions>
              <highway>track</highway>
              <tracktype>grade3</tracktype>
              <surface>gravel</surface>
              <mtb_scale>0</mtb_scale>
            </gpxtpx:Extensions>
          </gpxtpx:TrackPointExtension>
        </extensions>
      </trkpt>
      <trkpt lat="44.387656" lon="8.441887">
        <time>2024-06-15T08:51:25Z</time>
        <ele>553.5</ele>
        <extensions>
          <gpxtpx:TrackPointExtension>
            <gpxtpx:Extensions>
              <highway>track</highway>
              <tracktype>grade3</tracktype>
              <surface>gravel</surface>
              <mtb_scale>0</mtb_scale>
            </gpxtpx:Extensions>
          </gpxtpx:TrackPointExtension>
        </extensions>
      </trkpt>
      <trkpt lat="44.387479" lon="8.44176">
        <time>2024-06-15T08:51:34Z</time>
        <ele>551</ele>
        <extensions>
          <gpxtpx:TrackPointExtension>
            <gpxtpx:Extensions>
              <highway>track</highway>
              <tracktype>grade3</tracktype>
              <surface>gravel</surface>
              <mtb_scale>0</mtb_scale>
            </gpxtpx:Extensions>
          </gpxtpx:TrackPointExtension>
        </extensions>
      </trkpt>
      <trkpt lat="44.387386" lon="8.44171">
        <time>2024-06-15T08:51:39Z</time>
        <ele>549</ele>
        <extensions>
          <gpxtpx:TrackPointExtension>
            <gpxtpx:Extensions>
              <highway>track</highway>
              <tracktype>grade3</tracktype>
              <surface>gravel</surface>
              <mtb_scale>0</mtb_scale>
            </gpxtpx:Extensions>
          </gpxtpx:TrackPointExtension>
        </extensions>
      </trkpt>
      <trkpt lat="44.387254" lon="8.441618">
        <time>2024-06-15T08:51:46Z</time>
        <ele>546.25</ele>
        <extensions>
          <gpxtpx:TrackPointExtension>
            <gpxtpx:Extensions>
              <highway>track</highway>
              <tracktype>grade3</tracktype>
              <surface>gravel</surface>
              <mtb_scale>0</mtb_scale>
            </gpxtpx:Extensions>
          </gpxtpx:TrackPointExtension>
        </extensions>
      </trkpt>
      <trkpt lat="44.387071" lon="8.441509">
        <time>2024-06-15T08:51:56Z</time>
        <ele>541.5</ele>
        <extensions>
          <gpxtpx:TrackPointExtension>
            <gpxtpx:Extensions>
              <highway>track</highway>
              <tracktype>grade3</tracktype>
              <surface>gravel</surface>
              <mtb_scale>0</mtb_scale>
            </gpxtpx:Extensions>
          </gpxtpx:TrackPointExtension>
        </extensions>
      </trkpt>
      <trkpt lat="44.386957" lon="8.441397">
        <time>2024-06-15T08:52:03Z</time>
        <ele>539.75</ele>
        <extensions>
          <gpxtpx:TrackPointExtension>
            <gpxtpx:Extensions>
              <highway>track</highway>
              <tracktype>grade3</tracktype>
              <surface>gravel</surface>
              <mtb_scale>0</mtb_scale>
            </gpxtpx:Extensions>
          </gpxtpx:TrackPointExtension>
        </extensions>
      </trkpt>
      <trkpt lat="44.38693" lon="8.441326">
        <time>2024-06-15T08:52:05Z</time>
        <ele>540</ele>
        <extensions>
          <gpxtpx:TrackPointExtension>
            <gpxtpx:Extensions>
              <highway>track</highway>
              <tracktype>grade3</tracktype>
              <surface>gravel</surface>
              <mtb_scale>0</mtb_scale>
            </gpxtpx:Extensions>
          </gpxtpx:TrackPointExtension>
        </extensions>
      </trkpt>
      <trkpt lat="44.386911" lon="8.441226">
        <time>2024-06-15T08:52:09Z</time>
        <ele>541</ele>
        <extensions>
          <gpxtpx:TrackPointExtension>
            <gpxtpx:Extensions>
              <highway>track</highway>
              <tracktype>grade3</tracktype>
              <surface>gravel</surface>
              <mtb_scale>0</mtb_scale>
            </gpxtpx:Extensions>
          </gpxtpx:TrackPointExtension>
        </extensions>
      </trkpt>
      <trkpt lat="44.386877" lon="8.441117">
        <time>2024-06-15T08:52:13Z</time>
        <ele>541.75</ele>
        <extensions>
          <gpxtpx:TrackPointExtension>
            <gpxtpx:Extensions>
              <highway>track</highway>
              <tracktype>grade3</tracktype>
              <surface>gravel</surface>
              <mtb_scale>0</mtb_scale>
            </gpxtpx:Extensions>
          </gpxtpx:TrackPointExtension>
        </extensions>
      </trkpt>
      <trkpt lat="44.386821" lon="8.441011">
        <time>2024-06-15T08:52:17Z</time>
        <ele>542.25</ele>
        <extensions>
          <gpxtpx:TrackPointExtension>
            <gpxtpx:Extensions>
              <highway>track</highway>
              <tracktype>grade3</tracktype>
              <surface>gravel</surface>
              <mtb_scale>0</mtb_scale>
            </gpxtpx:Extensions>
          </gpxtpx:TrackPointExtension>
        </extensions>
      </trkpt>
      <trkpt lat="44.386748" lon="8.440804">
        <time>2024-06-15T08:52:25Z</time>
        <ele>543.25</ele>
        <extensions>
          <gpxtpx:TrackPointExtension>
            <gpxtpx:Extensions>
              <highway>track</highway>
              <tracktype>grade3</tracktype>
              <surface>gravel</surface>
              <mtb_scale>0</mtb_scale>
            </gpxtpx:Extensions>
          </gpxtpx:TrackPointExtension>
        </extensions>
      </trkpt>
      <trkpt lat="44.386712" lon="8.440731">
        <time>2024-06-15T08:52:28Z</time>
        <ele>541.75</ele>
        <extensions>
          <gpxtpx:TrackPointExtension>
            <gpxtpx:Extensions>
              <highway>track</highway>
              <tracktype>grade3</tracktype>
              <surface>gravel</surface>
              <mtb_scale>0</mtb_scale>
            </gpxtpx:Extensions>
          </gpxtpx:TrackPointExtension>
        </extensions>
      </trkpt>
      <trkpt lat="44.386657" lon="8.440652">
        <time>2024-06-15T08:52:32Z</time>
        <ele>540.25</ele>
        <extensions>
          <gpxtpx:TrackPointExtension>
            <gpxtpx:Extensions>
              <highway>track</highway>
              <tracktype>grade3</tracktype>
              <surface>gravel</surface>
              <mtb_scale>0</mtb_scale>
            </gpxtpx:Extensions>
          </gpxtpx:TrackPointExtension>
        </extensions>
      </trkpt>
      <trkpt lat="44.386622" lon="8.440612">
        <time>2024-06-15T08:52:34Z</time>
        <ele>539.75</ele>
      </trkpt>
    </trkseg>
  </trk>
</gpx>