<?xml version='1.0' encoding='utf-8'?>
<gpx xmlns="http://www.topografix.com/GPX/1/1" xmlns:gpxtpx="http://www.garmin.com/xmlschemas/TrackPointExtension/v1" xmlns:xsi="http://www.w3.org/2001/XMLSchema-instance" creator="https://gpx.studio" version="1.1" xsi:schemaLocation="http://www.topografix.com/GPX/1/1 http://www.topografix.com/GPX/1/1/gpx.xsd http://www.garmin.com/xmlschemas/GpxExtensions/v3 http://www.garmin.com/xmlschemas/GpxExtensionsv3.xsd http://www.garmin.com/xmlschemas/TrackPointExtension/v1 http://www.garmin.com/xmlschemas/TrackPointExtensionv1.xsd http://www.garmin.com/xmlschemas/PowerExtension/v1 http://www.garmin.com/xmlschemas/PowerExtensionv1.xsd http://www.topografix.com/GPX/gpx_style/0/2 http://www.topografix.com/GPX/gpx_style/0/2/gpx_style.xsd">
  <metadata>
    <name>New file 2</name>
    <author>
      <name>gpx.studio</name>
      <link href="https://gpx.studio" />
    </author>
    <time>2024-06-15T08:00:00Z</time>
  </metadata>
  <trk>
    <name>New file 2</name>
    <trkseg>
      <trkpt lat="44.367501" lon="8.498193">
        <time>2024-06-15T08:00:00Z</time>
        <ele>235.25</ele>
        <extensions>
          <gpxtpx:TrackPointExtension>
            <gpxtpx:Extensions>
              <highway>path</highway>
              <surface>ground</surface>
              <access>yes</access>
              <mtb_scale>1</mtb_scale>
            </gpxtpx:Extensions>
          </gpxtpx:TrackPointExtension>
        </extensions>
      </trkpt>
      <trkpt lat="44.367271" lon="8.498418">
        <time>2024-06-15T08:00:07Z</time>
        <ele>230.25</ele>
        <extensions>
          <gpxtpx:TrackPointExtension>
            <gpxtpx:Extensions>
              <highway>path</highway>
              <surface>ground</surface>
              <access>yes</access>
              <mtb_scale>1</mtb_scale>
            </gpxtpx:Extensions>
          </gpxtpx:TrackPointExtension>
        </extensions>
      </trkpt>
      <trkpt lat="44.367087" lon="8.498548">
        <time>2024-06-15T08:00:13Z</time>
        <ele>223.75</ele>
        <extensions>
          <gpxtpx:TrackPointExtension>
            <gpxtpx:Extensions>
              <highway>path</highway>
              <surface>ground</surface>
              <access>yes</access>
              <mtb_scale>1</mtb_scale>
            </gpxtpx:Extensions>
          </gpxtpx:TrackPointExtension>
        </extensions>
      </trkpt>
      <trkpt lat="44.366928" lon="8.498646">
        <time>2024-06-15T08:00:18Z</time>
        <ele>220</ele>
        <extensions>
          <gpxtpx:TrackPointExtension>
            <gpxtpx:Extensions>
              <highway>path</highway>
              <surface>ground</surface>
              <access>yes</access>
              <mtb_scale>1</mtb_scale>
            </gpxtpx:Extensions>
          </gpxtpx:TrackPointExtension>
        </extensions>
      </trkpt>
      <trkpt lat="44.366778" lon="8.498815">
        <time>2024-06-15T08:00:23Z</time>
        <ele>219</ele>
        <extensions>
          <gpxtpx:TrackPointExtension>
            <gpxtpx:Extensions>
              <highway>path</highway>
              <surface>ground</surface>
              <access>yes</access>
              <mtb_scale>1</mtb_scale>
            </gpxtpx:Extensions>
          </gpxtpx:TrackPointExtension>
        </extensions>
      </trkpt>
      <trkpt lat="44.36661" lon="8.499108">
        <time>2024-06-15T08:00:30Z</time>
        <ele>222.5</ele>
        <extensions>
          <gpxtpx:TrackPointExtension>
            <gpxtpx:Extensions>
              <highway>path</highway>
              <surface>ground</surface>
              <access>yes</access>
              <mtb_scale>1</mtb_scale>
            </gpxtpx:Extensions>
          </gpxtpx:TrackPointExtension>
        </extensions>
      </trkpt>
      <trkpt lat="44.366522" lon="8.499172">
        <time>2024-06-15T08:00:33Z</time>
        <ele>223.25</ele>
        <extensions>
          <gpxtpx:TrackPointExtension>
            <gpxtpx:Extensions>
              <highway>path</highway>
              <surface>ground</surface>
              <access>yes</access>
              <mtb_scale>1</mtb_scale>
            </gpxtpx:Extensions>
          </gpxtpx:TrackPointExtension>
        </extensions>
      </trkpt>
      <trkpt lat="44.366413" lon="8.499198">
        <time>2024-06-15T08:00:36Z</time>
        <ele>222.25</ele>
        <extensions>
          <gpxtpx:TrackPointExtension>
            <gpxtpx:Extensions>
              <highway>path</highway>
              <surface>ground</surface>
              <access>yes</access>
              <mtb_scale>1</mtb_scale>
            </gpxtpx:Extensions>
          </gpxtpx:TrackPointExtension>
        </extensions>
      </trkpt>
      <trkpt lat="44.366163" lon="8.499236">
        <time>2024-06-15T08:00:42Z</time>
        <ele>221</ele>
        <extensions>
          <gpxtpx:TrackPointExtension>
            <gpxtpx:Extensions>
              <highway>path</highway>
              <surface>ground</surface>
              <access>yes</access>
              <mtb_scale>1</mtb_scale>
            </gpxtpx:Extensions>
          </gpxtpx:TrackPointExtension>
        </extensions>
      </trkpt>
      <trkpt lat="44.365971" lon="8.499194">
        <time>2024-06-15T08:00:47Z</time>
        <ele>221</ele>
        <extensions>
          <gpxtpx:TrackPointExtension>
            <gpxtpx:Extensions>
              <highway>path</highway>
              <surface>ground</surface>
              <access>yes</access>
              <mtb_scale>1</mtb_scale>
            </gpxtpx:Extensions>
          </gpxtpx:TrackPointExtension>
        </extensions>
      </trkpt>
      <trkpt lat="44.365878" lon="8.499202">
        <time>2024-06-15T08:00:50Z</time>
        <ele>220.75</ele>
        <extensions>
          <gpxtpx:TrackPointExtension>
            <gpxtpx:Extensions>
              <highway>path</highway>
              <surface>ground</surface>
              <access>yes</access>
              <mtb_scale>1</mtb_scale>
            </gpxtpx:Extensions>
          </gpxtpx:TrackPointExtension>
        </extensions>
      </trkpt>
      <trkpt lat="44.365645" lon="8.499325">
        <time>2024-06-15T08:00:57Z</time>
        <ele>216.5</ele>
        <extensions>
          <gpxtpx:TrackPointExtension>
            <gpxtpx:Extensions>
              <highway>path</highway>
              <surface>ground</surface>
              <access>yes</access>
              <mtb_scale>1</mtb_scale>
            </gpxtpx:Extensions>
          </gpxtpx:TrackPointExtension>
        </extensions>
      </trkpt>
      <trkpt lat="44.365159" lon="8.499488">
        <time>2024-06-15T08:01:10Z</time>
        <ele>209.75</ele>
        <extensions>
          <gpxtpx:TrackPointExtension>
            <gpxtpx:Extensions>
              <highway>path</highway>
              <surface>ground</surface>
              <access>yes</access>
              <mtb_scale>1</mtb_scale>
            </gpxtpx:Extensions>
          </gpxtpx:TrackPointExtension>
        </extensions>
      </trkpt>
      <trkpt lat="44.36506" lon="8.499507">
        <time>2024-06-15T08:01:13Z</time>
        <ele>208.75</ele>
        <extensions>
          <gpxtpx:TrackPointExtension>
            <gpxtpx:Extensions>
              <highway>path</highway>
              <surface>ground</surface>
              <access>yes</access>
              <mtb_scale>1</mtb_scale>
            </gpxtpx:Extensions>
          </gpxtpx:TrackPointExtension>
        </extensions>
      </trkpt>
      <trkpt lat="44.364775" lon="8.499438">
        <time>2024-06-15T08:01:20Z</time>
        <ele>205.25</ele>
        <extensions>
          <gpxtpx:TrackPointExtension>
            <gpxtpx:Extensions>
              <highway>path</highway>
              <surface>ground</surface>
              <access>yes</access>
              <mtb_scale>1</mtb_scale>
            </gpxtpx:Extensions>
          </gpxtpx:TrackPointExtension>
        </extensions>
      </trkpt>
      <trkpt lat="44.364597" lon="8.499408">
        <time>2024-06-15T08:01:25Z</time>
        <ele>203.25</ele>
        <extensions>
          <gpxtpx:TrackPointExtension>
            <gpxtpx:Extensions>
              <highway>path</highway>
              <surface>ground</surface>
              <access>yes</access>
              <mtb_scale>1</mtb_scale>
            </gpxtpx:Extensions>
          </gpxtpx:TrackPointExtension>
        </extensions>
      </trkpt>
      <trkpt lat="44.364451" lon="8.499464">
        <time>2024-06-15T08:01:29Z</time>
        <ele>201.75</ele>
        <extensions>
          <gpxtpx:TrackPointExtension>
            <gpxtpx:Extensions>
              <highway>path</highway>
              <surface>ground</surface>
              <access>yes</access>
              <mtb_scale>1</mtb_scale>
            </gpxtpx:Extensions>
          </gpxtpx:TrackPointExtension>
        </extensions>
      </trkpt>
      <trkpt lat="44.364314" lon="8.499505">
        <time>2024-06-15T08:01:33Z</time>
        <ele>200.25</ele>
        <extensions>
          <gpxtpx:TrackPointExtension>
            <gpxtpx:Extensions>
              <highway>path</highway>
              <surface>ground</surface>
              <access>yes</access>
              <mtb_scale>1</mtb_scale>
            </gpxtpx:Extensions>
          </gpxtpx:TrackPointExtension>
        </extensions>
      </trkpt>
      <trkpt lat="44.36409" lon="8.499491">
        <time>2024-06-15T08:01:39Z</time>
        <ele>198.5</ele>
        <extensions>
          <gpxtpx:TrackPointExtension>
            <gpxtpx:Extensions>
              <highway>path</highway>
              <surface>ground</surface>
              <access>yes</access>
              <mtb_scale>1</mtb_scale>
            </gpxtpx:Extensions>
          </gpxtpx:TrackPointExtension>
        </extensions>
      </trkpt>
      <trkpt lat="44.36392" lon="8.499517">
        <time>2024-06-15T08:01:44Z</time>
        <ele>198</ele>
        <extensions>
          <gpxtpx:TrackPointExtension>
            <gpxtpx:Extensions>
              <highway>path</highway>
              <surface>ground</surface>
              <access>yes</access>
              <mtb_scale>1</mtb_scale>
            </gpxtpx:Extensions>
          </gpxtpx:TrackPointExtension>
        </extensions>
      </trkpt>
      <trkpt lat="44.36357" lon="8.49966">
        <time>2024-06-15T08:01:53Z</time>
        <ele>198</ele>
        <extensions>
          <gpxtpx:TrackPointExtension>
            <gpxtpx:Extensions>
              <highway>path</highway>
              <surface>ground</surface>
              <access>yes</access>
              <mtb_scale>1</mtb_scale>
            </gpxtpx:Extensions>
          </gpxtpx:TrackPointExtension>
        </extensions>
      </trkpt>
      <trkpt lat="44.363445" lon="8.499702">
        <time>2024-06-15T08:01:57Z</time>
        <ele>198.25</ele>
        <extensions>
          <gpxtpx:TrackPointExtension>
            <gpxtpx:Extensions>
              <highway>path</highway>
              <surface>ground</surface>
              <access>yes</access>
              <mtb_scale>1</mtb_scale>
            </gpxtpx:Extensions>
          </gpxtpx:TrackPointExtension>
        </extensions>
      </trkpt>
      <trkpt lat="44.363307" lon="8.499643">
        <time>2024-06-15T08:02:01Z</time>
        <ele>197.25</ele>
        <extensions>
          <gpxtpx:TrackPointExtension>
            <gpxtpx:Extensions>
              <highway>path</highway>
              <surface>ground</surface>
              <access>yes</access>
              <mtb_scale>1</mtb_scale>
            </gpxtpx:Extensions>
          </gpxtpx:TrackPointExtension>
        </extensions>
      </trkpt>
      <trkpt lat="44.363021" lon="8.499501">
        <time>2024-06-15T08:02:09Z</time>
        <ele>192.5</ele>
        <extensions>
          <gpxtpx:TrackPointExtension>
            <gpxtpx:Extensions>
              <highway>path</highway>
              <surface>ground</surface>
              <access>yes</access>
              <mtb_scale>1</mtb_scale>
            </gpxtpx:Extensions>
          </gpxtpx:TrackPointExtension>
        </extensions>
      </trkpt>
      <trkpt lat="44.362888" lon="8.499488">
        <time>2024-06-15T08:02:12Z</time>
        <ele>190.75</ele>
        <extensions>
          <gpxtpx:TrackPointExtension>
            <gpxtpx:Extensions>
              <highway>path</highway>
              <surface>ground</surface>
              <access>yes</access>
              <mtb_scale>1</mtb_scale>
            </gpxtpx:Extensions>
          </gpxtpx:TrackPointExtension>
        </extensions>
      </trkpt>
      <trkpt lat="44.362805" lon="8.49951">
        <time>2024-06-15T08:02:15Z</time>
        <ele>190.25</ele>
        <extensions>
          <gpxtpx:TrackPointExtension>
            <gpxtpx:Extensions>
              <highway>path</highway>
              <surface>ground</surface>
              <access>yes</access>
              <mtb_scale>1</mtb_scale>
            </gpxtpx:Extensions>
          </gpxtpx:TrackPointExtension>
        </extensions>
      </trkpt>
      <trkpt lat="44.362709" lon="8.499616">
        <time>2024-06-15T08:02:18Z</time>
        <ele>191.5</ele>
        <extensions>
          <gpxtpx:TrackPointExtension>
            <gpxtpx:Extensions>
              <highway>path</highway>
              <surface>ground</surface>
              <access>yes</access>
              <mtb_scale>1</mtb_scale>
            </gpxtpx:Extensions>
          </gpxtpx:TrackPointExtension>
        </extensions>
      </trkpt>
      <trkpt lat="44.362665" lon="8.499797">
        <time>2024-06-15T08:02:22Z</time>
        <ele>195.5</ele>
        <extensions>
          <gpxtpx:TrackPointExtension>
            <gpxtpx:Extensions>
              <highway>path</highway>
              <surface>ground</surface>
              <access>yes</access>
              <mtb_scale>1</mtb_scale>
            </gpxtpx:Extensions>
          </gpxtpx:TrackPointExtension>
        </extensions>
      </trkpt>
      <trkpt lat="44.362604" lon="8.499902">
        <time>2024-06-15T08:02:24Z</time>
        <ele>197.5</ele>
        <extensions>
          <gpxtpx:TrackPointExtension>
            <gpxtpx:Extensions>
              <highway>path</highway>
              <surface>ground</surface>
              <access>yes</access>
              <mtb_scale>1</mtb_scale>
            </gpxtpx:Extensions>
          </gpxtpx:TrackPointExtension>
        </extensions>
      </trkpt>
      <trkpt lat="44.362512" lon="8.499971">
        <time>2024-06-15T08:02:27Z</time>
        <ele>199.25</ele>
        <extensions>
          <gpxtpx:TrackPointExtension>
            <gpxtpx:Extensions>
              <highway>path</highway>
              <surface>ground</surface>
              <access>yes</access>
              <mtb_scale>1</mtb_scale>
            </gpxtpx:Extensions>
          </gpxtpx:TrackPointExtension>
        </extensions>
      </trkpt>
      <trkpt lat="44.362399" lon="8.500022">
        <time>2024-06-15T08:02:30Z</time>
        <ele>197.75</ele>
        <extensions>
          <gpxtpx:TrackPointExtension>
            <gpxtpx:Extensions>
              <highway>path</highway>
              <surface>ground</surface>
              <access>yes</access>
              <mtb_scale>1</mtb_scale>
            </gpxtpx:Extensions>
          </gpxtpx:TrackPointExtension>
        </extensions>
      </trkpt>
      <trkpt lat="44.362295" lon="8.500114">
        <time>2024-06-15T08:02:34Z</time>
        <ele>195.5</ele>
        <extensions>
          <gpxtpx:TrackPointExtension>
            <gpxtpx:Extensions>
              <highway>path</highway>
              <surface>ground</surface>
              <access>yes</access>
              <mtb_scale>1</mtb_scale>
            </gpxtpx:Extensions>
          </gpxtpx:TrackPointExtension>
        </extensions>
      </trkpt>
      <trkpt lat="44.362121" lon="8.500371">
        <time>2024-06-15T08:02:41Z</time>
        <ele>193.25</ele>
        <extensions>
          <gpxtpx:TrackPointExtension>
            <gpxtpx:Extensions>
              <highway>path</highway>
              <surface>ground</surface>
              <access>yes</access>
              <mtb_scale>1</mtb_scale>
            </gpxtpx:Extensions>
          </gpxtpx:TrackPointExtension>
        </extensions>
      </trkpt>
      <trkpt lat="44.362053" lon="8.500422">
        <time>2024-06-15T08:02:43Z</time>
        <ele>193</ele>
        <extensions>
          <gpxtpx:TrackPointExtension>
            <gpxtpx:Extensions>
              <highway>path</highway>
              <surface>ground</surface>
              <access>yes</access>
              <mtb_scale>1</mtb_scale>
            </gpxtpx:Extensions>
          </gpxtpx:TrackPointExtension>
        </extensions>
      </trkpt>
      <trkpt lat="44.361913" lon="8.500565">
        <time>2024-06-15T08:02:47Z</time>
        <ele>194.25</ele>
        <extensions>
          <gpxtpx:TrackPointExtension>
            <gpxtpx:Extensions>
              <highway>path</highway>
              <surface>ground</surface>
              <access>yes</access>
              <mtb_scale>1</mtb_scale>
            </gpxtpx:Extensions>
          </gpxtpx:TrackPointExtension>
        </extensions>
      </trkpt>
      <trkpt lat="44.361809" lon="8.500605">
        <time>2024-06-15T08:02:50Z</time>
        <ele>195.5</ele>
        <extensions>
          <gpxtpx:TrackPointExtension>
            <gpxtpx:Extensions>
              <highway>path</highway>
              <surface>ground</surface>
              <access>yes</access>
              <mtb_scale>1</mtb_scale>
            </gpxtpx:Extensions>
          </gpxtpx:TrackPointExtension>
        </extensions>
      </trkpt>
      <trkpt lat="44.361671" lon="8.50061">
        <time>2024-06-15T08:02:54Z</time>
        <ele>196.5</ele>
        <extensions>
          <gpxtpx:TrackPointExtension>
            <gpxtpx:Extensions>
              <highway>path</highway>
              <surface>ground</surface>
              <access>yes</access>
              <mtb_scale>1</mtb_scale>
            </gpxtpx:Extensions>
          </gpxtpx:TrackPointExtension>
        </extensions>
      </trkpt>
      <trkpt lat="44.361482" lon="8.500591">
        <time>2024-06-15T08:02:59Z</time>
        <ele>196.25</ele>
        <extensions>
          <gpxtpx:TrackPointExtension>
            <gpxtpx:Extensions>
              <highway>path</highway>
              <surface>ground</surface>
              <access>yes</access>
              <mtb_scale>1</mtb_scale>
            </gpxtpx:Extensions>
          </gpxtpx:TrackPointExtension>
        </extensions>
      </trkpt>
      <trkpt lat="44.36121" lon="8.500578">
        <time>2024-06-15T08:03:06Z</time>
        <ele>196</ele>
        <extensions>
          <gpxtpx:TrackPointExtension>
            <gpxtpx:Extensions>
              <highway>path</highway>
              <surface>ground</surface>
              <access>yes</access>
              <mtb_scale>1</mtb_scale>
            </gpxtpx:Extensions>
          </gpxtpx:TrackPointExtension>
        </extensions>
      </trkpt>
      <trkpt lat="44.360913" lon="8.500599">
        <time>2024-06-15T08:03:14Z</time>
        <ele>196.75</ele>
        <extensions>
          <gpxtpx:TrackPointExtension>
            <gpxtpx:Extensions>
              <highway>path</highway>
              <surface>ground</surface>
              <access>yes</access>
              <mtb_scale>1</mtb_scale>
            </gpxtpx:Extensions>
          </gpxtpx:TrackPointExtension>
        </extensions>
      </trkpt>
      <trkpt lat="44.360838" lon="8.500655">
        <time>2024-06-15T08:03:16Z</time>
        <ele>198.5</ele>
        <extensions>
          <gpxtpx:TrackPointExtension>
            <gpxtpx:Extensions>
              <highway>path</highway>
              <surface>ground</surface>
              <access>yes</access>
              <mtb_scale>1</mtb_scale>
            </gpxtpx:Extensions>
          </gpxtpx:TrackPointExtension>
        </extensions>
      </trkpt>
      <trkpt lat="44.360782" lon="8.500787">
        <time>2024-06-15T08:03:19Z</time>
        <ele>202.5</ele>
        <extensions>
          <gpxtpx:TrackPointExtension>
            <gpxtpx:Extensions>
              <highway>path</highway>
              <surface>ground</surface>
              <access>yes</access>
              <mtb_scale>1</mtb_scale>
            </gpxtpx:Extensions>
          </gpxtpx:TrackPointExtension>
        </extensions>
      </trkpt>
      <trkpt lat="44.360684" lon="8.500985">
        <time>2024-06-15T08:03:24Z</time>
        <ele>201</ele>
        <extensions>
          <gpxtpx:TrackPointExtension>
            <gpxtpx:Extensions>
              <highway>path</highway>
              <surface>ground</surface>
              <access>yes</access>
              <mtb_scale>1</mtb_scale>
            </gpxtpx:Extensions>
          </gpxtpx:TrackPointExtension>
        </extensions>
      </trkpt>
      <trkpt lat="44.360606" lon="8.501087">
        <time>2024-06-15T08:03:27Z</time>
        <ele>199.75</ele>
        <extensions>
          <gpxtpx:TrackPointExtension>
            <gpxtpx:Extensions>
              <highway>path</highway>
              <surface>ground</surface>
              <access>yes</access>
              <mtb_scale>1</mtb_scale>
            </gpxtpx:Extensions>
          </gpxtpx:TrackPointExtension>
        </extensions>
      </trkpt>
      <trkpt lat="44.360508" lon="8.501173">
        <time>2024-06-15T08:03:30Z</time>
        <ele>199</ele>
        <extensions>
          <gpxtpx:TrackPointExtension>
            <gpxtpx:Extensions>
              <highway>path</highway>
              <surface>ground</surface>
              <access>yes</access>
              <mtb_scale>1</mtb_scale>
            </gpxtpx:Extensions>
          </gpxtpx:TrackPointExtension>
        </extensions>
      </trkpt>
      <trkpt lat="44.360408" lon="8.501196">
        <time>2024-06-15T08:03:33Z</time>
        <ele>199.25</ele>
        <extensions>
          <gpxtpx:TrackPointExtension>
            <gpxtpx:Extensions>
              <highway>path</highway>
              <surface>ground</surface>
              <access>yes</access>
              <mtb_scale>1</mtb_scale>
            </gpxtpx:Extensions>
          </gpxtpx:TrackPointExtension>
        </extensions>
      </trkpt>
      <trkpt lat="44.360085" lon="8.501139">
        <time>2024-06-15T08:03:41Z</time>
        <ele>201.75</ele>
        <extensions>
          <gpxtpx:TrackPointExtension>
            <gpxtpx:Extensions>
              <highway>path</highway>
              <surface>ground</surface>
              <access>yes</access>
              <mtb_scale>1</mtb_scale>
            </gpxtpx:Extensions>
          </gpxtpx:TrackPointExtension>
        </extensions>
      </trkpt>
      <trkpt lat="44.359723" lon="8.500941">
        <time>2024-06-15T08:03:52Z</time>
        <ele>206.25</ele>
        <extensions>
          <gpxtpx:TrackPointExtension>
            <gpxtpx:Extensions>
              <highway>path</highway>
              <surface>ground</surface>
              <access>yes</access>
              <mtb_scale>1</mtb_scale>
            </gpxtpx:Extensions>
          </gpxtpx:TrackPointExtension>
        </extensions>
      </trkpt>
      <trkpt lat="44.359543" lon="8.500773">
        <time>2024-06-15T08:03:58Z</time>
        <ele>208.25</ele>
        <extensions>
          <gpxtpx:TrackPointExtension>
            <gpxtpx:Extensions>
              <highway>path</highway>
              <surface>ground</surface>
              <access>yes</access>
              <mtb_scale>1</mtb_scale>
            </gpxtpx:Extensions>
          </gpxtpx:TrackPointExtension>
        </extensions>
      </trkpt>
      <trkpt lat="44.359377" lon="8.500556">
        <time>2024-06-15T08:04:04Z</time>
        <ele>205.5</ele>
        <extensions>
          <gpxtpx:TrackPointExtension>
            <gpxtpx:Extensions>
              <highway>path</highway>
              <surface>ground</surface>
              <access>yes</access>
              <mtb_scale>1</mtb_scale>
            </gpxtpx:Extensions>
          </gpxtpx:TrackPointExtension>
        </extensions>
      </trkpt>
      <trkpt lat="44.359146" lon="8.500234">
        <time>2024-06-15T08:04:12Z</time>
        <ele>203</ele>
        <extensions>
          <gpxtpx:TrackPointExtension>
            <gpxtpx:Extensions>
              <highway>path</highway>
              <surface>ground</surface>
              <access>yes</access>
              <mtb_scale>1</mtb_scale>
            </gpxtpx:Extensions>
          </gpxtpx:TrackPointExtension>
        </extensions>
      </trkpt>
      <trkpt lat="44.359102" lon="8.500207">
        <time>2024-06-15T08:04:14Z</time>
        <ele>202.25</ele>
        <extensions>
          <gpxtpx:TrackPointExtension>
            <gpxtpx:Extensions>
              <highway>path</highway>
              <surface>ground</surface>
              <access>yes</access>
              <mtb_scale>1</mtb_scale>
            </gpxtpx:Extensions>
          </gpxtpx:TrackPointExtension>
        </extensions>
      </trkpt>
      <trkpt lat="44.359016" lon="8.500174">
        <time>2024-06-15T08:04:16Z</time>
        <ele>201.5</ele>
        <extensions>
          <gpxtpx:TrackPointExtension>
            <gpxtpx:Extensions>
              <highway>path</highway>
              <surface>ground</surface>
              <access>yes</access>
              <mtb_scale>1</mtb_scale>
            </gpxtpx:Extensions>
          </gpxtpx:TrackPointExtension>
        </extensions>
      </trkpt>
      <trkpt lat="44.358866" lon="8.500027">
        <time>2024-06-15T08:04:21Z</time>
        <ele>198.25</ele>
        <extensions>
          <gpxtpx:TrackPointExtension>
            <gpxtpx:Extensions>
              <highway>path</highway>
              <surface>ground</surface>
              <access>yes</access>
              <mtb_scale>1</mtb_scale>
            </gpxtpx:Extensions>
          </gpxtpx:TrackPointExtension>
        </extensions>
      </trkpt>
      <trkpt lat="44.358799" lon="8.499928">
        <time>2024-06-15T08:04:24Z</time>
        <ele>194.25</ele>
        <extensions>
          <gpxtpx:TrackPointExtension>
            <gpxtpx:Extensions>
              <highway>path</highway>
              <surface>ground</surface>
              <access>yes</access>
              <mtb_scale>1</mtb_scale>
            </gpxtpx:Extensions>
          </gpxtpx:TrackPointExtension>
        </extensions>
      </trkpt>
      <trkpt lat="44.358503" lon="8.499951">
        <time>2024-06-15T08:04:32Z</time>
        <ele>195</ele>
        <extensions>
          <gpxtpx:TrackPointExtension>
            <gpxtpx:Extensions>
              <highway>path</highway>
              <surface>ground</surface>
              <access>yes</access>
              <mtb_scale>1</mtb_scale>
            </gpxtpx:Extensions>
          </gpxtpx:TrackPointExtension>
        </extensions>
      </trkpt>
      <trkpt lat="44.35845" lon="8.499965">
        <time>2024-06-15T08:04:33Z</time>
        <ele>195.5</ele>
        <extensions>
          <gpxtpx:TrackPointExtension>
            <gpxtpx:Extensions>
              <highway>path</highway>
              <surface>ground</surface>
              <access>yes</access>
              <mtb_scale>1</mtb_scale>
            </gpxtpx:Extensions>
          </gpxtpx:TrackPointExtension>
        </extensions>
      </trkpt>
      <trkpt lat="44.358365" lon="8.499967">
        <time>2024-06-15T08:04:35Z</time>
        <ele>195.5</ele>
        <extensions>
          <gpxtpx:TrackPointExtension>
            <gpxtpx:Extensions>
              <highway>path</highway>
              <surface>ground</surface>
              <access>yes</access>
              <mtb_scale>1</mtb_scale>
            </gpxtpx:Extensions>
          </gpxtpx:TrackPointExtension>
        </extensions>
      </trkpt>
      <trkpt lat="44.358247" lon="8.499901">
        <time>2024-06-15T08:04:39Z</time>
        <ele>191.5</ele>
        <extensions>
          <gpxtpx:TrackPointExtension>
            <gpxtpx:Extensions>
              <highway>path</highway>
              <surface>ground</surface>
              <access>yes</access>
              <mtb_scale>1</mtb_scale>
            </gpxtpx:Extensions>
          </gpxtpx:TrackPointExtension>
        </extensions>
      </trkpt>
      <trkpt lat="44.358097" lon="8.499856">
        <time>2024-06-15T08:04:43Z</time>
        <ele>188.5</ele>
        <extensions>
          <gpxtpx:TrackPointExtension>
            <gpxtpx:Extensions>
              <highway>path</highway>
              <surface>ground</surface>
              <access>yes</access>
              <mtb_scale>1</mtb_scale>
            </gpxtpx:Extensions>
          </gpxtpx:TrackPointExtension>
        </extensions>
      </trkpt>
      <trkpt lat="44.357937" lon="8.49977">
        <time>2024-06-15T08:04:48Z</time>
        <ele>184.25</ele>
        <extensions>
          <gpxtpx:TrackPointExtension>
            <gpxtpx:Extensions>
              <highway>path</highway>
              <surface>ground</surface>
              <access>yes</access>
              <mtb_scale>1</mtb_scale>
            </gpxtpx:Extensions>
          </gpxtpx:TrackPointExtension>
        </extensions>
      </trkpt>
      <trkpt lat="44.357665" lon="8.499514">
        <time>2024-06-15T08:04:57Z</time>
        <ele>175</ele>
        <extensions>
          <gpxtpx:TrackPointExtension>
            <gpxtpx:Extensions>
              <highway>path</highway>
              <surface>ground</surface>
              <access>yes</access>
              <mtb_scale>1</mtb_scale>
            </gpxtpx:Extensions>
          </gpxtpx:TrackPointExtension>
        </extensions>
      </trkpt>
      <trkpt lat="44.35757" lon="8.499439">
        <time>2024-06-15T08:05:00Z</time>
        <ele>173</ele>
        <extensions>
          <gpxtpx:TrackPointExtension>
            <gpxtpx:Extensions>
              <highway>path</highway>
              <surface>ground</surface>
              <access>yes</access>
              <mtb_scale>1</mtb_scale>
            </gpxtpx:Extensions>
          </gpxtpx:TrackPointExtension>
        </extensions>
      </trkpt>
      <trkpt lat="44.357484" lon="8.499433">
        <time>2024-06-15T08:05:02Z</time>
        <ele>172.5</ele>
        <extensions>
          <gpxtpx:TrackPointExtension>
            <gpxtpx:Extensions>
              <highway>path</highway>
              <surface>ground</surface>
              <access>yes</access>
              <mtb_scale>1</mtb_scale>
            </gpxtpx:Extensions>
          </gpxtpx:TrackPointExtension>
        </extensions>
      </trkpt>
      <trkpt lat="44.357392" lon="8.499531">
        <time>2024-06-15T08:05:05Z</time>
        <ele>172.5</ele>
        <extensions>
          <gpxtpx:TrackPointExtension>
            <gpxtpx:Extensions>
              <highway>path</highway>
              <surface>ground</surface>
              <access>yes</access>
              <mtb_scale>1</mtb_scale>
            </gpxtpx:Extensions>
          </gpxtpx:TrackPointExtension>
        </extensions>
      </trkpt>
      <trkpt lat="44.357377" lon="8.499655">
        <time>2024-06-15T08:05:08Z</time>
        <ele>175</ele>
        <extensions>
          <gpxtpx:TrackPointExtension>
            <gpxtpx:Extensions>
              <highway>path</highway>
              <surface>ground</surface>
              <access>yes</access>
              <mtb_scale>1</mtb_scale>
            </gpxtpx:Extensions>
          </gpxtpx:TrackPointExtension>
        </extensions>
      </trkpt>
      <trkpt lat="44.357371" lon="8.499747">
        <time>2024-06-15T08:05:10Z</time>
        <ele>177</ele>
        <extensions>
          <gpxtpx:TrackPointExtension>
            <gpxtpx:Extensions>
              <highway>path</highway>
              <surface>ground</surface>
              <access>yes</access>
              <mtb_scale>1</mtb_scale>
            </gpxtpx:Extensions>
          </gpxtpx:TrackPointExtension>
        </extensions>
      </trkpt>
      <trkpt lat="44.357397" lon="8.499949">
        <time>2024-06-15T08:05:14Z</time>
        <ele>183</ele>
        <extensions>
          <gpxtpx:TrackPointExtension>
            <gpxtpx:Extensions>
              <highway>path</highway>
              <surface>ground</surface>
              <access>yes</access>
              <mtb_scale>1</mtb_scale>
            </gpxtpx:Extensions>
          </gpxtpx:TrackPointExtension>
        </extensions>
      </trkpt>
      <trkpt lat="44.357396" lon="8.500169">
        <time>2024-06-15T08:05:18Z</time>
        <ele>187</ele>
        <extensions>
          <gpxtpx:TrackPointExtension>
            <gpxtpx:Extensions>
              <highway>path</highway>
              <surface>ground</surface>
              <access>yes</access>
              <mtb_scale>1</mtb_scale>
            </gpxtpx:Extensions>
          </gpxtpx:TrackPointExtension>
        </extensions>
      </trkpt>
      <trkpt lat="44.357374" lon="8.500429">
        <time>2024-06-15T08:05:23Z</time>
        <ele>190.25</ele>
        <extensions>
          <gpxtpx:TrackPointExtension>
            <gpxtpx:Extensions>
              <highway>path</highway>
              <surface>ground</surface>
              <access>yes</access>
              <mtb_scale>1</mtb_scale>
            </gpxtpx:Extensions>
          </gpxtpx:TrackPointExtension>
        </extensions>
      </trkpt>
      <trkpt lat="44.357344" lon="8.500481">
        <time>2024-06-15T08:05:24Z</time>
        <ele>190</ele>
        <extensions>
          <gpxtpx:TrackPointExtension>
            <gpxtpx:Extensions>
              <highway>path</highway>
              <surface>ground</surface>
              <access>yes</access>
              <mtb_scale>1</mtb_scale>
            </gpxtpx:Extensions>
          </gpxtpx:TrackPointExtension>
        </extensions>
      </trkpt>
      <trkpt lat="44.357306" lon="8.500506">
        <time>2024-06-15T08:05:25Z</time>
        <ele>189</ele>
        <extensions>
          <gpxtpx:TrackPointExtension>
            <gpxtpx:Extensions>
              <highway>path</highway>
              <surface>ground</surface>
              <access>yes</access>
              <mtb_scale>1</mtb_scale>
            </gpxtpx:Extensions>
          </gpxtpx:TrackPointExtension>
        </extensions>
      </trkpt>
      <trkpt lat="44.357168" lon="8.500501">
        <time>2024-06-15T08:05:29Z</time>
        <ele>183.5</ele>
        <extensions>
          <gpxtpx:TrackPointExtension>
            <gpxtpx:Extensions>
              <highway>path</highway>
              <surface>ground</surface>
              <access>yes</access>
              <mtb_scale>1</mtb_scale>
            </gpxtpx:Extensions>
          </gpxtpx:TrackPointExtension>
        </extensions>
      </trkpt>
      <trkpt lat="44.35704" lon="8.500514">
        <time>2024-06-15T08:05:33Z</time>
        <ele>178.75</ele>
        <extensions>
          <gpxtpx:TrackPointExtension>
            <gpxtpx:Extensions>
              <highway>path</highway>
              <surface>ground</surface>
              <access>yes</access>
              <mtb_scale>1</mtb_scale>
            </gpxtpx:Extensions>
          </gpxtpx:TrackPointExtension>
        </extensions>
      </trkpt>
      <trkpt lat="44.356996" lon="8.500532">
        <time>2024-06-15T08:05:34Z</time>
        <ele>177.25</ele>
        <extensions>
          <gpxtpx:TrackPointExtension>
            <gpxtpx:Extensions>
              <highway>path</highway>
              <surface>ground</surface>
              <access>yes</access>
              <mtb_scale>1</mtb_scale>
            </gpxtpx:Extensions>
          </gpxtpx:TrackPointExtension>
        </extensions>
      </trkpt>
      <trkpt lat="44.356951" lon="8.500579">
        <time>2024-06-15T08:05:36Z</time>
        <ele>176.25</ele>
        <extensions>
          <gpxtpx:TrackPointExtension>
            <gpxtpx:Extensions>
              <highway>path</highway>
              <surface>ground</surface>
              <access>yes</access>
              <mtb_scale>1</mtb_scale>
            </gpxtpx:Extensions>
          </gpxtpx:TrackPointExtension>
        </extensions>
      </trkpt>
      <trkpt lat="44.356943" lon="8.500658">
        <time>2024-06-15T08:05:37Z</time>
        <ele>177</ele>
        <extensions>
          <gpxtpx:TrackPointExtension>
            <gpxtpx:Extensions>
              <highway>path</highway>
              <surface>ground</surface>
              <access>yes</access>
              <mtb_scale>1</mtb_scale>
            </gpxtpx:Extensions>
          </gpxtpx:TrackPointExtension>
        </extensions>
      </trkpt>
      <trkpt lat="44.356989" lon="8.500827">
        <time>2024-06-15T08:05:41Z</time>
        <ele>181</ele>
        <extensions>
          <gpxtpx:TrackPointExtension>
            <gpxtpx:Extensions>
              <highway>path</highway>
              <surface>ground</surface>
              <access>yes</access>
              <mtb_scale>1</mtb_scale>
            </gpxtpx:Extensions>
          </gpxtpx:TrackPointExtension>
        </extensions>
      </trkpt>
      <trkpt lat="44.356999" lon="8.50095">
        <time>2024-06-15T08:05:43Z</time>
        <ele>182.75</ele>
        <extensions>
          <gpxtpx:TrackPointExtension>
            <gpxtpx:Extensions>
              <highway>path</highway>
              <surface>ground</surface>
              <access>yes</access>
              <mtb_scale>1</mtb_scale>
            </gpxtpx:Extensions>
          </gpxtpx:TrackPointExtension>
        </extensions>
      </trkpt>
      <trkpt lat="44.356972" lon="8.501122">
        <time>2024-06-15T08:05:47Z</time>
        <ele>183.5</ele>
        <extensions>
          <gpxtpx:TrackPointExtension>
            <gpxtpx:Extensions>
              <highway>path</highway>
              <surface>ground</surface>
              <access>yes</access>
              <mtb_scale>1</mtb_scale>
            </gpxtpx:Extensions>
          </gpxtpx:TrackPointExtension>
        </extensions>
      </trkpt>
      <trkpt lat="44.356916" lon="8.501286">
        <time>2024-06-15T08:05:50Z</time>
        <ele>183.75</ele>
        <extensions>
          <gpxtpx:TrackPointExtension>
            <gpxtpx:Extensions>
              <highway>path</highway>
              <surface>ground</surface>
              <access>yes</access>
              <mtb_scale>1</mtb_scale>
            </gpxtpx:Extensions>
          </gpxtpx:TrackPointExtension>
        </extensions>
      </trkpt>
      <trkpt lat="44.356795" lon="8.501475">
        <time>2024-06-15T08:05:55Z</time>
        <ele>182.75</ele>
        <extensions>
          <gpxtpx:TrackPointExtension>
            <gpxtpx:Extensions>
              <highway>path</highway>
              <surface>ground</surface>
              <access>yes</access>
              <mtb_scale>1</mtb_scale>
            </gpxtpx:Extensions>
          </gpxtpx:TrackPointExtension>
        </extensions>
      </trkpt>
      <trkpt lat="44.356649" lon="8.501653">
        <time>2024-06-15T08:06:00Z</time>
        <ele>181.75</ele>
        <extensions>
          <gpxtpx:TrackPointExtension>
            <gpxtpx:Extensions>
              <highway>path</highway>
              <surface>ground</surface>
              <access>yes</access>
              <mtb_scale>1</mtb_scale>
            </gpxtpx:Extensions>
          </gpxtpx:TrackPointExtension>
        </extensions>
      </trkpt>
      <trkpt lat="44.356489" lon="8.501929">
        <time>2024-06-15T08:06:07Z</time>
        <ele>174.75</ele>
        <extensions>
          <gpxtpx:TrackPointExtension>
            <gpxtpx:Extensions>
              <highway>path</highway>
              <surface>ground</surface>
              <access>yes</access>
              <mtb_scale>1</mtb_scale>
            </gpxtpx:Extensions>
          </gpxtpx:TrackPointExtension>
        </extensions>
      </trkpt>
      <trkpt lat="44.356478" lon="8.50201">
        <time>2024-06-15T08:06:09Z</time>
        <ele>174.75</ele>
        <extensions>
          <gpxtpx:TrackPointExtension>
            <gpxtpx:Extensions>
              <highway>path</highway>
              <surface>ground</surface>
              <access>yes</access>
              <mtb_scale>1</mtb_scale>
            </gpxtpx:Extensions>
          </gpxtpx:TrackPointExtension>
        </extensions>
      </trkpt>
      <trkpt lat="44.356487" lon="8.502166">
        <time>2024-06-15T08:06:12Z</time>
        <ele>176</ele>
        <extensions>
          <gpxtpx:TrackPointExtension>
            <gpxtpx:Extensions>
              <highway>path</highway>
              <surface>ground</surface>
              <access>yes</access>
              <mtb_scale>1</mtb_scale>
            </gpxtpx:Extensions>
          </gpxtpx:TrackPointExtension>
        </extensions>
      </trkpt>
      <trkpt lat="44.35648" lon="8.502457">
        <time>2024-06-15T08:06:17Z</time>
        <ele>177.5</ele>
        <extensions>
          <gpxtpx:TrackPointExtension>
            <gpxtpx:Extensions>
              <highway>path</highway>
              <surface>ground</surface>
              <access>yes</access>
              <mtb_scale>1</mtb_scale>
            </gpxtpx:Extensions>
          </gpxtpx:TrackPointExtension>
        </extensions>
      </trkpt>
      <trkpt lat="44.356434" lon="8.502628">
        <time>2024-06-15T08:06:21Z</time>
        <ele>174</ele>
        <extensions>
          <gpxtpx:TrackPointExtension>
            <gpxtpx:Extensions>
              <highway>path</highway>
              <surface>ground</surface>
              <access>yes</access>
              <mtb_scale>1</mtb_scale>
            </gpxtpx:Extensions>
          </gpxtpx:TrackPointExtension>
        </extensions>
      </trkpt>
      <trkpt lat="44.356275" lon="8.502901">
        <time>2024-06-15T08:06:28Z</time>
        <ele>168</ele>
        <extensions>
          <gpxtpx:TrackPointExtension>
            <gpxtpx:Extensions>
              <highway>path</highway>
              <surface>ground</surface>
              <access>yes</access>
              <mtb_scale>1</mtb_scale>
            </gpxtpx:Extensions>
          </gpxtpx:TrackPointExtension>
        </extensions>
      </trkpt>
      <trkpt lat="44.356206" lon="8.502981">
        <time>2024-06-15T08:06:30Z</time>
        <ele>167.5</ele>
        <extensions>
          <gpxtpx:TrackPointExtension>
            <gpxtpx:Extensions>
              <highway>path</highway>
              <surface>ground</surface>
              <access>yes</access>
              <mtb_scale>1</mtb_scale>
            </gpxtpx:Extensions>
          </gpxtpx:TrackPointExtension>
        </extensions>
      </trkpt>
      <trkpt lat="44.356107" lon="8.503053">
        <time>2024-06-15T08:06:33Z</time>
        <ele>167.75</ele>
        <extensions>
          <gpxtpx:TrackPointExtension>
            <gpxtpx:Extensions>
              <highway>path</highway>
              <surface>ground</surface>
              <access>yes</access>
              <mtb_scale>1</mtb_scale>
            </gpxtpx:Extensions>
          </gpxtpx:TrackPointExtension>
        </extensions>
      </trkpt>
      <trkpt lat="44.355969" lon="8.503128">
        <time>2024-06-15T08:06:37Z</time>
        <ele>169.25</ele>
        <extensions>
          <gpxtpx:TrackPointExtension>
            <gpxtpx:Extensions>
              <highway>path</highway>
              <surface>ground</surface>
              <access>yes</access>
              <mtb_scale>1</mtb_scale>
            </gpxtpx:Extensions>
          </gpxtpx:TrackPointExtension>
        </extensions>
      </trkpt>
      <trkpt lat="44.355675" lon="8.50335">
        <time>2024-06-15T08:06:46Z</time>
        <ele>175.25</ele>
        <extensions>
          <gpxtpx:TrackPointExtension>
            <gpxtpx:Extensions>
              <highway>path</highway>
              <surface>ground</surface>
              <access>yes</access>
              <mtb_scale>1</mtb_scale>
            </gpxtpx:Extensions>
          </gpxtpx:TrackPointExtension>
        </extensions>
      </trkpt>
      <trkpt lat="44.355578" lon="8.503379">
        <time>2024-06-15T08:06:49Z</time>
        <ele>175.25</ele>
        <extensions>
          <gpxtpx:TrackPointExtension>
            <gpxtpx:Extensions>
              <highway>path</highway>
              <surface>ground</surface>
              <access>yes</access>
              <mtb_scale>1</mtb_scale>
            </gpxtpx:Extensions>
          </gpxtpx:TrackPointExtension>
        </extensions>
      </trkpt>
      <trkpt lat="44.355491" lon="8.503378">
        <time>2024-06-15T08:06:51Z</time>
        <ele>175.75</ele>
        <extensions>
          <gpxtpx:TrackPointExtension>
            <gpxtpx:Extensions>
              <highway>path</highway>
              <surface>ground</surface>
              <access>yes</access>
              <mtb_scale>1</mtb_scale>
            </gpxtpx:Extensions>
          </gpxtpx:TrackPointExtension>
        </extensions>
      </trkpt>
      <trkpt lat="44.355363" lon="8.50335">
        <time>2024-06-15T08:06:55Z</time>
        <ele>176.5</ele>
        <extensions>
          <gpxtpx:TrackPointExtension>
            <gpxtpx:Extensions>
              <highway>path</highway>
              <surface>ground</surface>
              <access>yes</access>
              <mtb_scale>1</mtb_scale>
            </gpxtpx:Extensions>
          </gpxtpx:TrackPointExtension>
        </extensions>
      </trkpt>
      <trkpt lat="44.355134" lon="8.503324">
        <time>2024-06-15T08:07:01Z</time>
        <ele>177</ele>
        <extensions>
          <gpxtpx:TrackPointExtension>
            <gpxtpx:Extensions>
              <highway>path</highway>
              <surface>ground</surface>
              <access>yes</access>
              <mtb_scale>1</mtb_scale>
            </gpxtpx:Extensions>
          </gpxtpx:TrackPointExtension>
        </extensions>
      </trkpt>
      <trkpt lat="44.355017" lon="8.503322">
        <time>2024-06-15T08:07:04Z</time>
        <ele>177.5</ele>
        <extensions>
          <gpxtpx:TrackPointExtension>
            <gpxtpx:Extensions>
              <highway>path</highway>
              <surface>ground</surface>
              <access>yes</access>
              <mtb_scale>1</mtb_scale>
            </gpxtpx:Extensions>
          </gpxtpx:TrackPointExtension>
        </extensions>
      </trkpt>
      <trkpt lat="44.354928" lon="8.503304">
        <time>2024-06-15T08:07:06Z</time>
        <ele>176</ele>
        <extensions>
          <gpxtpx:TrackPointExtension>
            <gpxtpx:Extensions>
              <highway>path</highway>
              <surface>ground</surface>
              <access>yes</access>
              <mtb_scale>1</mtb_scale>
            </gpxtpx:Extensions>
          </gpxtpx:TrackPointExtension>
        </extensions>
      </trkpt>
      <trkpt lat="44.354852" lon="8.503267">
        <time>2024-06-15T08:07:08Z</time>
        <ele>174.25</ele>
        <extensions>
          <gpxtpx:TrackPointExtension>
            <gpxtpx:Extensions>
              <highway>path</highway>
              <surface>ground</surface>
              <access>yes</access>
              <mtb_scale>1</mtb_scale>
            </gpxtpx:Extensions>
          </gpxtpx:TrackPointExtension>
        </extensions>
      </trkpt>
      <trkpt lat="44.35471" lon="8.503084">
        <time>2024-06-15T08:07:14Z</time>
        <ele>167</ele>
        <extensions>
          <gpxtpx:TrackPointExtension>
            <gpxtpx:Extensions>
              <highway>path</highway>
              <surface>ground</surface>
              <access>yes</access>
              <mtb_scale>1</mtb_scale>
            </gpxtpx:Extensions>
          </gpxtpx:TrackPointExtension>
        </extensions>
      </trkpt>
      <trkpt lat="44.354648" lon="8.503026">
        <time>2024-06-15T08:07:16Z</time>
        <ele>164.75</ele>
        <extensions>
          <gpxtpx:TrackPointExtension>
            <gpxtpx:Extensions>
              <highway>path</highway>
              <surface>ground</surface>
              <access>yes</access>
              <mtb_scale>1</mtb_scale>
            </gpxtpx:Extensions>
          </gpxtpx:TrackPointExtension>
        </extensions>
      </trkpt>
      <trkpt lat="44.354625" lon="8.503013">
        <time>2024-06-15T08:07:17Z</time>
        <ele>164.25</ele>
        <extensions>
          <gpxtpx:TrackPointExtension>
            <gpxtpx:Extensions>
              <highway>path</highway>
              <surface>ground</surface>
              <access>yes</access>
              <mtb_scale>1</mtb_scale>
            </gpxtpx:Extensions>
          </gpxtpx:TrackPointExtension>
        </extensions>
      </trkpt>
      <trkpt lat="44.354589" lon="8.503022">
        <time>2024-06-15T08:07:18Z</time>
        <ele>164.25</ele>
        <extensions>
          <gpxtpx:TrackPointExtension>
            <gpxtpx:Extensions>
              <highway>path</highway>
              <surface>ground</surface>
              <access>yes</access>
              <mtb_scale>1</mtb_scale>
            </gpxtpx:Extensions>
          </gpxtpx:TrackPointExtension>
        </extensions>
      </trkpt>
      <trkpt lat="44.354521" lon="8.503096">
        <time>2024-06-15T08:07:20Z</time>
        <ele>165.75</ele>
        <extensions>
          <gpxtpx:TrackPointExtension>
            <gpxtpx:Extensions>
              <highway>path</highway>
              <surface>ground</surface>
              <access>yes</access>
              <mtb_scale>1</mtb_scale>
            </gpxtpx:Extensions>
          </gpxtpx:TrackPointExtension>
        </extensions>
      </trkpt>
      <trkpt lat="44.35448" lon="8.503179">
        <time>2024-06-15T08:07:22Z</time>
        <ele>168</ele>
        <extensions>
          <gpxtpx:TrackPointExtension>
            <gpxtpx:Extensions>
              <highway>path</highway>
              <surface>ground</surface>
              <access>yes</access>
              <mtb_scale>1</mtb_scale>
            </gpxtpx:Extensions>
          </gpxtpx:TrackPointExtension>
        </extensions>
      </trkpt>
      <trkpt lat="44.354405" lon="8.503398">
        <time>2024-06-15T08:07:27Z</time>
        <ele>172.25</ele>
        <extensions>
          <gpxtpx:TrackPointExtension>
            <gpxtpx:Extensions>
              <highway>path</highway>
              <surface>ground</surface>
              <access>yes</access>
              <mtb_scale>1</mtb_scale>
            </gpxtpx:Extensions>
          </gpxtpx:TrackPointExtension>
        </extensions>
      </trkpt>
      <trkpt lat="44.354274" lon="8.503644">
        <time>2024-06-15T08:07:33Z</time>
        <ele>174</ele>
        <extensions>
          <gpxtpx:TrackPointExtension>
            <gpxtpx:Extensions>
              <highway>path</highway>
              <surface>ground</surface>
              <access>yes</access>
              <mtb_scale>1</mtb_scale>
            </gpxtpx:Extensions>
          </gpxtpx:TrackPointExtension>
        </extensions>
      </trkpt>
      <trkpt lat="44.354221" lon="8.503726">
        <time>2024-06-15T08:07:35Z</time>
        <ele>174.75</ele>
        <extensions>
          <gpxtpx:TrackPointExtension>
            <gpxtpx:Extensions>
              <highway>path</highway>
              <surface>ground</surface>
              <access>yes</access>
              <mtb_scale>1</mtb_scale>
            </gpxtpx:Extensions>
          </gpxtpx:TrackPointExtension>
        </extensions>
      </trkpt>
      <trkpt lat="44.354156" lon="8.503799">
        <time>2024-06-15T08:07:37Z</time>
        <ele>175.25</ele>
        <extensions>
          <gpxtpx:TrackPointExtension>
            <gpxtpx:Extensions>
              <highway>path</highway>
              <surface>ground</surface>
              <access>yes</access>
              <mtb_scale>1</mtb_scale>
            </gpxtpx:Extensions>
          </gpxtpx:TrackPointExtension>
        </extensions>
      </trkpt>
      <trkpt lat="44.354069" lon="8.503882">
        <time>2024-06-15T08:07:40Z</time>
        <ele>174.75</ele>
        <extensions>
          <gpxtpx:TrackPointExtension>
            <gpxtpx:Extensions>
              <highway>path</highway>
              <surface>ground</surface>
              <access>yes</access>
              <mtb_scale>1</mtb_scale>
            </gpxtpx:Extensions>
          </gpxtpx:TrackPointExtension>
        </extensions>
      </trkpt>
      <trkpt lat="44.354028" lon="8.503908">
        <time>2024-06-15T08:07:41Z</time>
        <ele>174.25</ele>
        <extensions>
          <gpxtpx:TrackPointExtension>
            <gpxtpx:Extensions>
              <highway>path</highway>
              <surface>ground</surface>
              <access>yes</access>
              <mtb_scale>1</mtb_scale>
            </gpxtpx:Extensions>
          </gpxtpx:TrackPointExtension>
        </extensions>
      </trkpt>
      <trkpt lat="44.353962" lon="8.503917">
        <time>2024-06-15T08:07:43Z</time>
        <ele>173</ele>
        <extensions>
          <gpxtpx:TrackPointExtension>
            <gpxtpx:Extensions>
              <highway>path</highway>
              <surface>ground</surface>
              <access>yes</access>
              <mtb_scale>1</mtb_scale>
            </gpxtpx:Extensions>
          </gpxtpx:TrackPointExtension>
        </extensions>
      </trkpt>
      <trkpt lat="44.353943" lon="8.503932">
        <time>2024-06-15T08:07:43Z</time>
        <ele>172.75</ele>
        <extensions>
          <gpxtpx:TrackPointExtension>
            <gpxtpx:Extensions>
              <highway>path</highway>
              <foot>yes</foot>
            </gpxtpx:Extensions>
          </gpxtpx:TrackPointExtension>
        </extensions>
      </trkpt>
      <trkpt lat="44.353973" lon="8.503999">
        <time>2024-06-15T08:07:45Z</time>
        <ele>174.25</ele>
        <extensions>
          <gpxtpx:TrackPointExtension>
            <gpxtpx:Extensions>
              <highway>path</highway>
              <foot>yes</foot>
            </gpxtpx:Extensions>
          </gpxtpx:TrackPointExtension>
        </extensions>
      </trkpt>
      <trkpt lat="44.354006" lon="8.504064">
        <time>2024-06-15T08:07:46Z</time>
        <ele>175.75</ele>
        <extensions>
          <gpxtpx:TrackPointExtension>
            <gpxtpx:Extensions>
              <highway>path</highway>
              <foot>yes</foot>
            </gpxtpx:Extensions>
          </gpxtpx:TrackPointExtension>
        </extensions>
      </trkpt>
      <trkpt lat="44.354148" lon="8.504289">
        <time>2024-06-15T08:07:52Z</time>
        <ele>179.5</ele>
        <extensions>
          <gpxtpx:TrackPointExtension>
            <gpxtpx:Extensions>
              <highway>path</highway>
              <foot>yes</foot>
            </gpxtpx:Extensions>
          </gpxtpx:TrackPointExtension>
        </extensions>
      </trkpt>
      <trkpt lat="44.354187" lon="8.504416">
        <time>2024-06-15T08:07:55Z</time>
        <ele>179</ele>
        <extensions>
          <gpxtpx:TrackPointExtension>
            <gpxtpx:Extensions>
              <highway>path</highway>
              <foot>yes</foot>
            </gpxtpx:Extensions>
          </gpxtpx:TrackPointExtension>
        </extensions>
      </trkpt>
      <trkpt lat="44.354178" lon="8.504536">
        <time>2024-06-15T08:07:57Z</time>
        <ele>178.25</ele>
        <extensions>
          <gpxtpx:TrackPointExtension>
            <gpxtpx:Extensions>
              <highway>path</highway>
              <foot>yes</foot>
            </gpxtpx:Extensions>
          </gpxtpx:TrackPointExtension>
        </extensions>
      </trkpt>
      <trkpt lat="44.354142" lon="8.504603">
        <time>2024-06-15T08:07:59Z</time>
        <ele>177</ele>
        <extensions>
          <gpxtpx:TrackPointExtension>
            <gpxtpx:Extensions>
              <highway>path</highway>
              <foot>yes</foot>
            </gpxtpx:Extensions>
          </gpxtpx:TrackPointExtension>
        </extensions>
      </trkpt>
      <trkpt lat="44.354102" lon="8.50464">
        <time>2024-06-15T08:08:00Z</time>
        <ele>175.75</ele>
        <extensions>
          <gpxtpx:TrackPointExtension>
            <gpxtpx:Extensions>
              <highway>path</highway>
              <foot>yes</foot>
            </gpxtpx:Extensions>
          </gpxtpx:TrackPointExtension>
        </extensions>
      </trkpt>
      <trkpt lat="44.354061" lon="8.504705">
        <time>2024-06-15T08:08:02Z</time>
        <ele>174</ele>
        <extensions>
          <gpxtpx:TrackPointExtension>
            <gpxtpx:Extensions>
              <highway>path</highway>
              <foot>yes</foot>
            </gpxtpx:Extensions>
          </gpxtpx:TrackPointExtension>
        </extensions>
      </trkpt>
      <trkpt lat="44.354022" lon="8.504789">
        <time>2024-06-15T08:08:04Z</time>
        <ele>172</ele>
        <extensions>
          <gpxtpx:TrackPointExtension>
            <gpxtpx:Extensions>
              <highway>path</highway>
              <foot>yes</foot>
            </gpxtpx:Extensions>
          </gpxtpx:TrackPointExtension>
        </extensions>
      </trkpt>
      <trkpt lat="44.353893" lon="8.505011">
        <time>2024-06-15T08:08:09Z</time>
        <ele>166</ele>
        <extensions>
          <gpxtpx:TrackPointExtension>
            <gpxtpx:Extensions>
              <highway>path</highway>
              <foot>yes</foot>
            </gpxtpx:Extensions>
          </gpxtpx:TrackPointExtension>
        </extensions>
      </trkpt>
      <trkpt lat="44.353872" lon="8.505035">
        <time>2024-06-15T08:08:10Z</time>
        <ele>165.25</ele>
        <extensions>
          <gpxtpx:TrackPointExtension>
            <gpxtpx:Extensions>
              <highway>path</highway>
              <foot>yes</foot>
            </gpxtpx:Extensions>
          </gpxtpx:TrackPointExtension>
        </extensions>
      </trkpt>
      <trkpt lat="44.353851" lon="8.505045">
        <time>2024-06-15T08:08:11Z</time>
        <ele>164.5</ele>
        <extensions>
          <gpxtpx:TrackPointExtension>
            <gpxtpx:Extensions>
              <highway>path</highway>
              <foot>yes</foot>
            </gpxtpx:Extensions>
          </gpxtpx:TrackPointExtension>
        </extensions>
      </trkpt>
      <trkpt lat="44.353799" lon="8.505052">
        <time>2024-06-15T08:08:12Z</time>
        <ele>162.75</ele>
        <extensions>
          <gpxtpx:TrackPointExtension>
            <gpxtpx:Extensions>
              <highway>path</highway>
              <foot>yes</foot>
            </gpxtpx:Extensions>
          </gpxtpx:TrackPointExtension>
        </extensions>
      </trkpt>
      <trkpt lat="44.353721" lon="8.50509">
        <time>2024-06-15T08:08:15Z</time>
        <ele>160</ele>
        <extensions>
          <gpxtpx:TrackPointExtension>
            <gpxtpx:Extensions>
              <highway>path</highway>
              <foot>yes</foot>
            </gpxtpx:Extensions>
          </gpxtpx:TrackPointExtension>
        </extensions>
      </trkpt>
      <trkpt lat="44.353714" lon="8.505119">
        <time>2024-06-15T08:08:15Z</time>
        <ele>159.75</ele>
        <extensions>
          <gpxtpx:TrackPointExtension>
            <gpxtpx:Extensions>
              <highway>path</highway>
              <foot>yes</foot>
            </gpxtpx:Extensions>
          </gpxtpx:TrackPointExtension>
        </extensions>
      </trkpt>
      <trkpt lat="44.353669" lon="8.505174">
        <time>2024-06-15T08:08:17Z</time>
        <ele>158</ele>
        <extensions>
          <gpxtpx:TrackPointExtension>
            <gpxtpx:Extensions>
              <highway>path</highway>
              <foot>yes</foot>
            </gpxtpx:Extensions>
          </gpxtpx:TrackPointExtension>
        </extensions>
      </trkpt>
      <trkpt lat="44.353647" lon="8.505174">
        <time>2024-06-15T08:08:17Z</time>
        <ele>157.25</ele>
        <extensions>
          <gpxtpx:TrackPointExtension>
            <gpxtpx:Extensions>
              <highway>path</highway>
              <foot>yes</foot>
            </gpxtpx:Extensions>
          </gpxtpx:TrackPointExtension>
        </extensions>
      </trkpt>
      <trkpt lat="44.353612" lon="8.505131">
        <time>2024-06-15T08:08:19Z</time>
        <ele>156.25</ele>
        <extensions>
          <gpxtpx:TrackPointExtension>
            <gpxtpx:Extensions>
              <highway>path</highway>
              <foot>yes</foot>
            </gpxtpx:Extensions>
          </gpxtpx:TrackPointExtension>
        </extensions>
      </trkpt>
      <trkpt lat="44.35361" lon="8.505084">
        <time>2024-06-15T08:08:20Z</time>
        <ele>156.5</ele>
        <extensions>
          <gpxtpx:TrackPointExtension>
            <gpxtpx:Extensions>
              <highway>path</highway>
              <foot>yes</foot>
            </gpxtpx:Extensions>
          </gpxtpx:TrackPointExtension>
        </extensions>
      </trkpt>
      <trkpt lat="44.353584" lon="8.505041">
        <time>2024-06-15T08:08:21Z</time>
        <ele>155.75</ele>
        <extensions>
          <gpxtpx:TrackPointExtension>
            <gpxtpx:Extensions>
              <highway>path</highway>
              <foot>yes</foot>
            </gpxtpx:Extensions>
          </gpxtpx:TrackPointExtension>
        </extensions>
      </trkpt>
      <trkpt lat="44.353568" lon="8.505027">
        <time>2024-06-15T08:08:21Z</time>
        <ele>155.25</ele>
        <extensions>
          <gpxtpx:TrackPointExtension>
            <gpxtpx:Extensions>
              <highway>path</highway>
              <foot>yes</foot>
            </gpxtpx:Extensions>
          </gpxtpx:TrackPointExtension>
        </extensions>
      </trkpt>
      <trkpt lat="44.353518" lon="8.505021">
        <time>2024-06-15T08:08:23Z</time>
        <ele>153.75</ele>
        <extensions>
          <gpxtpx:TrackPointExtension>
            <gpxtpx:Extensions>
              <highway>path</highway>
              <foot>yes</foot>
            </gpxtpx:Extensions>
          </gpxtpx:TrackPointExtension>
        </extensions>
      </trkpt>
      <trkpt lat="44.353494" lon="8.50504">
        <time>2024-06-15T08:08:23Z</time>
        <ele>153</ele>
        <extensions>
          <gpxtpx:TrackPointExtension>
            <gpxtpx:Extensions>
              <highway>path</highway>
              <surface>ground</surface>
              <access>yes</access>
              <mtb_scale>3</mtb_scale>
            </gpxtpx:Extensions>
          </gpxtpx:TrackPointExtension>
        </extensions>
      </trkpt>
      <trkpt lat="44.353403" lon="8.505203">
        <time>2024-06-15T08:08:27Z</time>
        <ele>149.25</ele>
        <extensions>
          <gpxtpx:TrackPointExtension>
            <gpxtpx:Extensions>
              <highway>path</highway>
              <surface>ground</surface>
              <access>yes</access>
              <mtb_scale>3</mtb_scale>
            </gpxtpx:Extensions>
          </gpxtpx:TrackPointExtension>
        </extensions>
      </trkpt>
      <trkpt lat="44.353313" lon="8.505439">
        <time>2024-06-15T08:08:32Z</time>
        <ele>145.75</ele>
        <extensions>
          <gpxtpx:TrackPointExtension>
            <gpxtpx:Extensions>
              <highway>path</highway>
              <surface>ground</surface>
              <access>yes</access>
              <mtb_scale>3</mtb_scale>
            </gpxtpx:Extensions>
          </gpxtpx:TrackPointExtension>
        </extensions>
      </trkpt>
      <trkpt lat="44.353307" lon="8.505486">
        <time>2024-06-15T08:08:33Z</time>
        <ele>145.25</ele>
        <extensions>
          <gpxtpx:TrackPointExtension>
            <gpxtpx:Extensions>
              <highway>path</highway>
              <surface>ground</surface>
              <access>yes</access>
              <mtb_scale>3</mtb_scale>
            </gpxtpx:Extensions>
          </gpxtpx:TrackPointExtension>
        </extensions>
      </trkpt>
      <trkpt lat="44.353293" lon="8.50553">
        <time>2024-06-15T08:08:34Z</time>
        <ele>144.75</ele>
        <extensions>
          <gpxtpx:TrackPointExtension>
            <gpxtpx:Extensions>
              <highway>path</highway>
              <surface>ground</surface>
              <access>yes</access>
              <mtb_scale>3</mtb_scale>
            </gpxtpx:Extensions>
          </gpxtpx:TrackPointExtension>
        </extensions>
      </trkpt>
      <trkpt lat="44.353259" lon="8.505568">
        <time>2024-06-15T08:08:36Z</time>
        <ele>143.5</ele>
        <extensions>
          <gpxtpx:TrackPointExtension>
            <gpxtpx:Extensions>
              <highway>path</highway>
              <surface>ground</surface>
              <access>yes</access>
              <mtb_scale>3</mtb_scale>
            </gpxtpx:Extensions>
          </gpxtpx:TrackPointExtension>
        </extensions>
      </trkpt>
      <trkpt lat="44.353213" lon="8.505593">
        <time>2024-06-15T08:08:37Z</time>
        <ele>142</ele>
        <extensions>
          <gpxtpx:TrackPointExtension>
            <gpxtpx:Extensions>
              <highway>path</highway>
              <surface>ground</surface>
              <access>yes</access>
              <mtb_scale>3</mtb_scale>
            </gpxtpx:Extensions>
          </gpxtpx:TrackPointExtension>
        </extensions>
      </trkpt>
      <trkpt lat="44.353085" lon="8.50563">
        <time>2024-06-15T08:08:41Z</time>
        <ele>137.75</ele>
        <extensions>
          <gpxtpx:TrackPointExtension>
            <gpxtpx:Extensions>
              <highway>path</highway>
              <surface>ground</surface>
              <access>yes</access>
              <mtb_scale>3</mtb_scale>
            </gpxtpx:Extensions>
          </gpxtpx:TrackPointExtension>
        </extensions>
      </trkpt>
      <trkpt lat="44.352993" lon="8.505663">
        <time>2024-06-15T08:08:43Z</time>
        <ele>134.5</ele>
        <extensions>
          <gpxtpx:TrackPointExtension>
            <gpxtpx:Extensions>
              <highway>path</highway>
              <surface>ground</surface>
              <access>yes</access>
              <mtb_scale>3</mtb_scale>
            </gpxtpx:Extensions>
          </gpxtpx:TrackPointExtension>
        </extensions>
      </trkpt>
      <trkpt lat="44.352924" lon="8.505733">
        <time>2024-06-15T08:08:46Z</time>
        <ele>132</ele>
        <extensions>
          <gpxtpx:TrackPointExtension>
            <gpxtpx:Extensions>
              <highway>path</highway>
              <surface>ground</surface>
              <access>yes</access>
              <mtb_scale>3</mtb_scale>
            </gpxtpx:Extensions>
          </gpxtpx:TrackPointExtension>
        </extensions>
      </trkpt>
      <trkpt lat="44.352461" lon="8.506025">
        <time>2024-06-15T08:09:00Z</time>
        <ele>117.25</ele>
        <extensions>
          <gpxtpx:TrackPointExtension>
            <gpxtpx:Extensions>
              <highway>path</highway>
              <surface>ground</surface>
              <access>yes</access>
              <mtb_scale>3</mtb_scale>
            </gpxtpx:Extensions>
          </gpxtpx:TrackPointExtension>
        </extensions>
      </trkpt>
      <trkpt lat="44.35224" lon="8.506109">
        <time>2024-06-15T08:09:06Z</time>
        <ele>113.75</ele>
        <extensions>
          <gpxtpx:TrackPointExtension>
            <gpxtpx:Extensions>
              <highway>path</highway>
              <surface>ground</surface>
              <access>yes</access>
              <mtb_scale>3</mtb_scale>
            </gpxtpx:Extensions>
          </gpxtpx:TrackPointExtension>
        </extensions>
      </trkpt>
      <trkpt lat="44.352033" lon="8.506214">
        <time>2024-06-15T08:09:12Z</time>
        <ele>111.5</ele>
        <extensions>
          <gpxtpx:TrackPointExtension>
            <gpxtpx:Extensions>
              <highway>path</highway>
              <surface>ground</surface>
              <access>yes</access>
              <mtb_scale>3</mtb_scale>
            </gpxtpx:Extensions>
          </gpxtpx:TrackPointExtension>
        </extensions>
      </trkpt>
      <trkpt lat="44.351958" lon="8.506266">
        <time>2024-06-15T08:09:14Z</time>
        <ele>111</ele>
        <extensions>
          <gpxtpx:TrackPointExtension>
            <gpxtpx:Extensions>
              <reversedirection>yes</reversedirection>
              <highway>path</highway>
              <surface>ground</surface>
            </gpxtpx:Extensions>
          </gpxtpx:TrackPointExtension>
        </extensions>
      </trkpt>
      <trkpt lat="44.35192" lon="8.506267">
        <time>2024-06-15T08:09:15Z</time>
        <ele>110.75</ele>
        <extensions>
          <gpxtpx:TrackPointExtension>
            <gpxtpx:Extensions>
              <reversedirection>yes</reversedirection>
              <highway>path</highway>
              <surface>ground</surface>
            </gpxtpx:Extensions>
          </gpxtpx:TrackPointExtension>
        </extensions>
      </trkpt>
      <trkpt lat="44.351876" lon="8.50628">
        <time>2024-06-15T08:09:16Z</time>
        <ele>110.25</ele>
        <extensions>
          <gpxtpx:TrackPointExtension>
            <gpxtpx:Extensions>
              <reversedirection>yes</reversedirection>
              <highway>path</highway>
              <surface>ground</surface>
            </gpxtpx:Extensions>
          </gpxtpx:TrackPointExtension>
        </extensions>
      </trkpt>
      <trkpt lat="44.351712" lon="8.506384">
        <time>2024-06-15T08:09:21Z</time>
        <ele>110.25</ele>
        <extensions>
          <gpxtpx:TrackPointExtension>
            <gpxtpx:Extensions>
              <reversedirection>yes</reversedirection>
              <highway>path</highway>
              <surface>ground</surface>
            </gpxtpx:Extensions>
          </gpxtpx:TrackPointExtension>
        </extensions>
      </trkpt>
      <trkpt lat="44.351589" lon="8.506412">
        <time>2024-06-15T08:09:24Z</time>
        <ele>110</ele>
        <extensions>
          <gpxtpx:TrackPointExtension>
            <gpxtpx:Extensions>
              <reversedirection>yes</reversedirection>
              <highway>path</highway>
              <surface>ground</surface>
            </gpxtpx:Extensions>
          </gpxtpx:TrackPointExtension>
        </extensions>
      </trkpt>
      <trkpt lat="44.351534" lon="8.506413">
        <time>2024-06-15T08:09:26Z</time>
        <ele>109.5</ele>
        <extensions>
          <gpxtpx:TrackPointExtension>
            <gpxtpx:Extensions>
              <reversedirection>yes</reversedirection>
              <highway>path</highway>
              <surface>ground</surface>
            </gpxtpx:Extensions>
          </gpxtpx:TrackPointExtension>
        </extensions>
      </trkpt>
      <trkpt lat="44.351484" lon="8.506438">
        <time>2024-06-15T08:09:27Z</time>
        <ele>109.75</ele>
        <extensions>
          <gpxtpx:TrackPointExtension>
            <gpxtpx:Extensions>
              <reversedirection>yes</reversedirection>
              <highway>path</highway>
              <surface>ground</surface>
            </gpxtpx:Extensions>
          </gpxtpx:TrackPointExtension>
        </extensions>
      </trkpt>
      <trkpt lat="44.351452" lon="8.506428">
        <time>2024-06-15T08:09:28Z</time>
        <ele>109.5</ele>
        <extensions>
          <gpxtpx:TrackPointExtension>
            <gpxtpx:Extensions>
              <reversedirection>yes</reversedirection>
              <highway>path</highway>
              <surface>ground</surface>
            </gpxtpx:Extensions>
          </gpxtpx:TrackPointExtension>
        </extensions>
      </trkpt>
      <trkpt lat="44.351421" lon="8.506433">
        <time>2024-06-15T08:09:29Z</time>
        <ele>109.25</ele>
        <extensions>
          <gpxtpx:TrackPointExtension>
            <gpxtpx:Extensions>
              <reversedirection>yes</reversedirection>
              <highway>path</highway>
              <surface>ground</surface>
            </gpxtpx:Extensions>
          </gpxtpx:TrackPointExtension>
        </extensions>
      </trkpt>
      <trkpt lat="44.351388" lon="8.506427">
        <time>2024-06-15T08:09:30Z</time>
        <ele>109</ele>
        <extensions>
          <gpxtpx:TrackPointExtension>
            <gpxtpx:Extensions>
              <reversedirection>yes</reversedirection>
              <highway>path</highway>
              <surface>ground</surface>
            </gpxtpx:Extensions>
          </gpxtpx:TrackPointExtension>
        </extensions>
      </trkpt>
      <trkpt lat="44.351337" lon="8.506444">
        <time>2024-06-15T08:09:31Z</time>
        <ele>109.25</ele>
        <extensions>
          <gpxtpx:TrackPointExtension>
            <gpxtpx:Extensions>
              <reversedirection>yes</reversedirection>
              <highway>path</highway>
              <surface>ground</surface>
            </gpxtpx:Extensions>
          </gpxtpx:TrackPointExtension>
        </extensions>
      </trkpt>
      <trkpt lat="44.351299" lon="8.506444">
        <time>2024-06-15T08:09:32Z</time>
        <ele>109</ele>
        <extensions>
          <gpxtpx:TrackPointExtension>
            <gpxtpx:Extensions>
              <reversedirection>yes</reversedirection>
              <highway>path</highway>
              <surface>ground</surface>
            </gpxtpx:Extensions>
          </gpxtpx:TrackPointExtension>
        </extensions>
      </trkpt>
      <trkpt lat="44.351262" lon="8.506463">
        <time>2024-06-15T08:09:33Z</time>
        <ele>109.25</ele>
        <extensions>
          <gpxtpx:TrackPointExtension>
            <gpxtpx:Extensions>
              <reversedirection>yes</reversedirection>
              <highway>path</highway>
              <surface>ground</surface>
            </gpxtpx:Extensions>
          </gpxtpx:TrackPointExtension>
        </extensions>
      </trkpt>
      <trkpt lat="44.351228" lon="8.506446">
        <time>2024-06-15T08:09:34Z</time>
        <ele>108.5</ele>
        <extensions>
          <gpxtpx:TrackPointExtension>
            <gpxtpx:Extensions>
              <reversedirection>yes</reversedirection>
              <highway>path</highway>
              <surface>ground</surface>
            </gpxtpx:Extensions>
          </gpxtpx:TrackPointExtension>
        </extensions>
      </trkpt>
      <trkpt lat="44.351182" lon="8.506445">
        <time>2024-06-15T08:09:35Z</time>
        <ele>108.25</ele>
        <extensions>
          <gpxtpx:TrackPointExtension>
            <gpxtpx:Extensions>
              <reversedirection>yes</reversedirection>
              <highway>path</highway>
              <surface>ground</surface>
            </gpxtpx:Extensions>
          </gpxtpx:TrackPointExtension>
        </extensions>
      </trkpt>
      <trkpt lat="44.351092" lon="8.50641">
        <time>2024-06-15T08:09:38Z</time>
        <ele>106.75</ele>
        <extensions>
          <gpxtpx:TrackPointExtension>
            <gpxtpx:Extensions>
              <reversedirection>yes</reversedirection>
              <highway>path</highway>
              <surface>ground</surface>
            </gpxtpx:Extensions>
          </gpxtpx:TrackPointExtension>
        </extensions>
      </trkpt>
      <trkpt lat="44.351017" lon="8.506376">
        <time>2024-06-15T08:09:40Z</time>
        <ele>105.25</ele>
        <extensions>
          <gpxtpx:TrackPointExtension>
            <gpxtpx:Extensions>
              <reversedirection>yes</reversedirection>
              <highway>path</highway>
              <surface>ground</surface>
            </gpxtpx:Extensions>
          </gpxtpx:TrackPointExtension>
        </extensions>
      </trkpt>
      <trkpt lat="44.350974" lon="8.506348">
        <time>2024-06-15T08:09:41Z</time>
        <ele>104.25</ele>
        <extensions>
          <gpxtpx:TrackPointExtension>
            <gpxtpx:Extensions>
              <reversedirection>yes</reversedirection>
              <highway>path</highway>
              <surface>ground</surface>
            </gpxtpx:Extensions>
          </gpxtpx:TrackPointExtension>
        </extensions>
      </trkpt>
      <trkpt lat="44.350938" lon="8.506254">
        <time>2024-06-15T08:09:43Z</time>
        <ele>101.25</ele>
        <extensions>
          <gpxtpx:TrackPointExtension>
            <gpxtpx:Extensions>
              <reversedirection>yes</reversedirection>
              <highway>path</highway>
              <surface>ground</surface>
            </gpxtpx:Extensions>
          </gpxtpx:TrackPointExtension>
        </extensions>
      </trkpt>
      <trkpt lat="44.350933" lon="8.506208">
        <time>2024-06-15T08:09:44Z</time>
        <ele>100</ele>
        <extensions>
          <gpxtpx:TrackPointExtension>
            <gpxtpx:Extensions>
              <reversedirection>yes</reversedirection>
              <highway>path</highway>
              <surface>ground</surface>
            </gpxtpx:Extensions>
          </gpxtpx:TrackPointExtension>
        </extensions>
      </trkpt>
      <trkpt lat="44.350907" lon="8.506172">
        <time>2024-06-15T08:09:45Z</time>
        <ele>98.75</ele>
        <extensions>
          <gpxtpx:TrackPointExtension>
            <gpxtpx:Extensions>
              <reversedirection>yes</reversedirection>
              <highway>path</highway>
              <surface>ground</surface>
            </gpxtpx:Extensions>
          </gpxtpx:TrackPointExtension>
        </extensions>
      </trkpt>
      <trkpt lat="44.350892" lon="8.506125">
        <time>2024-06-15T08:09:46Z</time>
        <ele>97.25</ele>
        <extensions>
          <gpxtpx:TrackPointExtension>
            <gpxtpx:Extensions>
              <reversedirection>yes</reversedirection>
              <highway>path</highway>
              <surface>ground</surface>
            </gpxtpx:Extensions>
          </gpxtpx:TrackPointExtension>
        </extensions>
      </trkpt>
      <trkpt lat="44.350868" lon="8.506077">
        <time>2024-06-15T08:09:48Z</time>
        <ele>95.5</ele>
        <extensions>
          <gpxtpx:TrackPointExtension>
            <gpxtpx:Extensions>
              <reversedirection>yes</reversedirection>
              <highway>path</highway>
              <surface>ground</surface>
            </gpxtpx:Extensions>
          </gpxtpx:TrackPointExtension>
        </extensions>
      </trkpt>
      <trkpt lat="44.350863" lon="8.506038">
        <time>2024-06-15T08:09:49Z</time>
        <ele>94.25</ele>
        <extensions>
          <gpxtpx:TrackPointExtension>
            <gpxtpx:Extensions>
              <reversedirection>yes</reversedirection>
              <highway>path</highway>
              <surface>ground</surface>
            </gpxtpx:Extensions>
          </gpxtpx:TrackPointExtension>
        </extensions>
      </trkpt>
      <trkpt lat="44.350873" lon="8.50599">
        <time>2024-06-15T08:09:50Z</time>
        <ele>93</ele>
        <extensions>
          <gpxtpx:TrackPointExtension>
            <gpxtpx:Extensions>
              <reversedirection>yes</reversedirection>
              <highway>path</highway>
              <surface>ground</surface>
            </gpxtpx:Extensions>
          </gpxtpx:TrackPointExtension>
        </extensions>
      </trkpt>
      <trkpt lat="44.350919" lon="8.505987">
        <time>2024-06-15T08:09:51Z</time>
        <ele>93.25</ele>
        <extensions>
          <gpxtpx:TrackPointExtension>
            <gpxtpx:Extensions>
              <reversedirection>yes</reversedirection>
              <highway>path</highway>
              <surface>ground</surface>
            </gpxtpx:Extensions>
          </gpxtpx:TrackPointExtension>
        </extensions>
      </trkpt>
      <trkpt lat="44.35093" lon="8.505964">
        <time>2024-06-15T08:09:51Z</time>
        <ele>92.75</ele>
        <extensions>
          <gpxtpx:TrackPointExtension>
            <gpxtpx:Extensions>
              <reversedirection>yes</reversedirection>
              <highway>path</highway>
              <surface>ground</surface>
            </gpxtpx:Extensions>
          </gpxtpx:TrackPointExtension>
        </extensions>
      </trkpt>
      <trkpt lat="44.350929" lon="8.505943">
        <time>2024-06-15T08:09:52Z</time>
        <ele>92.25</ele>
        <extensions>
          <gpxtpx:TrackPointExtension>
            <gpxtpx:Extensions>
              <reversedirection>yes</reversedirection>
              <highway>path</highway>
              <surface>ground</surface>
            </gpxtpx:Extensions>
          </gpxtpx:TrackPointExtension>
        </extensions>
      </trkpt>
      <trkpt lat="44.350857" lon="8.505848">
        <time>2024-06-15T08:09:54Z</time>
        <ele>88.5</ele>
        <extensions>
          <gpxtpx:TrackPointExtension>
            <gpxtpx:Extensions>
              <reversedirection>yes</reversedirection>
              <highway>path</highway>
              <surface>ground</surface>
            </gpxtpx:Extensions>
          </gpxtpx:TrackPointExtension>
        </extensions>
      </trkpt>
      <trkpt lat="44.350745" lon="8.505801">
        <time>2024-06-15T08:09:58Z</time>
        <ele>87</ele>
        <extensions>
          <gpxtpx:TrackPointExtension>
            <gpxtpx:Extensions>
              <reversedirection>yes</reversedirection>
              <highway>path</highway>
              <surface>ground</surface>
            </gpxtpx:Extensions>
          </gpxtpx:TrackPointExtension>
        </extensions>
      </trkpt>
      <trkpt lat="44.350687" lon="8.505735">
        <time>2024-06-15T08:10:00Z</time>
        <ele>85.5</ele>
        <extensions>
          <gpxtpx:TrackPointExtension>
            <gpxtpx:Extensions>
              <reversedirection>yes</reversedirection>
              <highway>path</highway>
              <surface>ground</surface>
            </gpxtpx:Extensions>
          </gpxtpx:TrackPointExtension>
        </extensions>
      </trkpt>
      <trkpt lat="44.35062" lon="8.505631">
        <time>2024-06-15T08:10:02Z</time>
        <ele>83.25</ele>
        <extensions>
          <gpxtpx:TrackPointExtension>
            <gpxtpx:Extensions>
              <reversedirection>yes</reversedirection>
              <highway>path</highway>
              <surface>ground</surface>
            </gpxtpx:Extensions>
          </gpxtpx:TrackPointExtension>
        </extensions>
      </trkpt>
      <trkpt lat="44.350611" lon="8.505552">
        <time>2024-06-15T08:10:04Z</time>
        <ele>81.75</ele>
        <extensions>
          <gpxtpx:TrackPointExtension>
            <gpxtpx:Extensions>
              <reversedirection>yes</reversedirection>
              <highway>path</highway>
              <surface>ground</surface>
            </gpxtpx:Extensions>
          </gpxtpx:TrackPointExtension>
        </extensions>
      </trkpt>
      <trkpt lat="44.350584" lon="8.505512">
        <time>2024-06-15T08:10:05Z</time>
        <ele>81</ele>
        <extensions>
          <gpxtpx:TrackPointExtension>
            <gpxtpx:Extensions>
              <reversedirection>yes</reversedirection>
              <highway>path</highway>
              <surface>ground</surface>
            </gpxtpx:Extensions>
          </gpxtpx:TrackPointExtension>
        </extensions>
      </trkpt>
      <trkpt lat="44.350503" lon="8.505436">
        <time>2024-06-15T08:10:08Z</time>
        <ele>79</ele>
        <extensions>
          <gpxtpx:TrackPointExtension>
            <gpxtpx:Extensions>
              <reversedirection>yes</reversedirection>
              <highway>path</highway>
              <surface>ground</surface>
            </gpxtpx:Extensions>
          </gpxtpx:TrackPointExtension>
        </extensions>
      </trkpt>
      <trkpt lat="44.350444" lon="8.505352">
        <time>2024-06-15T08:10:10Z</time>
        <ele>76.75</ele>
        <extensions>
          <gpxtpx:TrackPointExtension>
            <gpxtpx:Extensions>
              <reversedirection>yes</reversedirection>
              <highway>path</highway>
              <surface>ground</surface>
            </gpxtpx:Extensions>
          </gpxtpx:TrackPointExtension>
        </extensions>
      </trkpt>
      <trkpt lat="44.35042" lon="8.505306">
        <time>2024-06-15T08:10:11Z</time>
        <ele>75.75</ele>
        <extensions>
          <gpxtpx:TrackPointExtension>
            <gpxtpx:Extensions>
              <reversedirection>yes</reversedirection>
              <highway>path</highway>
              <surface>ground</surface>
            </gpxtpx:Extensions>
          </gpxtpx:TrackPointExtension>
        </extensions>
      </trkpt>
      <trkpt lat="44.350366" lon="8.505294">
        <time>2024-06-15T08:10:13Z</time>
        <ele>75</ele>
        <extensions>
          <gpxtpx:TrackPointExtension>
            <gpxtpx:Extensions>
              <reversedirection>yes</reversedirection>
              <highway>path</highway>
              <surface>ground</surface>
            </gpxtpx:Extensions>
          </gpxtpx:TrackPointExtension>
        </extensions>
      </trkpt>
      <trkpt lat="44.350353" lon="8.5053">
        <time>2024-06-15T08:10:13Z</time>
        <ele>75</ele>
        <extensions>
          <gpxtpx:TrackPointExtension>
            <gpxtpx:Extensions>
              <reversedirection>yes</reversedirection>
              <highway>path</highway>
              <surface>ground</surface>
            </gpxtpx:Extensions>
          </gpxtpx:TrackPointExtension>
        </extensions>
      </trkpt>
      <trkpt lat="44.350331" lon="8.505346">
        <time>2024-06-15T08:10:14Z</time>
        <ele>75.75</ele>
        <extensions>
          <gpxtpx:TrackPointExtension>
            <gpxtpx:Extensions>
              <reversedirection>yes</reversedirection>
              <highway>path</highway>
              <surface>ground</surface>
            </gpxtpx:Extensions>
          </gpxtpx:TrackPointExtension>
        </extensions>
      </trkpt>
      <trkpt lat="44.35032" lon="8.505403">
        <time>2024-06-15T08:10:15Z</time>
        <ele>76.75</ele>
        <extensions>
          <gpxtpx:TrackPointExtension>
            <gpxtpx:Extensions>
              <reversedirection>yes</reversedirection>
              <highway>path</highway>
              <surface>ground</surface>
            </gpxtpx:Extensions>
          </gpxtpx:TrackPointExtension>
        </extensions>
      </trkpt>
      <trkpt lat="44.350319" lon="8.505539">
        <time>2024-06-15T08:10:18Z</time>
        <ele>79.5</ele>
        <extensions>
          <gpxtpx:TrackPointExtension>
            <gpxtpx:Extensions>
              <reversedirection>yes</reversedirection>
              <highway>path</highway>
              <surface>ground</surface>
            </gpxtpx:Extensions>
          </gpxtpx:TrackPointExtension>
        </extensions>
      </trkpt>
      <trkpt lat="44.350313" lon="8.505605">
        <time>2024-06-15T08:10:19Z</time>
        <ele>80.75</ele>
        <extensions>
          <gpxtpx:TrackPointExtension>
            <gpxtpx:Extensions>
              <reversedirection>yes</reversedirection>
              <highway>path</highway>
              <surface>ground</surface>
            </gpxtpx:Extensions>
          </gpxtpx:TrackPointExtension>
        </extensions>
      </trkpt>
      <trkpt lat="44.350301" lon="8.505629">
        <time>2024-06-15T08:10:20Z</time>
        <ele>81.25</ele>
        <extensions>
          <gpxtpx:TrackPointExtension>
            <gpxtpx:Extensions>
              <reversedirection>yes</reversedirection>
              <highway>path</highway>
              <surface>ground</surface>
            </gpxtpx:Extensions>
          </gpxtpx:TrackPointExtension>
        </extensions>
      </trkpt>
      <trkpt lat="44.350285" lon="8.505637">
        <time>2024-06-15T08:10:20Z</time>
        <ele>81.25</ele>
        <extensions>
          <gpxtpx:TrackPointExtension>
            <gpxtpx:Extensions>
              <reversedirection>yes</reversedirection>
              <highway>path</highway>
              <surface>ground</surface>
            </gpxtpx:Extensions>
          </gpxtpx:TrackPointExtension>
        </extensions>
      </trkpt>
      <trkpt lat="44.350257" lon="8.505626">
        <time>2024-06-15T08:10:21Z</time>
        <ele>80.75</ele>
        <extensions>
          <gpxtpx:TrackPointExtension>
            <gpxtpx:Extensions>
              <reversedirection>yes</reversedirection>
              <highway>path</highway>
              <surface>compacted</surface>
            </gpxtpx:Extensions>
          </gpxtpx:TrackPointExtension>
        </extensions>
      </trkpt>
      <trkpt lat="44.350239" lon="8.505617">
        <time>2024-06-15T08:10:21Z</time>
        <ele>80.5</ele>
        <extensions>
          <gpxtpx:TrackPointExtension>
            <gpxtpx:Extensions>
              <reversedirection>yes</reversedirection>
              <highway>path</highway>
              <surface>ground</surface>
            </gpxtpx:Extensions>
          </gpxtpx:TrackPointExtension>
        </extensions>
      </trkpt>
      <trkpt lat="44.350225" lon="8.505597">
        <time>2024-06-15T08:10:22Z</time>
        <ele>80</ele>
        <extensions>
          <gpxtpx:TrackPointExtension>
            <gpxtpx:Extensions>
              <reversedirection>yes</reversedirection>
              <highway>path</highway>
              <surface>ground</surface>
            </gpxtpx:Extensions>
          </gpxtpx:TrackPointExtension>
        </extensions>
      </trkpt>
      <trkpt lat="44.350174" lon="8.505482">
        <time>2024-06-15T08:10:25Z</time>
        <ele>77.25</ele>
        <extensions>
          <gpxtpx:TrackPointExtension>
            <gpxtpx:Extensions>
              <reversedirection>yes</reversedirection>
              <highway>track</highway>
              <tracktype>grade3</tracktype>
              <surface>ground</surface>
            </gpxtpx:Extensions>
          </gpxtpx:TrackPointExtension>
        </extensions>
      </trkpt>
      <trkpt lat="44.350124" lon="8.505444">
        <time>2024-06-15T08:10:26Z</time>
        <ele>76</ele>
        <extensions>
          <gpxtpx:TrackPointExtension>
            <gpxtpx:Extensions>
              <reversedirection>yes</reversedirection>
              <highway>track</highway>
              <tracktype>grade3</tracktype>
              <surface>ground</surface>
            </gpxtpx:Extensions>
          </gpxtpx:TrackPointExtension>
        </extensions>
      </trkpt>
      <trkpt lat="44.349994" lon="8.505319">
        <time>2024-06-15T08:10:31Z</time>
        <ele>72</ele>
        <extensions>
          <gpxtpx:TrackPointExtension>
            <gpxtpx:Extensions>
              <reversedirection>yes</reversedirection>
              <highway>track</highway>
              <tracktype>grade3</tracktype>
              <surface>ground</surface>
            </gpxtpx:Extensions>
          </gpxtpx:TrackPointExtension>
        </extensions>
      </trkpt>
      <trkpt lat="44.349743" lon="8.50511">
        <time>2024-06-15T08:10:38Z</time>
        <ele>66.25</ele>
        <extensions>
          <gpxtpx:TrackPointExtension>
            <gpxtpx:Extensions>
              <reversedirection>yes</reversedirection>
              <highway>track</highway>
              <tracktype>grade3</tracktype>
              <surface>ground</surface>
            </gpxtpx:Extensions>
          </gpxtpx:TrackPointExtension>
        </extensions>
      </trkpt>
      <trkpt lat="44.349584" lon="8.50494">
        <time>2024-06-15T08:10:44Z</time>
        <ele>62.5</ele>
        <extensions>
          <gpxtpx:TrackPointExtension>
            <gpxtpx:Extensions>
              <reversedirection>yes</reversedirection>
              <highway>track</highway>
              <tracktype>grade3</tracktype>
              <surface>ground</surface>
            </gpxtpx:Extensions>
          </gpxtpx:TrackPointExtension>
        </extensions>
      </trkpt>
      <trkpt lat="44.349497" lon="8.504908">
        <time>2024-06-15T08:10:46Z</time>
        <ele>61.75</ele>
        <extensions>
          <gpxtpx:TrackPointExtension>
            <gpxtpx:Extensions>
              <reversedirection>yes</reversedirection>
              <highway>track</highway>
              <tracktype>grade3</tracktype>
              <surface>ground</surface>
            </gpxtpx:Extensions>
          </gpxtpx:TrackPointExtension>
        </extensions>
      </trkpt>
      <trkpt lat="44.349401" lon="8.504917">
        <time>2024-06-15T08:10:49Z</time>
        <ele>61.25</ele>
        <extensions>
          <gpxtpx:TrackPointExtension>
            <gpxtpx:Extensions>
              <reversedirection>yes</reversedirection>
              <highway>track</highway>
              <tracktype>grade3</tracktype>
              <surface>ground</surface>
            </gpxtpx:Extensions>
          </gpxtpx:TrackPointExtension>
        </extensions>
      </trkpt>
      <trkpt lat="44.349353" lon="8.504948">
        <time>2024-06-15T08:10:50Z</time>
        <ele>61.25</ele>
        <extensions>
          <gpxtpx:TrackPointExtension>
            <gpxtpx:Extensions>
              <reversedirection>yes</reversedirection>
              <highway>track</highway>
              <tracktype>grade3</tracktype>
              <surface>ground</surface>
            </gpxtpx:Extensions>
          </gpxtpx:TrackPointExtension>
        </extensions>
      </trkpt>
      <trkpt lat="44.349289" lon="8.505021">
        <time>2024-06-15T08:10:52Z</time>
        <ele>62</ele>
        <extensions>
          <gpxtpx:TrackPointExtension>
            <gpxtpx:Extensions>
              <reversedirection>yes</reversedirection>
              <highway>track</highway>
              <tracktype>grade3</tracktype>
              <surface>ground</surface>
            </gpxtpx:Extensions>
          </gpxtpx:TrackPointExtension>
        </extensions>
      </trkpt>
      <trkpt lat="44.34925" lon="8.505099">
        <time>2024-06-15T08:10:54Z</time>
        <ele>63.75</ele>
        <extensions>
          <gpxtpx:TrackPointExtension>
            <gpxtpx:Extensions>
              <reversedirection>yes</reversedirection>
              <highway>track</highway>
              <tracktype>grade3</tracktype>
              <surface>ground</surface>
            </gpxtpx:Extensions>
          </gpxtpx:TrackPointExtension>
        </extensions>
      </trkpt>
      <trkpt lat="44.349198" lon="8.505215">
        <time>2024-06-15T08:10:57Z</time>
        <ele>66.75</ele>
        <extensions>
          <gpxtpx:TrackPointExtension>
            <gpxtpx:Extensions>
              <reversedirection>yes</reversedirection>
              <highway>track</highway>
              <tracktype>grade3</tracktype>
              <surface>ground</surface>
            </gpxtpx:Extensions>
          </gpxtpx:TrackPointExtension>
        </extensions>
      </trkpt>
      <trkpt lat="44.349173" lon="8.505236">
        <time>2024-06-15T08:10:58Z</time>
        <ele>67</ele>
        <extensions>
          <gpxtpx:TrackPointExtension>
            <gpxtpx:Extensions>
              <reversedirection>yes</reversedirection>
              <highway>track</highway>
              <tracktype>grade3</tracktype>
              <surface>ground</surface>
            </gpxtpx:Extensions>
          </gpxtpx:TrackPointExtension>
        </extensions>
      </trkpt>
      <trkpt lat="44.349135" lon="8.505234">
        <time>2024-06-15T08:10:59Z</time>
        <ele>67</ele>
        <extensions>
          <gpxtpx:TrackPointExtension>
            <gpxtpx:Extensions>
              <reversedirection>yes</reversedirection>
              <highway>track</highway>
              <tracktype>grade3</tracktype>
              <surface>ground</surface>
            </gpxtpx:Extensions>
          </gpxtpx:TrackPointExtension>
        </extensions>
      </trkpt>
      <trkpt lat="44.349104" lon="8.505048">
        <time>2024-06-15T08:11:03Z</time>
        <ele>62</ele>
        <extensions>
          <gpxtpx:TrackPointExtension>
            <gpxtpx:Extensions>
              <reversedirection>yes</reversedirection>
              <highway>track</highway>
              <tracktype>grade3</tracktype>
              <surface>ground</surface>
            </gpxtpx:Extensions>
          </gpxtpx:TrackPointExtension>
        </extensions>
      </trkpt>
      <trkpt lat="44.348952" lon="8.504693">
        <time>2024-06-15T08:11:11Z</time>
        <ele>55.75</ele>
        <extensions>
          <gpxtpx:TrackPointExtension>
            <gpxtpx:Extensions>
              <reversedirection>yes</reversedirection>
              <highway>track</highway>
              <tracktype>grade3</tracktype>
              <surface>ground</surface>
            </gpxtpx:Extensions>
          </gpxtpx:TrackPointExtension>
        </extensions>
      </trkpt>
      <trkpt lat="44.348872" lon="8.504476">
        <time>2024-06-15T08:11:15Z</time>
        <ele>52</ele>
        <extensions>
          <gpxtpx:TrackPointExtension>
            <gpxtpx:Extensions>
              <reversedirection>yes</reversedirection>
              <highway>track</highway>
              <tracktype>grade3</tracktype>
              <surface>ground</surface>
            </gpxtpx:Extensions>
          </gpxtpx:TrackPointExtension>
        </extensions>
      </trkpt>
      <trkpt lat="44.348855" lon="8.504393">
        <time>2024-06-15T08:11:17Z</time>
        <ele>50.75</ele>
        <extensions>
          <gpxtpx:TrackPointExtension>
            <gpxtpx:Extensions>
              <reversedirection>yes</reversedirection>
              <highway>track</highway>
              <tracktype>grade3</tracktype>
              <surface>ground</surface>
            </gpxtpx:Extensions>
          </gpxtpx:TrackPointExtension>
        </extensions>
      </trkpt>
      <trkpt lat="44.348807" lon="8.504289">
        <time>2024-06-15T08:11:20Z</time>
        <ele>49</ele>
        <extensions>
          <gpxtpx:TrackPointExtension>
            <gpxtpx:Extensions>
              <reversedirection>yes</reversedirection>
              <highway>track</highway>
              <tracktype>grade3</tracktype>
              <surface>ground</surface>
            </gpxtpx:Extensions>
          </gpxtpx:TrackPointExtension>
        </extensions>
      </trkpt>
      <trkpt lat="44.348631" lon="8.504067">
        <time>2024-06-15T08:11:26Z</time>
        <ele>45.5</ele>
        <extensions>
          <gpxtpx:TrackPointExtension>
            <gpxtpx:Extensions>
              <reversedirection>yes</reversedirection>
              <highway>track</highway>
              <tracktype>grade3</tracktype>
              <surface>ground</surface>
            </gpxtpx:Extensions>
          </gpxtpx:TrackPointExtension>
        </extensions>
      </trkpt>
      <trkpt lat="44.348515" lon="8.503908">
        <time>2024-06-15T08:11:30Z</time>
        <ele>42.5</ele>
        <extensions>
          <gpxtpx:TrackPointExtension>
            <gpxtpx:Extensions>
              <reversedirection>yes</reversedirection>
              <highway>track</highway>
              <tracktype>grade3</tracktype>
              <surface>ground</surface>
            </gpxtpx:Extensions>
          </gpxtpx:TrackPointExtension>
        </extensions>
      </trkpt>
      <trkpt lat="44.348443" lon="8.50376">
        <time>2024-06-15T08:11:34Z</time>
        <ele>39.5</ele>
        <extensions>
          <gpxtpx:TrackPointExtension>
            <gpxtpx:Extensions>
              <reversedirection>yes</reversedirection>
              <highway>track</highway>
              <tracktype>grade3</tracktype>
              <surface>ground</surface>
            </gpxtpx:Extensions>
          </gpxtpx:TrackPointExtension>
        </extensions>
      </trkpt>
      <trkpt lat="44.348321" lon="8.503552">
        <time>2024-06-15T08:11:39Z</time>
        <ele>34</ele>
        <extensions>
          <gpxtpx:TrackPointExtension>
            <gpxtpx:Extensions>
              <reversedirection>yes</reversedirection>
              <highway>residential</highway>
              <surface>asphalt</surface>
            </gpxtpx:Extensions>
          </gpxtpx:TrackPointExtension>
        </extensions>
      </trkpt>
      <trkpt lat="44.34827" lon="8.503514">
        <time>2024-06-15T08:11:41Z</time>
        <ele>32.75</ele>
        <extensions>
          <gpxtpx:TrackPointExtension>
            <gpxtpx:Extensions>
              <reversedirection>yes</reversedirection>
              <highway>residential</highway>
              <surface>asphalt</surface>
            </gpxtpx:Extensions>
          </gpxtpx:TrackPointExtension>
        </extensions>
      </trkpt>
      <trkpt lat="44.348113" lon="8.503453">
        <time>2024-06-15T08:11:45Z</time>
        <ele>30.5</ele>
        <extensions>
          <gpxtpx:TrackPointExtension>
            <gpxtpx:Extensions>
              <reversedirection>yes</reversedirection>
              <highway>residential</highway>
              <surface>asphalt</surface>
            </gpxtpx:Extensions>
          </gpxtpx:TrackPointExtension>
        </extensions>
      </trkpt>
      <trkpt lat="44.347744" lon="8.50335">
        <time>2024-06-15T08:11:55Z</time>
        <ele>26</ele>
        <extensions>
          <gpxtpx:TrackPointExtension>
            <gpxtpx:Extensions>
              <reversedirection>yes</reversedirection>
              <highway>residential</highway>
              <surface>asphalt</surface>
            </gpxtpx:Extensions>
          </gpxtpx:TrackPointExtension>
        </extensions>
      </trkpt>
      <trkpt lat="44.347627" lon="8.503299">
        <time>2024-06-15T08:11:58Z</time>
        <ele>25</ele>
        <extensions>
          <gpxtpx:TrackPointExtension>
            <gpxtpx:Extensions>
              <reversedirection>yes</reversedirection>
              <highway>residential</highway>
              <surface>asphalt</surface>
            </gpxtpx:Extensions>
          </gpxtpx:TrackPointExtension>
        </extensions>
      </trkpt>
      <trkpt lat="44.347499" lon="8.503257">
        <time>2024-06-15T08:12:02Z</time>
        <ele>24.5</ele>
        <extensions>
          <gpxtpx:TrackPointExtension>
            <gpxtpx:Extensions>
              <reversedirection>yes</reversedirection>
              <highway>residential</highway>
              <surface>asphalt</surface>
            </gpxtpx:Extensions>
          </gpxtpx:TrackPointExtension>
        </extensions>
      </trkpt>
      <trkpt lat="44.34741" lon="8.503265">
        <time>2024-06-15T08:12:04Z</time>
        <ele>24.25</ele>
        <extensions>
          <gpxtpx:TrackPointExtension>
            <gpxtpx:Extensions>
              <reversedirection>yes</reversedirection>
              <highway>residential</highway>
              <surface>asphalt</surface>
            </gpxtpx:Extensions>
          </gpxtpx:TrackPointExtension>
        </extensions>
      </trkpt>
      <trkpt lat="44.347211" lon="8.503335">
        <time>2024-06-15T08:12:10Z</time>
        <ele>23.25</ele>
        <extensions>
          <gpxtpx:TrackPointExtension>
            <gpxtpx:Extensions>
              <reversedirection>yes</reversedirection>
              <highway>residential</highway>
              <surface>asphalt</surface>
            </gpxtpx:Extensions>
          </gpxtpx:TrackPointExtension>
        </extensions>
      </trkpt>
      <trkpt lat="44.347159" lon="8.503339">
        <time>2024-06-15T08:12:11Z</time>
        <ele>23.25</ele>
        <extensions>
          <gpxtpx:TrackPointExtension>
            <gpxtpx:Extensions>
              <reversedirection>yes</reversedirection>
              <highway>residential</highway>
              <surface>asphalt</surface>
            </gpxtpx:Extensions>
          </gpxtpx:TrackPointExtension>
        </extensions>
      </trkpt>
      <trkpt lat="44.347124" lon="8.503372">
        <time>2024-06-15T08:12:12Z</time>
        <ele>23.75</ele>
        <extensions>
          <gpxtpx:TrackPointExtension>
            <gpxtpx:Extensions>
              <reversedirection>yes</reversedirection>
              <highway>residential</highway>
              <surface>asphalt</surface>
            </gpxtpx:Extensions>
          </gpxtpx:TrackPointExtension>
        </extensions>
      </trkpt>
      <trkpt lat="44.347088" lon="8.503388">
        <time>2024-06-15T08:12:13Z</time>
        <ele>24</ele>
        <extensions>
          <gpxtpx:TrackPointExtension>
            <gpxtpx:Extensions>
              <reversedirection>yes</reversedirection>
              <highway>residential</highway>
              <surface>asphalt</surface>
            </gpxtpx:Extensions>
          </gpxtpx:TrackPointExtension>
        </extensions>
      </trkpt>
      <trkpt lat="44.347055" lon="8.503395">
        <time>2024-06-15T08:12:14Z</time>
        <ele>24</ele>
        <extensions>
          <gpxtpx:TrackPointExtension>
            <gpxtpx:Extensions>
              <reversedirection>yes</reversedirection>
              <highway>residential</highway>
              <surface>asphalt</surface>
            </gpxtpx:Extensions>
          </gpxtpx:TrackPointExtension>
        </extensions>
      </trkpt>
      <trkpt lat="44.346958" lon="8.503391">
        <time>2024-06-15T08:12:17Z</time>
        <ele>23.75</ele>
        <extensions>
          <gpxtpx:TrackPointExtension>
            <gpxtpx:Extensions>
              <reversedirection>yes</reversedirection>
              <highway>residential</highway>
              <surface>asphalt</surface>
            </gpxtpx:Extensions>
          </gpxtpx:TrackPointExtension>
        </extensions>
      </trkpt>
      <trkpt lat="44.346898" lon="8.503384">
        <time>2024-06-15T08:12:18Z</time>
        <ele>23.5</ele>
        <extensions>
          <gpxtpx:TrackPointExtension>
            <gpxtpx:Extensions>
              <reversedirection>yes</reversedirection>
              <highway>residential</highway>
              <surface>asphalt</surface>
            </gpxtpx:Extensions>
          </gpxtpx:TrackPointExtension>
        </extensions>
      </trkpt>
      <trkpt lat="44.346846" lon="8.503368">
        <time>2024-06-15T08:12:20Z</time>
        <ele>23</ele>
        <extensions>
          <gpxtpx:TrackPointExtension>
            <gpxtpx:Extensions>
              <reversedirection>yes</reversedirection>
              <highway>residential</highway>
              <surface>asphalt</surface>
            </gpxtpx:Extensions>
          </gpxtpx:TrackPointExtension>
        </extensions>
      </trkpt>
      <trkpt lat="44.346764" lon="8.503364">
        <time>2024-06-15T08:12:22Z</time>
        <ele>22.75</ele>
        <extensions>
          <gpxtpx:TrackPointExtension>
            <gpxtpx:Extensions>
              <reversedirection>yes</reversedirection>
              <highway>residential</highway>
              <surface>asphalt</surface>
            </gpxtpx:Extensions>
          </gpxtpx:TrackPointExtension>
        </extensions>
      </trkpt>
      <trkpt lat="44.346602" lon="8.503428">
        <time>2024-06-15T08:12:27Z</time>
        <ele>24.25</ele>
        <extensions>
          <gpxtpx:TrackPointExtension>
            <gpxtpx:Extensions>
              <reversedirection>yes</reversedirection>
              <highway>residential</highway>
              <surface>asphalt</surface>
            </gpxtpx:Extensions>
          </gpxtpx:TrackPointExtension>
        </extensions>
      </trkpt>
      <trkpt lat="44.346567" lon="8.503423">
        <time>2024-06-15T08:12:27Z</time>
        <ele>24</ele>
        <extensions>
          <gpxtpx:TrackPointExtension>
            <gpxtpx:Extensions>
              <reversedirection>yes</reversedirection>
              <highway>residential</highway>
              <surface>asphalt</surface>
            </gpxtpx:Extensions>
          </gpxtpx:TrackPointExtension>
        </extensions>
      </trkpt>
      <trkpt lat="44.346528" lon="8.50336">
        <time>2024-06-15T08:12:29Z</time>
        <ele>22.75</ele>
        <extensions>
          <gpxtpx:TrackPointExtension>
            <gpxtpx:Extensions>
              <reversedirection>yes</reversedirection>
              <highway>residential</highway>
              <surface>asphalt</surface>
            </gpxtpx:Extensions>
          </gpxtpx:TrackPointExtension>
        </extensions>
      </trkpt>
      <trkpt lat="44.346495" lon="8.503331">
        <time>2024-06-15T08:12:30Z</time>
        <ele>22</ele>
        <extensions>
          <gpxtpx:TrackPointExtension>
            <gpxtpx:Extensions>
              <reversedirection>yes</reversedirection>
              <highway>residential</highway>
              <surface>asphalt</surface>
            </gpxtpx:Extensions>
          </gpxtpx:TrackPointExtension>
        </extensions>
      </trkpt>
      <trkpt lat="44.346446" lon="8.503232">
        <time>2024-06-15T08:12:32Z</time>
        <ele>22.25</ele>
        <extensions>
          <gpxtpx:TrackPointExtension>
            <gpxtpx:Extensions>
              <reversedirection>yes</reversedirection>
              <highway>residential</highway>
              <surface>asphalt</surface>
            </gpxtpx:Extensions>
          </gpxtpx:TrackPointExtension>
        </extensions>
      </trkpt>
      <trkpt lat="44.346421" lon="8.503197">
        <time>2024-06-15T08:12:33Z</time>
        <ele>22</ele>
        <extensions>
          <gpxtpx:TrackPointExtension>
            <gpxtpx:Extensions>
              <reversedirection>yes</reversedirection>
              <highway>residential</highway>
              <surface>asphalt</surface>
            </gpxtpx:Extensions>
          </gpxtpx:TrackPointExtension>
        </extensions>
      </trkpt>
      <trkpt lat="44.346387" lon="8.503177">
        <time>2024-06-15T08:12:34Z</time>
        <ele>22</ele>
        <extensions>
          <gpxtpx:TrackPointExtension>
            <gpxtpx:Extensions>
              <reversedirection>yes</reversedirection>
              <highway>residential</highway>
              <surface>asphalt</surface>
            </gpxtpx:Extensions>
          </gpxtpx:TrackPointExtension>
        </extensions>
      </trkpt>
      <trkpt lat="44.34611" lon="8.503131">
        <time>2024-06-15T08:12:42Z</time>
        <ele>21.75</ele>
        <extensions>
          <gpxtpx:TrackPointExtension>
            <gpxtpx:Extensions>
              <reversedirection>yes</reversedirection>
              <highway>residential</highway>
              <surface>asphalt</surface>
            </gpxtpx:Extensions>
          </gpxtpx:TrackPointExtension>
        </extensions>
      </trkpt>
      <trkpt lat="44.345504" lon="8.502768">
        <time>2024-06-15T08:12:59Z</time>
        <ele>20</ele>
        <extensions>
          <gpxtpx:TrackPointExtension>
            <gpxtpx:Extensions>
              <reversedirection>yes</reversedirection>
              <highway>residential</highway>
              <surface>asphalt</surface>
            </gpxtpx:Extensions>
          </gpxtpx:TrackPointExtension>
        </extensions>
      </trkpt>
      <trkpt lat="44.345451" lon="8.502742">
        <time>2024-06-15T08:13:01Z</time>
        <ele>20</ele>
        <extensions>
          <gpxtpx:TrackPointExtension>
            <gpxtpx:Extensions>
              <reversedirection>yes</reversedirection>
              <highway>residential</highway>
              <surface>asphalt</surface>
            </gpxtpx:Extensions>
          </gpxtpx:TrackPointExtension>
        </extensions>
      </trkpt>
      <trkpt lat="44.345371" lon="8.502684">
        <time>2024-06-15T08:13:03Z</time>
        <ele>19.5</ele>
        <extensions>
          <gpxtpx:TrackPointExtension>
            <gpxtpx:Extensions>
              <reversedirection>yes</reversedirection>
              <highway>residential</highway>
              <surface>asphalt</surface>
            </gpxtpx:Extensions>
          </gpxtpx:TrackPointExtension>
        </extensions>
      </trkpt>
      <trkpt lat="44.345172" lon="8.50255">
        <time>2024-06-15T08:13:09Z</time>
        <ele>18.25</ele>
        <extensions>
          <gpxtpx:TrackPointExtension>
            <gpxtpx:Extensions>
              <reversedirection>yes</reversedirection>
              <highway>residential</highway>
              <surface>asphalt</surface>
            </gpxtpx:Extensions>
          </gpxtpx:TrackPointExtension>
        </extensions>
      </trkpt>
      <trkpt lat="44.345016" lon="8.502522">
        <time>2024-06-15T08:13:13Z</time>
        <ele>18.25</ele>
        <extensions>
          <gpxtpx:TrackPointExtension>
            <gpxtpx:Extensions>
              <reversedirection>yes</reversedirection>
              <highway>residential</highway>
              <surface>asphalt</surface>
            </gpxtpx:Extensions>
          </gpxtpx:TrackPointExtension>
        </extensions>
      </trkpt>
      <trkpt lat="44.344341" lon="8.502419">
        <time>2024-06-15T08:13:32Z</time>
        <ele>17</ele>
        <extensions>
          <gpxtpx:TrackPointExtension>
            <gpxtpx:Extensions>
              <reversedirection>yes</reversedirection>
              <highway>residential</highway>
              <surface>asphalt</surface>
            </gpxtpx:Extensions>
          </gpxtpx:TrackPointExtension>
        </extensions>
      </trkpt>
      <trkpt lat="44.344283" lon="8.50239">
        <time>2024-06-15T08:13:33Z</time>
        <ele>17</ele>
        <extensions>
          <gpxtpx:TrackPointExtension>
            <gpxtpx:Extensions>
              <reversedirection>yes</reversedirection>
              <highway>residential</highway>
              <surface>asphalt</surface>
            </gpxtpx:Extensions>
          </gpxtpx:TrackPointExtension>
        </extensions>
      </trkpt>
      <trkpt lat="44.34419" lon="8.502338">
        <time>2024-06-15T08:13:36Z</time>
        <ele>17</ele>
        <extensions>
          <gpxtpx:TrackPointExtension>
            <gpxtpx:Extensions>
              <reversedirection>yes</reversedirection>
              <highway>residential</highway>
              <surface>asphalt</surface>
            </gpxtpx:Extensions>
          </gpxtpx:TrackPointExtension>
        </extensions>
      </trkpt>
      <trkpt lat="44.344021" lon="8.502223">
        <time>2024-06-15T08:13:41Z</time>
        <ele>16.25</ele>
        <extensions>
          <gpxtpx:TrackPointExtension>
            <gpxtpx:Extensions>
              <reversedirection>yes</reversedirection>
              <highway>residential</highway>
              <surface>asphalt</surface>
            </gpxtpx:Extensions>
          </gpxtpx:TrackPointExtension>
        </extensions>
      </trkpt>
      <trkpt lat="44.343872" lon="8.502075">
        <time>2024-06-15T08:13:46Z</time>
        <ele>15.75</ele>
        <extensions>
          <gpxtpx:TrackPointExtension>
            <gpxtpx:Extensions>
              <reversedirection>yes</reversedirection>
              <highway>residential</highway>
              <surface>asphalt</surface>
            </gpxtpx:Extensions>
          </gpxtpx:TrackPointExtension>
        </extensions>
      </trkpt>
      <trkpt lat="44.343717" lon="8.501927">
        <time>2024-06-15T08:13:51Z</time>
        <ele>15</ele>
        <extensions>
          <gpxtpx:TrackPointExtension>
            <gpxtpx:Extensions>
              <reversedirection>yes</reversedirection>
              <highway>residential</highway>
              <surface>asphalt</surface>
            </gpxtpx:Extensions>
          </gpxtpx:TrackPointExtension>
        </extensions>
      </trkpt>
      <trkpt lat="44.343602" lon="8.501817">
        <time>2024-06-15T08:13:55Z</time>
        <ele>14.25</ele>
        <extensions>
          <gpxtpx:TrackPointExtension>
            <gpxtpx:Extensions>
              <reversedirection>yes</reversedirection>
              <highway>residential</highway>
              <surface>asphalt</surface>
            </gpxtpx:Extensions>
          </gpxtpx:TrackPointExtension>
        </extensions>
      </trkpt>
      <trkpt lat="44.3435" lon="8.501727">
        <time>2024-06-15T08:13:58Z</time>
        <ele>13.5</ele>
      </trkpt>
    </trkseg>
  </trk>
</gpx>