<?xml version='1.0' encoding='utf-8'?>
<gpx xmlns="http://www.topografix.com/GPX/1/1" xmlns:gpxtpx="http://www.garmin.com/xmlschemas/TrackPointExtension/v1" xmlns:xsi="http://www.w3.org/2001/XMLSchema-instance" version="1.1" creator="Trailforks.com" schemaLocation="http://www.topografix.com/GPX/1/1 http://www.topografix.com/GPX/1/1/gpx.xsd http://www.garmin.com/xmlschemas/GpxExtensions/v3 http://www.garmin.com/xmlschemas/GpxExtensionsv3.xsd http://www.garmin.com/xmlschemas/TrackPointExtension/v1 http://www.garmin.com/xmlschemas/TrackPointExtensionv1.xsd http://www.garmin.com/xmlschemas/PowerExtension/v1 http://www.garmin.com/xmlschemas/PowerExtensionv1.xsd http://www.topografix.com/GPX/gpx_style/0/2 http://www.topografix.com/GPX/gpx_style/0/2/gpx_style.xsd" xsi:schemaLocation="http://www.topografix.com/GPX/1/1 http://www.topografix.com/GPX/1/1/gpx.xsd http://www.garmin.com/xmlschemas/GpxExtensions/v3 http://www.garmin.com/xmlschemas/GpxExtensionsv3.xsd http://www.garmin.com/xmlschemas/TrackPointExtension/v1 http://www.garmin.com/xmlschemas/TrackPointExtensionv1.xsd http://www.garmin.com/xmlschemas/PowerExtension/v1 http://www.garmin.com/xmlschemas/PowerExtensionv1.xsd http://www.topografix.com/GPX/gpx_style/0/2 http://www.topografix.com/GPX/gpx_style/0/2/gpx_style.xsd">
  <metadata>
    <name>Rio Buraxe Climb GPX - Albi Trail Area</name>
    <desc>Verde / Doubletrack. Lunghezza ~3.4 km - Dislivello +243 m. Tempo medio: ~30 min.</desc>
    <author>
      <name>gpx.studio</name>
      <link href="https://gpx.studio" />
    </author>
    <link href="https://www.trailforks.com/trails/rio-buraxe-climb/">
      <text>Trail reference</text>
    </link>
    <time>2024-06-15T08:00:00Z</time>
  </metadata>
  <trk>
    <name>Rio Buraxe Climb</name>
    <desc>Verde / Doubletrack. Lunghezza ~3.4 km - Dislivello +243 m.</desc>
    <type>MTB Climb</type>
    <trkseg>
      <trkpt lat="44.343504" lon="8.50173">
        <time>2024-06-15T08:00:00Z</time>
        <ele>13.5</ele>
        <extensions>
          <gpxtpx:TrackPointExtension>
            <gpxtpx:Extensions>
              <highway>residential</highway>
              <surface>asphalt</surface>
            </gpxtpx:Extensions>
          </gpxtpx:TrackPointExtension>
        </extensions>
      </trkpt>
      <trkpt lat="44.343602" lon="8.501817">
        <time>2024-06-15T08:00:05Z</time>
        <ele>14.25</ele>
        <extensions>
          <gpxtpx:TrackPointExtension>
            <gpxtpx:Extensions>
              <highway>residential</highway>
              <surface>asphalt</surface>
            </gpxtpx:Extensions>
          </gpxtpx:TrackPointExtension>
        </extensions>
      </trkpt>
      <trkpt lat="44.343717" lon="8.501927">
        <time>2024-06-15T08:00:12Z</time>
        <ele>15</ele>
        <extensions>
          <gpxtpx:TrackPointExtension>
            <gpxtpx:Extensions>
              <highway>residential</highway>
              <surface>asphalt</surface>
            </gpxtpx:Extensions>
          </gpxtpx:TrackPointExtension>
        </extensions>
      </trkpt>
      <trkpt lat="44.343872" lon="8.502075">
        <time>2024-06-15T08:00:21Z</time>
        <ele>15.75</ele>
        <extensions>
          <gpxtpx:TrackPointExtension>
            <gpxtpx:Extensions>
              <highway>residential</highway>
              <surface>asphalt</surface>
            </gpxtpx:Extensions>
          </gpxtpx:TrackPointExtension>
        </extensions>
      </trkpt>
      <trkpt lat="44.344021" lon="8.502223">
        <time>2024-06-15T08:00:30Z</time>
        <ele>16.25</ele>
        <extensions>
          <gpxtpx:TrackPointExtension>
            <gpxtpx:Extensions>
              <highway>residential</highway>
              <surface>asphalt</surface>
            </gpxtpx:Extensions>
          </gpxtpx:TrackPointExtension>
        </extensions>
      </trkpt>
      <trkpt lat="44.34419" lon="8.502338">
        <time>2024-06-15T08:00:40Z</time>
        <ele>17</ele>
        <extensions>
          <gpxtpx:TrackPointExtension>
            <gpxtpx:Extensions>
              <highway>residential</highway>
              <surface>asphalt</surface>
            </gpxtpx:Extensions>
          </gpxtpx:TrackPointExtension>
        </extensions>
      </trkpt>
      <trkpt lat="44.344283" lon="8.50239">
        <time>2024-06-15T08:00:45Z</time>
        <ele>17</ele>
        <extensions>
          <gpxtpx:TrackPointExtension>
            <gpxtpx:Extensions>
              <highway>residential</highway>
              <surface>asphalt</surface>
            </gpxtpx:Extensions>
          </gpxtpx:TrackPointExtension>
        </extensions>
      </trkpt>
      <trkpt lat="44.344341" lon="8.502419">
        <time>2024-06-15T08:00:48Z</time>
        <ele>17</ele>
        <extensions>
          <gpxtpx:TrackPointExtension>
            <gpxtpx:Extensions>
              <highway>residential</highway>
              <surface>asphalt</surface>
            </gpxtpx:Extensions>
          </gpxtpx:TrackPointExtension>
        </extensions>
      </trkpt>
      <trkpt lat="44.345016" lon="8.502522">
        <time>2024-06-15T08:01:21Z</time>
        <ele>18.25</ele>
        <extensions>
          <gpxtpx:TrackPointExtension>
            <gpxtpx:Extensions>
              <highway>residential</highway>
              <surface>asphalt</surface>
            </gpxtpx:Extensions>
          </gpxtpx:TrackPointExtension>
        </extensions>
      </trkpt>
      <trkpt lat="44.345172" lon="8.50255">
        <time>2024-06-15T08:01:29Z</time>
        <ele>18.25</ele>
        <extensions>
          <gpxtpx:TrackPointExtension>
            <gpxtpx:Extensions>
              <highway>residential</highway>
              <surface>asphalt</surface>
            </gpxtpx:Extensions>
          </gpxtpx:TrackPointExtension>
        </extensions>
      </trkpt>
      <trkpt lat="44.345371" lon="8.502684">
        <time>2024-06-15T08:01:40Z</time>
        <ele>19.5</ele>
        <extensions>
          <gpxtpx:TrackPointExtension>
            <gpxtpx:Extensions>
              <highway>residential</highway>
              <surface>asphalt</surface>
            </gpxtpx:Extensions>
          </gpxtpx:TrackPointExtension>
        </extensions>
      </trkpt>
      <trkpt lat="44.345451" lon="8.502742">
        <time>2024-06-15T08:01:44Z</time>
        <ele>20</ele>
        <extensions>
          <gpxtpx:TrackPointExtension>
            <gpxtpx:Extensions>
              <highway>residential</highway>
              <surface>asphalt</surface>
            </gpxtpx:Extensions>
          </gpxtpx:TrackPointExtension>
        </extensions>
      </trkpt>
      <trkpt lat="44.345504" lon="8.502768">
        <time>2024-06-15T08:01:47Z</time>
        <ele>20</ele>
        <extensions>
          <gpxtpx:TrackPointExtension>
            <gpxtpx:Extensions>
              <highway>residential</highway>
              <surface>asphalt</surface>
            </gpxtpx:Extensions>
          </gpxtpx:TrackPointExtension>
        </extensions>
      </trkpt>
      <trkpt lat="44.34611" lon="8.503131">
        <time>2024-06-15T08:02:20Z</time>
        <ele>21.75</ele>
        <extensions>
          <gpxtpx:TrackPointExtension>
            <gpxtpx:Extensions>
              <highway>residential</highway>
              <surface>asphalt</surface>
            </gpxtpx:Extensions>
          </gpxtpx:TrackPointExtension>
        </extensions>
      </trkpt>
      <trkpt lat="44.346387" lon="8.503177">
        <time>2024-06-15T08:02:34Z</time>
        <ele>22</ele>
        <extensions>
          <gpxtpx:TrackPointExtension>
            <gpxtpx:Extensions>
              <highway>residential</highway>
              <surface>asphalt</surface>
            </gpxtpx:Extensions>
          </gpxtpx:TrackPointExtension>
        </extensions>
      </trkpt>
      <trkpt lat="44.346421" lon="8.503197">
        <time>2024-06-15T08:02:35Z</time>
        <ele>22</ele>
        <extensions>
          <gpxtpx:TrackPointExtension>
            <gpxtpx:Extensions>
              <highway>residential</highway>
              <surface>asphalt</surface>
            </gpxtpx:Extensions>
          </gpxtpx:TrackPointExtension>
        </extensions>
      </trkpt>
      <trkpt lat="44.346446" lon="8.503232">
        <time>2024-06-15T08:02:37Z</time>
        <ele>22.25</ele>
        <extensions>
          <gpxtpx:TrackPointExtension>
            <gpxtpx:Extensions>
              <highway>residential</highway>
              <surface>asphalt</surface>
            </gpxtpx:Extensions>
          </gpxtpx:TrackPointExtension>
        </extensions>
      </trkpt>
      <trkpt lat="44.346495" lon="8.503331">
        <time>2024-06-15T08:02:41Z</time>
        <ele>22</ele>
        <extensions>
          <gpxtpx:TrackPointExtension>
            <gpxtpx:Extensions>
              <highway>residential</highway>
              <surface>asphalt</surface>
            </gpxtpx:Extensions>
          </gpxtpx:TrackPointExtension>
        </extensions>
      </trkpt>
      <trkpt lat="44.346528" lon="8.50336">
        <time>2024-06-15T08:02:43Z</time>
        <ele>22.75</ele>
        <extensions>
          <gpxtpx:TrackPointExtension>
            <gpxtpx:Extensions>
              <highway>residential</highway>
              <surface>asphalt</surface>
            </gpxtpx:Extensions>
          </gpxtpx:TrackPointExtension>
        </extensions>
      </trkpt>
      <trkpt lat="44.346567" lon="8.503423">
        <time>2024-06-15T08:02:46Z</time>
        <ele>24</ele>
        <extensions>
          <gpxtpx:TrackPointExtension>
            <gpxtpx:Extensions>
              <highway>residential</highway>
              <surface>asphalt</surface>
            </gpxtpx:Extensions>
          </gpxtpx:TrackPointExtension>
        </extensions>
      </trkpt>
      <trkpt lat="44.346602" lon="8.503428">
        <time>2024-06-15T08:02:48Z</time>
        <ele>24.25</ele>
        <extensions>
          <gpxtpx:TrackPointExtension>
            <gpxtpx:Extensions>
              <highway>residential</highway>
              <surface>asphalt</surface>
            </gpxtpx:Extensions>
          </gpxtpx:TrackPointExtension>
        </extensions>
      </trkpt>
      <trkpt lat="44.346764" lon="8.503364">
        <time>2024-06-15T08:02:56Z</time>
        <ele>22.75</ele>
        <extensions>
          <gpxtpx:TrackPointExtension>
            <gpxtpx:Extensions>
              <highway>residential</highway>
              <surface>asphalt</surface>
            </gpxtpx:Extensions>
          </gpxtpx:TrackPointExtension>
        </extensions>
      </trkpt>
      <trkpt lat="44.346846" lon="8.503368">
        <time>2024-06-15T08:03:01Z</time>
        <ele>23</ele>
        <extensions>
          <gpxtpx:TrackPointExtension>
            <gpxtpx:Extensions>
              <highway>residential</highway>
              <surface>asphalt</surface>
            </gpxtpx:Extensions>
          </gpxtpx:TrackPointExtension>
        </extensions>
      </trkpt>
      <trkpt lat="44.346898" lon="8.503384">
        <time>2024-06-15T08:03:03Z</time>
        <ele>23.5</ele>
        <extensions>
          <gpxtpx:TrackPointExtension>
            <gpxtpx:Extensions>
              <highway>residential</highway>
              <surface>asphalt</surface>
            </gpxtpx:Extensions>
          </gpxtpx:TrackPointExtension>
        </extensions>
      </trkpt>
      <trkpt lat="44.346958" lon="8.503391">
        <time>2024-06-15T08:03:06Z</time>
        <ele>23.75</ele>
        <extensions>
          <gpxtpx:TrackPointExtension>
            <gpxtpx:Extensions>
              <highway>residential</highway>
              <surface>asphalt</surface>
            </gpxtpx:Extensions>
          </gpxtpx:TrackPointExtension>
        </extensions>
      </trkpt>
      <trkpt lat="44.347055" lon="8.503395">
        <time>2024-06-15T08:03:11Z</time>
        <ele>24</ele>
        <extensions>
          <gpxtpx:TrackPointExtension>
            <gpxtpx:Extensions>
              <highway>residential</highway>
              <surface>asphalt</surface>
            </gpxtpx:Extensions>
          </gpxtpx:TrackPointExtension>
        </extensions>
      </trkpt>
      <trkpt lat="44.347088" lon="8.503388">
        <time>2024-06-15T08:03:13Z</time>
        <ele>24</ele>
        <extensions>
          <gpxtpx:TrackPointExtension>
            <gpxtpx:Extensions>
              <highway>residential</highway>
              <surface>asphalt</surface>
            </gpxtpx:Extensions>
          </gpxtpx:TrackPointExtension>
        </extensions>
      </trkpt>
      <trkpt lat="44.347088" lon="8.503388">
        <time>2024-06-15T08:03:13Z</time>
        <ele>24</ele>
        <extensions>
          <gpxtpx:TrackPointExtension>
            <gpxtpx:Extensions>
              <highway>residential</highway>
              <surface>asphalt</surface>
            </gpxtpx:Extensions>
          </gpxtpx:TrackPointExtension>
        </extensions>
      </trkpt>
      <trkpt lat="44.347124" lon="8.503372">
        <time>2024-06-15T08:03:14Z</time>
        <ele>23.75</ele>
        <extensions>
          <gpxtpx:TrackPointExtension>
            <gpxtpx:Extensions>
              <highway>residential</highway>
              <surface>asphalt</surface>
            </gpxtpx:Extensions>
          </gpxtpx:TrackPointExtension>
        </extensions>
      </trkpt>
      <trkpt lat="44.347159" lon="8.503339">
        <time>2024-06-15T08:03:17Z</time>
        <ele>23.25</ele>
        <extensions>
          <gpxtpx:TrackPointExtension>
            <gpxtpx:Extensions>
              <reversedirection>yes</reversedirection>
              <highway>residential</highway>
            </gpxtpx:Extensions>
          </gpxtpx:TrackPointExtension>
        </extensions>
      </trkpt>
      <trkpt lat="44.347127" lon="8.503017">
        <time>2024-06-15T08:03:28Z</time>
        <ele>24.75</ele>
        <extensions>
          <gpxtpx:TrackPointExtension>
            <gpxtpx:Extensions>
              <reversedirection>yes</reversedirection>
              <highway>residential</highway>
            </gpxtpx:Extensions>
          </gpxtpx:TrackPointExtension>
        </extensions>
      </trkpt>
      <trkpt lat="44.34708" lon="8.50297">
        <time>2024-06-15T08:03:31Z</time>
        <ele>24.75</ele>
        <extensions>
          <gpxtpx:TrackPointExtension>
            <gpxtpx:Extensions>
              <reversedirection>yes</reversedirection>
              <highway>residential</highway>
            </gpxtpx:Extensions>
          </gpxtpx:TrackPointExtension>
        </extensions>
      </trkpt>
      <trkpt lat="44.346981" lon="8.502898">
        <time>2024-06-15T08:03:36Z</time>
        <ele>24.75</ele>
        <extensions>
          <gpxtpx:TrackPointExtension>
            <gpxtpx:Extensions>
              <reversedirection>yes</reversedirection>
              <highway>residential</highway>
            </gpxtpx:Extensions>
          </gpxtpx:TrackPointExtension>
        </extensions>
      </trkpt>
      <trkpt lat="44.346958" lon="8.502879">
        <time>2024-06-15T08:03:38Z</time>
        <ele>24.5</ele>
        <extensions>
          <gpxtpx:TrackPointExtension>
            <gpxtpx:Extensions>
              <highway>residential</highway>
              <tracktype>grade3</tracktype>
              <surface>ground</surface>
              <access>yes</access>
              <mtb_scale>3</mtb_scale>
            </gpxtpx:Extensions>
          </gpxtpx:TrackPointExtension>
        </extensions>
      </trkpt>
      <trkpt lat="44.347066" lon="8.502792">
        <time>2024-06-15T08:03:44Z</time>
        <ele>25.75</ele>
        <extensions>
          <gpxtpx:TrackPointExtension>
            <gpxtpx:Extensions>
              <highway>track</highway>
              <tracktype>grade2</tracktype>
              <surface>ground</surface>
              <access>yes</access>
              <mtb_scale>1</mtb_scale>
            </gpxtpx:Extensions>
          </gpxtpx:TrackPointExtension>
        </extensions>
      </trkpt>
      <trkpt lat="44.347192" lon="8.502717">
        <time>2024-06-15T08:03:51Z</time>
        <ele>27</ele>
        <extensions>
          <gpxtpx:TrackPointExtension>
            <gpxtpx:Extensions>
              <highway>track</highway>
              <tracktype>grade2</tracktype>
              <surface>ground</surface>
              <access>yes</access>
              <mtb_scale>1</mtb_scale>
            </gpxtpx:Extensions>
          </gpxtpx:TrackPointExtension>
        </extensions>
      </trkpt>
      <trkpt lat="44.347448" lon="8.502626">
        <time>2024-06-15T08:04:04Z</time>
        <ele>29.5</ele>
        <extensions>
          <gpxtpx:TrackPointExtension>
            <gpxtpx:Extensions>
              <highway>track</highway>
              <tracktype>grade2</tracktype>
              <surface>ground</surface>
              <access>yes</access>
              <mtb_scale>1</mtb_scale>
            </gpxtpx:Extensions>
          </gpxtpx:TrackPointExtension>
        </extensions>
      </trkpt>
      <trkpt lat="44.347761" lon="8.502575">
        <time>2024-06-15T08:04:19Z</time>
        <ele>29.75</ele>
        <extensions>
          <gpxtpx:TrackPointExtension>
            <gpxtpx:Extensions>
              <highway>track</highway>
              <tracktype>grade2</tracktype>
              <surface>ground</surface>
              <access>yes</access>
              <mtb_scale>1</mtb_scale>
            </gpxtpx:Extensions>
          </gpxtpx:TrackPointExtension>
        </extensions>
      </trkpt>
      <trkpt lat="44.347922" lon="8.502533">
        <time>2024-06-15T08:04:28Z</time>
        <ele>29.75</ele>
        <extensions>
          <gpxtpx:TrackPointExtension>
            <gpxtpx:Extensions>
              <highway>track</highway>
              <tracktype>grade2</tracktype>
              <surface>ground</surface>
              <access>yes</access>
              <mtb_scale>1</mtb_scale>
            </gpxtpx:Extensions>
          </gpxtpx:TrackPointExtension>
        </extensions>
      </trkpt>
      <trkpt lat="44.348058" lon="8.502469">
        <time>2024-06-15T08:04:35Z</time>
        <ele>30.25</ele>
        <extensions>
          <gpxtpx:TrackPointExtension>
            <gpxtpx:Extensions>
              <highway>track</highway>
              <tracktype>grade2</tracktype>
              <surface>ground</surface>
              <access>yes</access>
              <mtb_scale>1</mtb_scale>
            </gpxtpx:Extensions>
          </gpxtpx:TrackPointExtension>
        </extensions>
      </trkpt>
      <trkpt lat="44.348329" lon="8.502279">
        <time>2024-06-15T08:04:50Z</time>
        <ele>34.5</ele>
        <extensions>
          <gpxtpx:TrackPointExtension>
            <gpxtpx:Extensions>
              <highway>track</highway>
              <tracktype>grade2</tracktype>
              <surface>ground</surface>
              <access>yes</access>
              <mtb_scale>1</mtb_scale>
            </gpxtpx:Extensions>
          </gpxtpx:TrackPointExtension>
        </extensions>
      </trkpt>
      <trkpt lat="44.348429" lon="8.50218">
        <time>2024-06-15T08:04:56Z</time>
        <ele>37</ele>
        <extensions>
          <gpxtpx:TrackPointExtension>
            <gpxtpx:Extensions>
              <highway>track</highway>
              <tracktype>grade2</tracktype>
              <surface>ground</surface>
              <access>yes</access>
              <mtb_scale>1</mtb_scale>
            </gpxtpx:Extensions>
          </gpxtpx:TrackPointExtension>
        </extensions>
      </trkpt>
      <trkpt lat="44.348465" lon="8.502155">
        <time>2024-06-15T08:04:58Z</time>
        <ele>37.5</ele>
        <extensions>
          <gpxtpx:TrackPointExtension>
            <gpxtpx:Extensions>
              <highway>path</highway>
              <tracktype>grade4</tracktype>
              <surface>ground</surface>
              <access>yes</access>
              <mtb_scale>1</mtb_scale>
            </gpxtpx:Extensions>
          </gpxtpx:TrackPointExtension>
        </extensions>
      </trkpt>
      <trkpt lat="44.348572" lon="8.502103">
        <time>2024-06-15T08:05:03Z</time>
        <ele>38.5</ele>
        <extensions>
          <gpxtpx:TrackPointExtension>
            <gpxtpx:Extensions>
              <highway>path</highway>
              <tracktype>grade4</tracktype>
              <surface>ground</surface>
              <access>yes</access>
              <mtb_scale>1</mtb_scale>
            </gpxtpx:Extensions>
          </gpxtpx:TrackPointExtension>
        </extensions>
      </trkpt>
      <trkpt lat="44.348651" lon="8.502052">
        <time>2024-06-15T08:05:08Z</time>
        <ele>39.25</ele>
        <extensions>
          <gpxtpx:TrackPointExtension>
            <gpxtpx:Extensions>
              <highway>path</highway>
              <tracktype>grade4</tracktype>
              <surface>ground</surface>
              <access>yes</access>
              <mtb_scale>1</mtb_scale>
            </gpxtpx:Extensions>
          </gpxtpx:TrackPointExtension>
        </extensions>
      </trkpt>
      <trkpt lat="44.348758" lon="8.501975">
        <time>2024-06-15T08:05:14Z</time>
        <ele>40</ele>
        <extensions>
          <gpxtpx:TrackPointExtension>
            <gpxtpx:Extensions>
              <highway>path</highway>
              <tracktype>grade4</tracktype>
              <surface>ground</surface>
              <access>yes</access>
              <mtb_scale>1</mtb_scale>
            </gpxtpx:Extensions>
          </gpxtpx:TrackPointExtension>
        </extensions>
      </trkpt>
      <trkpt lat="44.348982" lon="8.501791">
        <time>2024-06-15T08:05:27Z</time>
        <ele>40.5</ele>
        <extensions>
          <gpxtpx:TrackPointExtension>
            <gpxtpx:Extensions>
              <highway>path</highway>
              <tracktype>grade4</tracktype>
              <surface>ground</surface>
              <access>yes</access>
              <mtb_scale>1</mtb_scale>
            </gpxtpx:Extensions>
          </gpxtpx:TrackPointExtension>
        </extensions>
      </trkpt>
      <trkpt lat="44.349069" lon="8.50174">
        <time>2024-06-15T08:05:31Z</time>
        <ele>39.75</ele>
        <extensions>
          <gpxtpx:TrackPointExtension>
            <gpxtpx:Extensions>
              <highway>path</highway>
              <tracktype>grade4</tracktype>
              <surface>ground</surface>
              <access>yes</access>
              <mtb_scale>1</mtb_scale>
            </gpxtpx:Extensions>
          </gpxtpx:TrackPointExtension>
        </extensions>
      </trkpt>
      <trkpt lat="44.349148" lon="8.501723">
        <time>2024-06-15T08:05:35Z</time>
        <ele>39</ele>
        <extensions>
          <gpxtpx:TrackPointExtension>
            <gpxtpx:Extensions>
              <highway>path</highway>
              <tracktype>grade4</tracktype>
              <surface>ground</surface>
              <access>yes</access>
              <mtb_scale>1</mtb_scale>
            </gpxtpx:Extensions>
          </gpxtpx:TrackPointExtension>
        </extensions>
      </trkpt>
      <trkpt lat="44.349282" lon="8.501744">
        <time>2024-06-15T08:05:42Z</time>
        <ele>38.75</ele>
        <extensions>
          <gpxtpx:TrackPointExtension>
            <gpxtpx:Extensions>
              <highway>path</highway>
              <tracktype>grade4</tracktype>
              <surface>ground</surface>
              <access>yes</access>
              <mtb_scale>1</mtb_scale>
            </gpxtpx:Extensions>
          </gpxtpx:TrackPointExtension>
        </extensions>
      </trkpt>
      <trkpt lat="44.349417" lon="8.501792">
        <time>2024-06-15T08:05:49Z</time>
        <ele>39</ele>
        <extensions>
          <gpxtpx:TrackPointExtension>
            <gpxtpx:Extensions>
              <highway>path</highway>
              <tracktype>grade4</tracktype>
              <surface>ground</surface>
              <access>yes</access>
              <mtb_scale>1</mtb_scale>
            </gpxtpx:Extensions>
          </gpxtpx:TrackPointExtension>
        </extensions>
      </trkpt>
      <trkpt lat="44.349754" lon="8.501868">
        <time>2024-06-15T08:06:06Z</time>
        <ele>40.5</ele>
        <extensions>
          <gpxtpx:TrackPointExtension>
            <gpxtpx:Extensions>
              <highway>path</highway>
              <tracktype>grade4</tracktype>
              <surface>ground</surface>
              <access>yes</access>
              <mtb_scale>1</mtb_scale>
            </gpxtpx:Extensions>
          </gpxtpx:TrackPointExtension>
        </extensions>
      </trkpt>
      <trkpt lat="44.349889" lon="8.501886">
        <time>2024-06-15T08:06:12Z</time>
        <ele>41.25</ele>
        <extensions>
          <gpxtpx:TrackPointExtension>
            <gpxtpx:Extensions>
              <highway>path</highway>
              <tracktype>grade4</tracktype>
              <surface>ground</surface>
              <access>yes</access>
              <mtb_scale>1</mtb_scale>
            </gpxtpx:Extensions>
          </gpxtpx:TrackPointExtension>
        </extensions>
      </trkpt>
      <trkpt lat="44.349962" lon="8.501876">
        <time>2024-06-15T08:06:16Z</time>
        <ele>41.5</ele>
        <extensions>
          <gpxtpx:TrackPointExtension>
            <gpxtpx:Extensions>
              <highway>path</highway>
              <tracktype>grade4</tracktype>
              <surface>ground</surface>
              <access>yes</access>
              <mtb_scale>1</mtb_scale>
            </gpxtpx:Extensions>
          </gpxtpx:TrackPointExtension>
        </extensions>
      </trkpt>
      <trkpt lat="44.350133" lon="8.501769">
        <time>2024-06-15T08:06:25Z</time>
        <ele>41</ele>
        <extensions>
          <gpxtpx:TrackPointExtension>
            <gpxtpx:Extensions>
              <highway>path</highway>
              <tracktype>grade4</tracktype>
              <surface>ground</surface>
              <access>yes</access>
              <mtb_scale>1</mtb_scale>
            </gpxtpx:Extensions>
          </gpxtpx:TrackPointExtension>
        </extensions>
      </trkpt>
      <trkpt lat="44.350261" lon="8.501661">
        <time>2024-06-15T08:06:33Z</time>
        <ele>40.25</ele>
        <extensions>
          <gpxtpx:TrackPointExtension>
            <gpxtpx:Extensions>
              <highway>path</highway>
              <tracktype>grade4</tracktype>
              <surface>ground</surface>
              <access>yes</access>
              <mtb_scale>1</mtb_scale>
            </gpxtpx:Extensions>
          </gpxtpx:TrackPointExtension>
        </extensions>
      </trkpt>
      <trkpt lat="44.350589" lon="8.50125">
        <time>2024-06-15T08:06:55Z</time>
        <ele>50.5</ele>
        <extensions>
          <gpxtpx:TrackPointExtension>
            <gpxtpx:Extensions>
              <highway>path</highway>
              <tracktype>grade4</tracktype>
              <surface>ground</surface>
              <access>yes</access>
              <mtb_scale>1</mtb_scale>
            </gpxtpx:Extensions>
          </gpxtpx:TrackPointExtension>
        </extensions>
      </trkpt>
      <trkpt lat="44.350902" lon="8.50097">
        <time>2024-06-15T08:07:13Z</time>
        <ele>53.5</ele>
        <extensions>
          <gpxtpx:TrackPointExtension>
            <gpxtpx:Extensions>
              <highway>path</highway>
              <tracktype>grade4</tracktype>
              <surface>ground</surface>
              <access>yes</access>
              <mtb_scale>1</mtb_scale>
            </gpxtpx:Extensions>
          </gpxtpx:TrackPointExtension>
        </extensions>
      </trkpt>
      <trkpt lat="44.351034" lon="8.500917">
        <time>2024-06-15T08:07:20Z</time>
        <ele>52.5</ele>
        <extensions>
          <gpxtpx:TrackPointExtension>
            <gpxtpx:Extensions>
              <highway>path</highway>
              <tracktype>grade4</tracktype>
              <surface>ground</surface>
              <access>yes</access>
              <mtb_scale>1</mtb_scale>
            </gpxtpx:Extensions>
          </gpxtpx:TrackPointExtension>
        </extensions>
      </trkpt>
      <trkpt lat="44.351136" lon="8.500891">
        <time>2024-06-15T08:07:25Z</time>
        <ele>51.5</ele>
        <extensions>
          <gpxtpx:TrackPointExtension>
            <gpxtpx:Extensions>
              <highway>path</highway>
              <tracktype>grade4</tracktype>
              <surface>ground</surface>
              <access>yes</access>
              <mtb_scale>1</mtb_scale>
            </gpxtpx:Extensions>
          </gpxtpx:TrackPointExtension>
        </extensions>
      </trkpt>
      <trkpt lat="44.351228" lon="8.500881">
        <time>2024-06-15T08:07:30Z</time>
        <ele>50.25</ele>
        <extensions>
          <gpxtpx:TrackPointExtension>
            <gpxtpx:Extensions>
              <highway>path</highway>
              <tracktype>grade4</tracktype>
              <surface>ground</surface>
              <access>yes</access>
              <mtb_scale>1</mtb_scale>
            </gpxtpx:Extensions>
          </gpxtpx:TrackPointExtension>
        </extensions>
      </trkpt>
      <trkpt lat="44.351339" lon="8.500909">
        <time>2024-06-15T08:07:35Z</time>
        <ele>49</ele>
        <extensions>
          <gpxtpx:TrackPointExtension>
            <gpxtpx:Extensions>
              <highway>path</highway>
              <tracktype>grade4</tracktype>
              <surface>ground</surface>
              <access>yes</access>
              <mtb_scale>1</mtb_scale>
            </gpxtpx:Extensions>
          </gpxtpx:TrackPointExtension>
        </extensions>
      </trkpt>
      <trkpt lat="44.351396" lon="8.500953">
        <time>2024-06-15T08:07:39Z</time>
        <ele>48.75</ele>
        <extensions>
          <gpxtpx:TrackPointExtension>
            <gpxtpx:Extensions>
              <highway>path</highway>
              <tracktype>grade4</tracktype>
              <surface>ground</surface>
              <access>yes</access>
              <mtb_scale>1</mtb_scale>
            </gpxtpx:Extensions>
          </gpxtpx:TrackPointExtension>
        </extensions>
      </trkpt>
      <trkpt lat="44.351436" lon="8.501016">
        <time>2024-06-15T08:07:42Z</time>
        <ele>49</ele>
        <extensions>
          <gpxtpx:TrackPointExtension>
            <gpxtpx:Extensions>
              <highway>path</highway>
              <tracktype>grade4</tracktype>
              <surface>ground</surface>
              <access>yes</access>
              <mtb_scale>1</mtb_scale>
            </gpxtpx:Extensions>
          </gpxtpx:TrackPointExtension>
        </extensions>
      </trkpt>
      <trkpt lat="44.351496" lon="8.501085">
        <time>2024-06-15T08:07:45Z</time>
        <ele>49.25</ele>
        <extensions>
          <gpxtpx:TrackPointExtension>
            <gpxtpx:Extensions>
              <highway>path</highway>
              <tracktype>grade4</tracktype>
              <surface>ground</surface>
              <mtb_scale>1</mtb_scale>
            </gpxtpx:Extensions>
          </gpxtpx:TrackPointExtension>
        </extensions>
      </trkpt>
      <trkpt lat="44.351523" lon="8.501091">
        <time>2024-06-15T08:07:47Z</time>
        <ele>49.25</ele>
        <extensions>
          <gpxtpx:TrackPointExtension>
            <gpxtpx:Extensions>
              <highway>path</highway>
              <tracktype>grade4</tracktype>
              <surface>ground</surface>
              <mtb_scale>1</mtb_scale>
            </gpxtpx:Extensions>
          </gpxtpx:TrackPointExtension>
        </extensions>
      </trkpt>
      <trkpt lat="44.351543" lon="8.50108">
        <time>2024-06-15T08:07:48Z</time>
        <ele>49</ele>
        <extensions>
          <gpxtpx:TrackPointExtension>
            <gpxtpx:Extensions>
              <highway>path</highway>
              <tracktype>grade4</tracktype>
              <surface>ground</surface>
              <mtb_scale>1</mtb_scale>
            </gpxtpx:Extensions>
          </gpxtpx:TrackPointExtension>
        </extensions>
      </trkpt>
      <trkpt lat="44.3516" lon="8.501023">
        <time>2024-06-15T08:07:51Z</time>
        <ele>47.75</ele>
        <extensions>
          <gpxtpx:TrackPointExtension>
            <gpxtpx:Extensions>
              <highway>path</highway>
              <tracktype>grade4</tracktype>
              <surface>ground</surface>
              <mtb_scale>1</mtb_scale>
            </gpxtpx:Extensions>
          </gpxtpx:TrackPointExtension>
        </extensions>
      </trkpt>
      <trkpt lat="44.351645" lon="8.500888">
        <time>2024-06-15T08:07:57Z</time>
        <ele>45.25</ele>
        <extensions>
          <gpxtpx:TrackPointExtension>
            <gpxtpx:Extensions>
              <highway>path</highway>
              <tracktype>grade4</tracktype>
              <surface>ground</surface>
              <mtb_scale>1</mtb_scale>
            </gpxtpx:Extensions>
          </gpxtpx:TrackPointExtension>
        </extensions>
      </trkpt>
      <trkpt lat="44.351689" lon="8.500709">
        <time>2024-06-15T08:08:04Z</time>
        <ele>48.75</ele>
        <extensions>
          <gpxtpx:TrackPointExtension>
            <gpxtpx:Extensions>
              <highway>path</highway>
              <tracktype>grade4</tracktype>
              <surface>ground</surface>
              <mtb_scale>1</mtb_scale>
            </gpxtpx:Extensions>
          </gpxtpx:TrackPointExtension>
        </extensions>
      </trkpt>
      <trkpt lat="44.351778" lon="8.500608">
        <time>2024-06-15T08:08:10Z</time>
        <ele>52.25</ele>
        <extensions>
          <gpxtpx:TrackPointExtension>
            <gpxtpx:Extensions>
              <highway>path</highway>
              <tracktype>grade4</tracktype>
              <surface>ground</surface>
              <mtb_scale>1</mtb_scale>
            </gpxtpx:Extensions>
          </gpxtpx:TrackPointExtension>
        </extensions>
      </trkpt>
      <trkpt lat="44.35183" lon="8.500578">
        <time>2024-06-15T08:08:12Z</time>
        <ele>53.25</ele>
        <extensions>
          <gpxtpx:TrackPointExtension>
            <gpxtpx:Extensions>
              <highway>path</highway>
              <surface>ground</surface>
              <access>yes</access>
              <mtb_scale>1</mtb_scale>
            </gpxtpx:Extensions>
          </gpxtpx:TrackPointExtension>
        </extensions>
      </trkpt>
      <trkpt lat="44.351937" lon="8.50053">
        <time>2024-06-15T08:08:18Z</time>
        <ele>54</ele>
        <extensions>
          <gpxtpx:TrackPointExtension>
            <gpxtpx:Extensions>
              <highway>path</highway>
              <surface>ground</surface>
              <access>yes</access>
              <mtb_scale>1</mtb_scale>
            </gpxtpx:Extensions>
          </gpxtpx:TrackPointExtension>
        </extensions>
      </trkpt>
      <trkpt lat="44.35208" lon="8.500488">
        <time>2024-06-15T08:08:25Z</time>
        <ele>54</ele>
        <extensions>
          <gpxtpx:TrackPointExtension>
            <gpxtpx:Extensions>
              <highway>path</highway>
              <surface>ground</surface>
              <access>yes</access>
              <mtb_scale>1</mtb_scale>
            </gpxtpx:Extensions>
          </gpxtpx:TrackPointExtension>
        </extensions>
      </trkpt>
      <trkpt lat="44.352208" lon="8.500483">
        <time>2024-06-15T08:08:31Z</time>
        <ele>53.25</ele>
        <extensions>
          <gpxtpx:TrackPointExtension>
            <gpxtpx:Extensions>
              <highway>path</highway>
              <surface>ground</surface>
              <access>yes</access>
              <mtb_scale>1</mtb_scale>
            </gpxtpx:Extensions>
          </gpxtpx:TrackPointExtension>
        </extensions>
      </trkpt>
      <trkpt lat="44.352316" lon="8.500466">
        <time>2024-06-15T08:08:37Z</time>
        <ele>52.5</ele>
        <extensions>
          <gpxtpx:TrackPointExtension>
            <gpxtpx:Extensions>
              <highway>path</highway>
              <surface>ground</surface>
              <access>yes</access>
              <mtb_scale>1</mtb_scale>
            </gpxtpx:Extensions>
          </gpxtpx:TrackPointExtension>
        </extensions>
      </trkpt>
      <trkpt lat="44.352396" lon="8.500431">
        <time>2024-06-15T08:08:41Z</time>
        <ele>52</ele>
        <extensions>
          <gpxtpx:TrackPointExtension>
            <gpxtpx:Extensions>
              <highway>path</highway>
              <surface>ground</surface>
              <access>yes</access>
              <mtb_scale>1</mtb_scale>
            </gpxtpx:Extensions>
          </gpxtpx:TrackPointExtension>
        </extensions>
      </trkpt>
      <trkpt lat="44.352604" lon="8.500276">
        <time>2024-06-15T08:08:53Z</time>
        <ele>52.25</ele>
        <extensions>
          <gpxtpx:TrackPointExtension>
            <gpxtpx:Extensions>
              <highway>path</highway>
              <surface>ground</surface>
              <access>yes</access>
              <mtb_scale>1</mtb_scale>
            </gpxtpx:Extensions>
          </gpxtpx:TrackPointExtension>
        </extensions>
      </trkpt>
      <trkpt lat="44.352707" lon="8.500209">
        <time>2024-06-15T08:08:58Z</time>
        <ele>53</ele>
        <extensions>
          <gpxtpx:TrackPointExtension>
            <gpxtpx:Extensions>
              <highway>path</highway>
              <surface>ground</surface>
              <access>yes</access>
              <mtb_scale>1</mtb_scale>
            </gpxtpx:Extensions>
          </gpxtpx:TrackPointExtension>
        </extensions>
      </trkpt>
      <trkpt lat="44.352773" lon="8.500175">
        <time>2024-06-15T08:09:02Z</time>
        <ele>53.5</ele>
        <extensions>
          <gpxtpx:TrackPointExtension>
            <gpxtpx:Extensions>
              <highway>path</highway>
              <surface>ground</surface>
              <access>yes</access>
              <mtb_scale>1</mtb_scale>
            </gpxtpx:Extensions>
          </gpxtpx:TrackPointExtension>
        </extensions>
      </trkpt>
      <trkpt lat="44.352931" lon="8.500132">
        <time>2024-06-15T08:09:10Z</time>
        <ele>54.5</ele>
        <extensions>
          <gpxtpx:TrackPointExtension>
            <gpxtpx:Extensions>
              <highway>path</highway>
              <surface>ground</surface>
              <access>yes</access>
              <mtb_scale>1</mtb_scale>
            </gpxtpx:Extensions>
          </gpxtpx:TrackPointExtension>
        </extensions>
      </trkpt>
      <trkpt lat="44.352987" lon="8.500105">
        <time>2024-06-15T08:09:13Z</time>
        <ele>54.75</ele>
        <extensions>
          <gpxtpx:TrackPointExtension>
            <gpxtpx:Extensions>
              <highway>path</highway>
              <surface>ground</surface>
              <access>yes</access>
              <mtb_scale>1</mtb_scale>
            </gpxtpx:Extensions>
          </gpxtpx:TrackPointExtension>
        </extensions>
      </trkpt>
      <trkpt lat="44.353076" lon="8.500029">
        <time>2024-06-15T08:09:18Z</time>
        <ele>54</ele>
        <extensions>
          <gpxtpx:TrackPointExtension>
            <gpxtpx:Extensions>
              <highway>path</highway>
              <surface>ground</surface>
              <access>yes</access>
              <mtb_scale>1</mtb_scale>
            </gpxtpx:Extensions>
          </gpxtpx:TrackPointExtension>
        </extensions>
      </trkpt>
      <trkpt lat="44.353142" lon="8.49996">
        <time>2024-06-15T08:09:22Z</time>
        <ele>54.75</ele>
        <extensions>
          <gpxtpx:TrackPointExtension>
            <gpxtpx:Extensions>
              <highway>path</highway>
              <surface>ground</surface>
              <access>yes</access>
              <mtb_scale>1</mtb_scale>
            </gpxtpx:Extensions>
          </gpxtpx:TrackPointExtension>
        </extensions>
      </trkpt>
      <trkpt lat="44.353279" lon="8.499796">
        <time>2024-06-15T08:09:31Z</time>
        <ele>58</ele>
        <extensions>
          <gpxtpx:TrackPointExtension>
            <gpxtpx:Extensions>
              <highway>path</highway>
              <surface>ground</surface>
              <access>yes</access>
              <mtb_scale>1</mtb_scale>
            </gpxtpx:Extensions>
          </gpxtpx:TrackPointExtension>
        </extensions>
      </trkpt>
      <trkpt lat="44.353312" lon="8.499785">
        <time>2024-06-15T08:09:33Z</time>
        <ele>58.25</ele>
        <extensions>
          <gpxtpx:TrackPointExtension>
            <gpxtpx:Extensions>
              <highway>path</highway>
              <surface>ground</surface>
              <access>yes</access>
              <mtb_scale>1</mtb_scale>
            </gpxtpx:Extensions>
          </gpxtpx:TrackPointExtension>
        </extensions>
      </trkpt>
      <trkpt lat="44.353335" lon="8.499799">
        <time>2024-06-15T08:09:34Z</time>
        <ele>58</ele>
        <extensions>
          <gpxtpx:TrackPointExtension>
            <gpxtpx:Extensions>
              <highway>path</highway>
              <surface>ground</surface>
              <access>yes</access>
              <mtb_scale>1</mtb_scale>
            </gpxtpx:Extensions>
          </gpxtpx:TrackPointExtension>
        </extensions>
      </trkpt>
      <trkpt lat="44.353372" lon="8.4998">
        <time>2024-06-15T08:09:36Z</time>
        <ele>58.5</ele>
        <extensions>
          <gpxtpx:TrackPointExtension>
            <gpxtpx:Extensions>
              <highway>path</highway>
              <surface>ground</surface>
              <access>yes</access>
              <mtb_scale>1</mtb_scale>
            </gpxtpx:Extensions>
          </gpxtpx:TrackPointExtension>
        </extensions>
      </trkpt>
      <trkpt lat="44.353415" lon="8.499776">
        <time>2024-06-15T08:09:38Z</time>
        <ele>59.5</ele>
        <extensions>
          <gpxtpx:TrackPointExtension>
            <gpxtpx:Extensions>
              <highway>path</highway>
              <surface>ground</surface>
              <access>yes</access>
              <mtb_scale>1</mtb_scale>
            </gpxtpx:Extensions>
          </gpxtpx:TrackPointExtension>
        </extensions>
      </trkpt>
      <trkpt lat="44.353553" lon="8.499682">
        <time>2024-06-15T08:09:46Z</time>
        <ele>61.75</ele>
        <extensions>
          <gpxtpx:TrackPointExtension>
            <gpxtpx:Extensions>
              <highway>path</highway>
              <surface>ground</surface>
              <access>yes</access>
              <mtb_scale>1</mtb_scale>
            </gpxtpx:Extensions>
          </gpxtpx:TrackPointExtension>
        </extensions>
      </trkpt>
      <trkpt lat="44.353609" lon="8.499631">
        <time>2024-06-15T08:09:49Z</time>
        <ele>62.75</ele>
        <extensions>
          <gpxtpx:TrackPointExtension>
            <gpxtpx:Extensions>
              <highway>path</highway>
              <surface>ground</surface>
              <access>yes</access>
              <mtb_scale>1</mtb_scale>
            </gpxtpx:Extensions>
          </gpxtpx:TrackPointExtension>
        </extensions>
      </trkpt>
      <trkpt lat="44.353761" lon="8.499481">
        <time>2024-06-15T08:09:58Z</time>
        <ele>63.5</ele>
        <extensions>
          <gpxtpx:TrackPointExtension>
            <gpxtpx:Extensions>
              <highway>path</highway>
              <surface>ground</surface>
              <access>yes</access>
              <mtb_scale>1</mtb_scale>
            </gpxtpx:Extensions>
          </gpxtpx:TrackPointExtension>
        </extensions>
      </trkpt>
      <trkpt lat="44.353928" lon="8.499295">
        <time>2024-06-15T08:10:09Z</time>
        <ele>62.5</ele>
        <extensions>
          <gpxtpx:TrackPointExtension>
            <gpxtpx:Extensions>
              <highway>path</highway>
              <surface>ground</surface>
              <access>yes</access>
              <mtb_scale>1</mtb_scale>
            </gpxtpx:Extensions>
          </gpxtpx:TrackPointExtension>
        </extensions>
      </trkpt>
      <trkpt lat="44.354046" lon="8.49915">
        <time>2024-06-15T08:10:17Z</time>
        <ele>60.5</ele>
        <extensions>
          <gpxtpx:TrackPointExtension>
            <gpxtpx:Extensions>
              <highway>path</highway>
              <surface>ground</surface>
              <access>yes</access>
              <mtb_scale>1</mtb_scale>
            </gpxtpx:Extensions>
          </gpxtpx:TrackPointExtension>
        </extensions>
      </trkpt>
      <trkpt lat="44.354158" lon="8.49899">
        <time>2024-06-15T08:10:25Z</time>
        <ele>62</ele>
        <extensions>
          <gpxtpx:TrackPointExtension>
            <gpxtpx:Extensions>
              <highway>path</highway>
              <surface>ground</surface>
              <access>yes</access>
              <mtb_scale>1</mtb_scale>
            </gpxtpx:Extensions>
          </gpxtpx:TrackPointExtension>
        </extensions>
      </trkpt>
      <trkpt lat="44.354207" lon="8.498942">
        <time>2024-06-15T08:10:28Z</time>
        <ele>63</ele>
        <extensions>
          <gpxtpx:TrackPointExtension>
            <gpxtpx:Extensions>
              <highway>path</highway>
              <surface>ground</surface>
              <access>yes</access>
              <mtb_scale>1</mtb_scale>
            </gpxtpx:Extensions>
          </gpxtpx:TrackPointExtension>
        </extensions>
      </trkpt>
      <trkpt lat="44.354251" lon="8.498924">
        <time>2024-06-15T08:10:30Z</time>
        <ele>63.75</ele>
        <extensions>
          <gpxtpx:TrackPointExtension>
            <gpxtpx:Extensions>
              <highway>path</highway>
              <surface>ground</surface>
              <access>yes</access>
              <mtb_scale>1</mtb_scale>
            </gpxtpx:Extensions>
          </gpxtpx:TrackPointExtension>
        </extensions>
      </trkpt>
      <trkpt lat="44.354426" lon="8.498936">
        <time>2024-06-15T08:10:38Z</time>
        <ele>65.25</ele>
        <extensions>
          <gpxtpx:TrackPointExtension>
            <gpxtpx:Extensions>
              <highway>path</highway>
              <surface>ground</surface>
              <access>yes</access>
              <mtb_scale>1</mtb_scale>
            </gpxtpx:Extensions>
          </gpxtpx:TrackPointExtension>
        </extensions>
      </trkpt>
      <trkpt lat="44.354459" lon="8.49893">
        <time>2024-06-15T08:10:40Z</time>
        <ele>65.5</ele>
        <extensions>
          <gpxtpx:TrackPointExtension>
            <gpxtpx:Extensions>
              <highway>path</highway>
              <surface>ground</surface>
              <access>yes</access>
              <mtb_scale>1</mtb_scale>
            </gpxtpx:Extensions>
          </gpxtpx:TrackPointExtension>
        </extensions>
      </trkpt>
      <trkpt lat="44.354507" lon="8.498891">
        <time>2024-06-15T08:10:43Z</time>
        <ele>66</ele>
        <extensions>
          <gpxtpx:TrackPointExtension>
            <gpxtpx:Extensions>
              <highway>path</highway>
              <surface>ground</surface>
              <access>yes</access>
              <mtb_scale>1</mtb_scale>
            </gpxtpx:Extensions>
          </gpxtpx:TrackPointExtension>
        </extensions>
      </trkpt>
      <trkpt lat="44.354577" lon="8.498787">
        <time>2024-06-15T08:10:48Z</time>
        <ele>66.75</ele>
        <extensions>
          <gpxtpx:TrackPointExtension>
            <gpxtpx:Extensions>
              <highway>path</highway>
              <surface>ground</surface>
              <access>yes</access>
              <mtb_scale>1</mtb_scale>
            </gpxtpx:Extensions>
          </gpxtpx:TrackPointExtension>
        </extensions>
      </trkpt>
      <trkpt lat="44.354712" lon="8.498613">
        <time>2024-06-15T08:10:57Z</time>
        <ele>66.75</ele>
        <extensions>
          <gpxtpx:TrackPointExtension>
            <gpxtpx:Extensions>
              <highway>path</highway>
              <surface>ground</surface>
              <access>yes</access>
              <mtb_scale>1</mtb_scale>
            </gpxtpx:Extensions>
          </gpxtpx:TrackPointExtension>
        </extensions>
      </trkpt>
      <trkpt lat="44.354894" lon="8.4984">
        <time>2024-06-15T08:11:09Z</time>
        <ele>64</ele>
        <extensions>
          <gpxtpx:TrackPointExtension>
            <gpxtpx:Extensions>
              <highway>path</highway>
              <surface>ground</surface>
              <access>yes</access>
              <mtb_scale>1</mtb_scale>
            </gpxtpx:Extensions>
          </gpxtpx:TrackPointExtension>
        </extensions>
      </trkpt>
      <trkpt lat="44.354966" lon="8.498343">
        <time>2024-06-15T08:11:13Z</time>
        <ele>62.5</ele>
        <extensions>
          <gpxtpx:TrackPointExtension>
            <gpxtpx:Extensions>
              <highway>path</highway>
              <surface>ground</surface>
              <access>yes</access>
              <mtb_scale>1</mtb_scale>
            </gpxtpx:Extensions>
          </gpxtpx:TrackPointExtension>
        </extensions>
      </trkpt>
      <trkpt lat="44.355029" lon="8.498306">
        <time>2024-06-15T08:11:16Z</time>
        <ele>63.25</ele>
        <extensions>
          <gpxtpx:TrackPointExtension>
            <gpxtpx:Extensions>
              <highway>path</highway>
              <surface>ground</surface>
              <access>yes</access>
              <mtb_scale>1</mtb_scale>
            </gpxtpx:Extensions>
          </gpxtpx:TrackPointExtension>
        </extensions>
      </trkpt>
      <trkpt lat="44.355192" lon="8.49825">
        <time>2024-06-15T08:11:25Z</time>
        <ele>68</ele>
        <extensions>
          <gpxtpx:TrackPointExtension>
            <gpxtpx:Extensions>
              <highway>path</highway>
              <surface>ground</surface>
              <access>yes</access>
              <mtb_scale>1</mtb_scale>
            </gpxtpx:Extensions>
          </gpxtpx:TrackPointExtension>
        </extensions>
      </trkpt>
      <trkpt lat="44.355264" lon="8.498204">
        <time>2024-06-15T08:11:29Z</time>
        <ele>70</ele>
        <extensions>
          <gpxtpx:TrackPointExtension>
            <gpxtpx:Extensions>
              <highway>path</highway>
              <surface>ground</surface>
              <access>yes</access>
              <mtb_scale>1</mtb_scale>
            </gpxtpx:Extensions>
          </gpxtpx:TrackPointExtension>
        </extensions>
      </trkpt>
      <trkpt lat="44.355342" lon="8.498127">
        <time>2024-06-15T08:11:34Z</time>
        <ele>72.25</ele>
        <extensions>
          <gpxtpx:TrackPointExtension>
            <gpxtpx:Extensions>
              <highway>path</highway>
              <surface>ground</surface>
              <access>yes</access>
              <mtb_scale>1</mtb_scale>
            </gpxtpx:Extensions>
          </gpxtpx:TrackPointExtension>
        </extensions>
      </trkpt>
      <trkpt lat="44.355495" lon="8.498008">
        <time>2024-06-15T08:11:42Z</time>
        <ele>74.5</ele>
        <extensions>
          <gpxtpx:TrackPointExtension>
            <gpxtpx:Extensions>
              <highway>path</highway>
              <surface>ground</surface>
              <access>yes</access>
              <mtb_scale>1</mtb_scale>
            </gpxtpx:Extensions>
          </gpxtpx:TrackPointExtension>
        </extensions>
      </trkpt>
      <trkpt lat="44.355602" lon="8.497889">
        <time>2024-06-15T08:11:49Z</time>
        <ele>75</ele>
        <extensions>
          <gpxtpx:TrackPointExtension>
            <gpxtpx:Extensions>
              <highway>path</highway>
              <surface>ground</surface>
              <access>yes</access>
              <mtb_scale>1</mtb_scale>
            </gpxtpx:Extensions>
          </gpxtpx:TrackPointExtension>
        </extensions>
      </trkpt>
      <trkpt lat="44.355809" lon="8.497578">
        <time>2024-06-15T08:12:04Z</time>
        <ele>71.25</ele>
        <extensions>
          <gpxtpx:TrackPointExtension>
            <gpxtpx:Extensions>
              <highway>path</highway>
              <surface>ground</surface>
              <access>yes</access>
              <mtb_scale>1</mtb_scale>
            </gpxtpx:Extensions>
          </gpxtpx:TrackPointExtension>
        </extensions>
      </trkpt>
      <trkpt lat="44.355867" lon="8.497456">
        <time>2024-06-15T08:12:10Z</time>
        <ele>71.75</ele>
        <extensions>
          <gpxtpx:TrackPointExtension>
            <gpxtpx:Extensions>
              <highway>path</highway>
              <surface>ground</surface>
              <access>yes</access>
              <mtb_scale>1</mtb_scale>
            </gpxtpx:Extensions>
          </gpxtpx:TrackPointExtension>
        </extensions>
      </trkpt>
      <trkpt lat="44.355878" lon="8.497377">
        <time>2024-06-15T08:12:12Z</time>
        <ele>73.75</ele>
        <extensions>
          <gpxtpx:TrackPointExtension>
            <gpxtpx:Extensions>
              <highway>path</highway>
              <surface>ground</surface>
              <access>yes</access>
              <mtb_scale>1</mtb_scale>
            </gpxtpx:Extensions>
          </gpxtpx:TrackPointExtension>
        </extensions>
      </trkpt>
      <trkpt lat="44.355918" lon="8.497269">
        <time>2024-06-15T08:12:17Z</time>
        <ele>76.75</ele>
        <extensions>
          <gpxtpx:TrackPointExtension>
            <gpxtpx:Extensions>
              <highway>path</highway>
              <surface>ground</surface>
              <access>yes</access>
              <mtb_scale>1</mtb_scale>
            </gpxtpx:Extensions>
          </gpxtpx:TrackPointExtension>
        </extensions>
      </trkpt>
      <trkpt lat="44.355957" lon="8.497242">
        <time>2024-06-15T08:12:19Z</time>
        <ele>77.75</ele>
        <extensions>
          <gpxtpx:TrackPointExtension>
            <gpxtpx:Extensions>
              <highway>path</highway>
              <surface>ground</surface>
              <access>yes</access>
              <mtb_scale>1</mtb_scale>
            </gpxtpx:Extensions>
          </gpxtpx:TrackPointExtension>
        </extensions>
      </trkpt>
      <trkpt lat="44.356032" lon="8.497226">
        <time>2024-06-15T08:12:23Z</time>
        <ele>78.75</ele>
        <extensions>
          <gpxtpx:TrackPointExtension>
            <gpxtpx:Extensions>
              <highway>path</highway>
              <surface>ground</surface>
              <access>yes</access>
              <mtb_scale>1</mtb_scale>
            </gpxtpx:Extensions>
          </gpxtpx:TrackPointExtension>
        </extensions>
      </trkpt>
      <trkpt lat="44.356096" lon="8.49724">
        <time>2024-06-15T08:12:26Z</time>
        <ele>79.25</ele>
        <extensions>
          <gpxtpx:TrackPointExtension>
            <gpxtpx:Extensions>
              <highway>path</highway>
              <surface>ground</surface>
              <access>yes</access>
              <mtb_scale>1</mtb_scale>
            </gpxtpx:Extensions>
          </gpxtpx:TrackPointExtension>
        </extensions>
      </trkpt>
      <trkpt lat="44.356166" lon="8.497273">
        <time>2024-06-15T08:12:30Z</time>
        <ele>79.5</ele>
        <extensions>
          <gpxtpx:TrackPointExtension>
            <gpxtpx:Extensions>
              <highway>path</highway>
              <surface>ground</surface>
              <access>yes</access>
              <mtb_scale>1</mtb_scale>
            </gpxtpx:Extensions>
          </gpxtpx:TrackPointExtension>
        </extensions>
      </trkpt>
      <trkpt lat="44.356197" lon="8.497264">
        <time>2024-06-15T08:12:31Z</time>
        <ele>80</ele>
        <extensions>
          <gpxtpx:TrackPointExtension>
            <gpxtpx:Extensions>
              <highway>path</highway>
              <surface>ground</surface>
              <access>yes</access>
              <mtb_scale>1</mtb_scale>
            </gpxtpx:Extensions>
          </gpxtpx:TrackPointExtension>
        </extensions>
      </trkpt>
      <trkpt lat="44.356233" lon="8.497241">
        <time>2024-06-15T08:12:33Z</time>
        <ele>80.5</ele>
        <extensions>
          <gpxtpx:TrackPointExtension>
            <gpxtpx:Extensions>
              <highway>path</highway>
              <surface>ground</surface>
              <access>yes</access>
              <mtb_scale>1</mtb_scale>
            </gpxtpx:Extensions>
          </gpxtpx:TrackPointExtension>
        </extensions>
      </trkpt>
      <trkpt lat="44.356474" lon="8.497031">
        <time>2024-06-15T08:12:47Z</time>
        <ele>82.5</ele>
        <extensions>
          <gpxtpx:TrackPointExtension>
            <gpxtpx:Extensions>
              <highway>path</highway>
              <surface>ground</surface>
              <access>yes</access>
              <mtb_scale>1</mtb_scale>
            </gpxtpx:Extensions>
          </gpxtpx:TrackPointExtension>
        </extensions>
      </trkpt>
      <trkpt lat="44.356698" lon="8.496743">
        <time>2024-06-15T08:13:03Z</time>
        <ele>79.75</ele>
        <extensions>
          <gpxtpx:TrackPointExtension>
            <gpxtpx:Extensions>
              <highway>path</highway>
              <surface>ground</surface>
              <access>yes</access>
              <mtb_scale>1</mtb_scale>
            </gpxtpx:Extensions>
          </gpxtpx:TrackPointExtension>
        </extensions>
      </trkpt>
      <trkpt lat="44.356823" lon="8.496642">
        <time>2024-06-15T08:13:10Z</time>
        <ele>80.25</ele>
        <extensions>
          <gpxtpx:TrackPointExtension>
            <gpxtpx:Extensions>
              <highway>path</highway>
              <surface>ground</surface>
              <access>yes</access>
              <mtb_scale>1</mtb_scale>
            </gpxtpx:Extensions>
          </gpxtpx:TrackPointExtension>
        </extensions>
      </trkpt>
      <trkpt lat="44.356956" lon="8.496568">
        <time>2024-06-15T08:13:17Z</time>
        <ele>82.75</ele>
        <extensions>
          <gpxtpx:TrackPointExtension>
            <gpxtpx:Extensions>
              <highway>path</highway>
              <surface>ground</surface>
              <access>yes</access>
              <mtb_scale>1</mtb_scale>
            </gpxtpx:Extensions>
          </gpxtpx:TrackPointExtension>
        </extensions>
      </trkpt>
      <trkpt lat="44.35707" lon="8.496528">
        <time>2024-06-15T08:13:23Z</time>
        <ele>84</ele>
        <extensions>
          <gpxtpx:TrackPointExtension>
            <gpxtpx:Extensions>
              <highway>path</highway>
              <surface>ground</surface>
              <access>yes</access>
              <mtb_scale>1</mtb_scale>
            </gpxtpx:Extensions>
          </gpxtpx:TrackPointExtension>
        </extensions>
      </trkpt>
      <trkpt lat="44.357292" lon="8.496424">
        <time>2024-06-15T08:13:34Z</time>
        <ele>86.25</ele>
        <extensions>
          <gpxtpx:TrackPointExtension>
            <gpxtpx:Extensions>
              <highway>path</highway>
              <surface>ground</surface>
              <access>yes</access>
              <mtb_scale>1</mtb_scale>
            </gpxtpx:Extensions>
          </gpxtpx:TrackPointExtension>
        </extensions>
      </trkpt>
      <trkpt lat="44.357411" lon="8.496387">
        <time>2024-06-15T08:13:40Z</time>
        <ele>86.75</ele>
        <extensions>
          <gpxtpx:TrackPointExtension>
            <gpxtpx:Extensions>
              <highway>path</highway>
              <surface>ground</surface>
              <access>yes</access>
              <mtb_scale>1</mtb_scale>
            </gpxtpx:Extensions>
          </gpxtpx:TrackPointExtension>
        </extensions>
      </trkpt>
      <trkpt lat="44.357504" lon="8.496375">
        <time>2024-06-15T08:13:45Z</time>
        <ele>86.75</ele>
        <extensions>
          <gpxtpx:TrackPointExtension>
            <gpxtpx:Extensions>
              <highway>path</highway>
              <surface>ground</surface>
              <access>yes</access>
              <mtb_scale>1</mtb_scale>
            </gpxtpx:Extensions>
          </gpxtpx:TrackPointExtension>
        </extensions>
      </trkpt>
      <trkpt lat="44.357573" lon="8.496381">
        <time>2024-06-15T08:13:48Z</time>
        <ele>87.75</ele>
        <extensions>
          <gpxtpx:TrackPointExtension>
            <gpxtpx:Extensions>
              <highway>path</highway>
              <surface>ground</surface>
              <access>yes</access>
              <mtb_scale>1</mtb_scale>
            </gpxtpx:Extensions>
          </gpxtpx:TrackPointExtension>
        </extensions>
      </trkpt>
      <trkpt lat="44.357624" lon="8.496434">
        <time>2024-06-15T08:13:51Z</time>
        <ele>87.75</ele>
        <extensions>
          <gpxtpx:TrackPointExtension>
            <gpxtpx:Extensions>
              <highway>path</highway>
              <surface>ground</surface>
              <access>yes</access>
              <mtb_scale>1</mtb_scale>
            </gpxtpx:Extensions>
          </gpxtpx:TrackPointExtension>
        </extensions>
      </trkpt>
      <trkpt lat="44.3577" lon="8.496582">
        <time>2024-06-15T08:13:58Z</time>
        <ele>86</ele>
        <extensions>
          <gpxtpx:TrackPointExtension>
            <gpxtpx:Extensions>
              <highway>path</highway>
              <surface>ground</surface>
              <access>yes</access>
              <mtb_scale>1</mtb_scale>
            </gpxtpx:Extensions>
          </gpxtpx:TrackPointExtension>
        </extensions>
      </trkpt>
      <trkpt lat="44.357793" lon="8.496741">
        <time>2024-06-15T08:14:05Z</time>
        <ele>87.25</ele>
        <extensions>
          <gpxtpx:TrackPointExtension>
            <gpxtpx:Extensions>
              <highway>path</highway>
              <surface>ground</surface>
              <access>yes</access>
              <mtb_scale>1</mtb_scale>
            </gpxtpx:Extensions>
          </gpxtpx:TrackPointExtension>
        </extensions>
      </trkpt>
      <trkpt lat="44.357882" lon="8.496863">
        <time>2024-06-15T08:14:12Z</time>
        <ele>90</ele>
        <extensions>
          <gpxtpx:TrackPointExtension>
            <gpxtpx:Extensions>
              <highway>path</highway>
              <surface>ground</surface>
              <access>yes</access>
              <mtb_scale>1</mtb_scale>
            </gpxtpx:Extensions>
          </gpxtpx:TrackPointExtension>
        </extensions>
      </trkpt>
      <trkpt lat="44.358002" lon="8.496991">
        <time>2024-06-15T08:14:19Z</time>
        <ele>92.5</ele>
        <extensions>
          <gpxtpx:TrackPointExtension>
            <gpxtpx:Extensions>
              <highway>path</highway>
              <surface>ground</surface>
              <access>yes</access>
              <mtb_scale>1</mtb_scale>
            </gpxtpx:Extensions>
          </gpxtpx:TrackPointExtension>
        </extensions>
      </trkpt>
      <trkpt lat="44.358079" lon="8.497094">
        <time>2024-06-15T08:14:24Z</time>
        <ele>93.75</ele>
        <extensions>
          <gpxtpx:TrackPointExtension>
            <gpxtpx:Extensions>
              <highway>path</highway>
              <surface>ground</surface>
              <access>yes</access>
              <mtb_scale>1</mtb_scale>
            </gpxtpx:Extensions>
          </gpxtpx:TrackPointExtension>
        </extensions>
      </trkpt>
      <trkpt lat="44.35814" lon="8.497181">
        <time>2024-06-15T08:14:29Z</time>
        <ele>94.5</ele>
        <extensions>
          <gpxtpx:TrackPointExtension>
            <gpxtpx:Extensions>
              <highway>path</highway>
              <surface>ground</surface>
              <access>yes</access>
              <mtb_scale>1</mtb_scale>
            </gpxtpx:Extensions>
          </gpxtpx:TrackPointExtension>
        </extensions>
      </trkpt>
      <trkpt lat="44.358191" lon="8.497279">
        <time>2024-06-15T08:14:33Z</time>
        <ele>95</ele>
        <extensions>
          <gpxtpx:TrackPointExtension>
            <gpxtpx:Extensions>
              <highway>path</highway>
              <surface>ground</surface>
              <access>yes</access>
              <mtb_scale>1</mtb_scale>
            </gpxtpx:Extensions>
          </gpxtpx:TrackPointExtension>
        </extensions>
      </trkpt>
      <trkpt lat="44.358259" lon="8.497351">
        <time>2024-06-15T08:14:37Z</time>
        <ele>95</ele>
        <extensions>
          <gpxtpx:TrackPointExtension>
            <gpxtpx:Extensions>
              <highway>path</highway>
              <surface>ground</surface>
              <access>yes</access>
              <mtb_scale>1</mtb_scale>
            </gpxtpx:Extensions>
          </gpxtpx:TrackPointExtension>
        </extensions>
      </trkpt>
      <trkpt lat="44.35832" lon="8.497392">
        <time>2024-06-15T08:14:41Z</time>
        <ele>94.75</ele>
        <extensions>
          <gpxtpx:TrackPointExtension>
            <gpxtpx:Extensions>
              <highway>path</highway>
              <surface>ground</surface>
              <access>yes</access>
              <mtb_scale>1</mtb_scale>
            </gpxtpx:Extensions>
          </gpxtpx:TrackPointExtension>
        </extensions>
      </trkpt>
      <trkpt lat="44.358396" lon="8.497418">
        <time>2024-06-15T08:14:44Z</time>
        <ele>95</ele>
        <extensions>
          <gpxtpx:TrackPointExtension>
            <gpxtpx:Extensions>
              <highway>path</highway>
              <surface>ground</surface>
              <access>yes</access>
              <mtb_scale>1</mtb_scale>
            </gpxtpx:Extensions>
          </gpxtpx:TrackPointExtension>
        </extensions>
      </trkpt>
      <trkpt lat="44.358438" lon="8.497409">
        <time>2024-06-15T08:14:47Z</time>
        <ele>95</ele>
        <extensions>
          <gpxtpx:TrackPointExtension>
            <gpxtpx:Extensions>
              <highway>path</highway>
              <surface>ground</surface>
              <access>yes</access>
              <mtb_scale>1</mtb_scale>
            </gpxtpx:Extensions>
          </gpxtpx:TrackPointExtension>
        </extensions>
      </trkpt>
      <trkpt lat="44.358573" lon="8.497327">
        <time>2024-06-15T08:14:54Z</time>
        <ele>95.5</ele>
        <extensions>
          <gpxtpx:TrackPointExtension>
            <gpxtpx:Extensions>
              <highway>path</highway>
              <surface>ground</surface>
              <access>yes</access>
              <mtb_scale>1</mtb_scale>
            </gpxtpx:Extensions>
          </gpxtpx:TrackPointExtension>
        </extensions>
      </trkpt>
      <trkpt lat="44.358655" lon="8.497293">
        <time>2024-06-15T08:14:58Z</time>
        <ele>95.75</ele>
        <extensions>
          <gpxtpx:TrackPointExtension>
            <gpxtpx:Extensions>
              <highway>path</highway>
              <surface>ground</surface>
              <access>yes</access>
              <mtb_scale>1</mtb_scale>
            </gpxtpx:Extensions>
          </gpxtpx:TrackPointExtension>
        </extensions>
      </trkpt>
      <trkpt lat="44.358731" lon="8.497275">
        <time>2024-06-15T08:15:02Z</time>
        <ele>96</ele>
        <extensions>
          <gpxtpx:TrackPointExtension>
            <gpxtpx:Extensions>
              <highway>path</highway>
              <surface>ground</surface>
              <access>yes</access>
              <mtb_scale>1</mtb_scale>
            </gpxtpx:Extensions>
          </gpxtpx:TrackPointExtension>
        </extensions>
      </trkpt>
      <trkpt lat="44.358953" lon="8.497219">
        <time>2024-06-15T08:15:13Z</time>
        <ele>97</ele>
        <extensions>
          <gpxtpx:TrackPointExtension>
            <gpxtpx:Extensions>
              <highway>path</highway>
              <surface>ground</surface>
              <access>yes</access>
              <mtb_scale>1</mtb_scale>
            </gpxtpx:Extensions>
          </gpxtpx:TrackPointExtension>
        </extensions>
      </trkpt>
      <trkpt lat="44.359099" lon="8.497237">
        <time>2024-06-15T08:15:20Z</time>
        <ele>97.5</ele>
        <extensions>
          <gpxtpx:TrackPointExtension>
            <gpxtpx:Extensions>
              <highway>path</highway>
              <surface>ground</surface>
              <access>yes</access>
              <mtb_scale>1</mtb_scale>
            </gpxtpx:Extensions>
          </gpxtpx:TrackPointExtension>
        </extensions>
      </trkpt>
      <trkpt lat="44.359253" lon="8.497327">
        <time>2024-06-15T08:15:28Z</time>
        <ele>98.75</ele>
        <extensions>
          <gpxtpx:TrackPointExtension>
            <gpxtpx:Extensions>
              <highway>path</highway>
              <surface>ground</surface>
              <access>yes</access>
              <mtb_scale>1</mtb_scale>
            </gpxtpx:Extensions>
          </gpxtpx:TrackPointExtension>
        </extensions>
      </trkpt>
      <trkpt lat="44.359372" lon="8.497417">
        <time>2024-06-15T08:15:35Z</time>
        <ele>99.5</ele>
        <extensions>
          <gpxtpx:TrackPointExtension>
            <gpxtpx:Extensions>
              <highway>path</highway>
              <surface>ground</surface>
              <access>yes</access>
              <mtb_scale>1</mtb_scale>
            </gpxtpx:Extensions>
          </gpxtpx:TrackPointExtension>
        </extensions>
      </trkpt>
      <trkpt lat="44.359744" lon="8.497663">
        <time>2024-06-15T08:15:56Z</time>
        <ele>104.25</ele>
        <extensions>
          <gpxtpx:TrackPointExtension>
            <gpxtpx:Extensions>
              <highway>path</highway>
              <surface>ground</surface>
              <access>yes</access>
              <mtb_scale>1</mtb_scale>
            </gpxtpx:Extensions>
          </gpxtpx:TrackPointExtension>
        </extensions>
      </trkpt>
      <trkpt lat="44.359966" lon="8.497783">
        <time>2024-06-15T08:16:07Z</time>
        <ele>106</ele>
        <extensions>
          <gpxtpx:TrackPointExtension>
            <gpxtpx:Extensions>
              <highway>path</highway>
              <surface>ground</surface>
              <access>yes</access>
              <mtb_scale>1</mtb_scale>
            </gpxtpx:Extensions>
          </gpxtpx:TrackPointExtension>
        </extensions>
      </trkpt>
      <trkpt lat="44.360397" lon="8.497956">
        <time>2024-06-15T08:16:30Z</time>
        <ele>109.75</ele>
        <extensions>
          <gpxtpx:TrackPointExtension>
            <gpxtpx:Extensions>
              <highway>path</highway>
              <surface>ground</surface>
              <access>yes</access>
              <mtb_scale>1</mtb_scale>
            </gpxtpx:Extensions>
          </gpxtpx:TrackPointExtension>
        </extensions>
      </trkpt>
      <trkpt lat="44.360592" lon="8.497974">
        <time>2024-06-15T08:16:39Z</time>
        <ele>110.5</ele>
        <extensions>
          <gpxtpx:TrackPointExtension>
            <gpxtpx:Extensions>
              <highway>path</highway>
              <surface>ground</surface>
              <access>yes</access>
              <mtb_scale>1</mtb_scale>
            </gpxtpx:Extensions>
          </gpxtpx:TrackPointExtension>
        </extensions>
      </trkpt>
      <trkpt lat="44.360797" lon="8.497949">
        <time>2024-06-15T08:16:49Z</time>
        <ele>111.5</ele>
        <extensions>
          <gpxtpx:TrackPointExtension>
            <gpxtpx:Extensions>
              <highway>path</highway>
              <surface>ground</surface>
              <access>yes</access>
              <mtb_scale>1</mtb_scale>
            </gpxtpx:Extensions>
          </gpxtpx:TrackPointExtension>
        </extensions>
      </trkpt>
      <trkpt lat="44.361139" lon="8.497931">
        <time>2024-06-15T08:17:06Z</time>
        <ele>113</ele>
        <extensions>
          <gpxtpx:TrackPointExtension>
            <gpxtpx:Extensions>
              <highway>path</highway>
              <surface>ground</surface>
              <access>yes</access>
              <mtb_scale>1</mtb_scale>
            </gpxtpx:Extensions>
          </gpxtpx:TrackPointExtension>
        </extensions>
      </trkpt>
      <trkpt lat="44.361322" lon="8.497872">
        <time>2024-06-15T08:17:16Z</time>
        <ele>113.5</ele>
        <extensions>
          <gpxtpx:TrackPointExtension>
            <gpxtpx:Extensions>
              <highway>path</highway>
              <surface>ground</surface>
              <access>yes</access>
              <mtb_scale>1</mtb_scale>
            </gpxtpx:Extensions>
          </gpxtpx:TrackPointExtension>
        </extensions>
      </trkpt>
      <trkpt lat="44.361463" lon="8.497795">
        <time>2024-06-15T08:17:23Z</time>
        <ele>113.5</ele>
        <extensions>
          <gpxtpx:TrackPointExtension>
            <gpxtpx:Extensions>
              <highway>path</highway>
              <surface>ground</surface>
              <access>yes</access>
              <mtb_scale>1</mtb_scale>
            </gpxtpx:Extensions>
          </gpxtpx:TrackPointExtension>
        </extensions>
      </trkpt>
      <trkpt lat="44.361792" lon="8.497469">
        <time>2024-06-15T08:17:43Z</time>
        <ele>114</ele>
        <extensions>
          <gpxtpx:TrackPointExtension>
            <gpxtpx:Extensions>
              <highway>path</highway>
              <surface>ground</surface>
              <access>yes</access>
              <mtb_scale>1</mtb_scale>
            </gpxtpx:Extensions>
          </gpxtpx:TrackPointExtension>
        </extensions>
      </trkpt>
      <trkpt lat="44.362092" lon="8.497082">
        <time>2024-06-15T08:18:04Z</time>
        <ele>124.5</ele>
        <extensions>
          <gpxtpx:TrackPointExtension>
            <gpxtpx:Extensions>
              <highway>path</highway>
              <surface>ground</surface>
              <access>yes</access>
              <mtb_scale>1</mtb_scale>
            </gpxtpx:Extensions>
          </gpxtpx:TrackPointExtension>
        </extensions>
      </trkpt>
      <trkpt lat="44.362211" lon="8.496979">
        <time>2024-06-15T08:18:11Z</time>
        <ele>125.5</ele>
        <extensions>
          <gpxtpx:TrackPointExtension>
            <gpxtpx:Extensions>
              <highway>path</highway>
              <surface>ground</surface>
              <access>yes</access>
              <mtb_scale>1</mtb_scale>
            </gpxtpx:Extensions>
          </gpxtpx:TrackPointExtension>
        </extensions>
      </trkpt>
      <trkpt lat="44.362436" lon="8.496916">
        <time>2024-06-15T08:18:22Z</time>
        <ele>124.75</ele>
        <extensions>
          <gpxtpx:TrackPointExtension>
            <gpxtpx:Extensions>
              <highway>path</highway>
              <surface>ground</surface>
              <access>yes</access>
              <mtb_scale>1</mtb_scale>
            </gpxtpx:Extensions>
          </gpxtpx:TrackPointExtension>
        </extensions>
      </trkpt>
      <trkpt lat="44.362635" lon="8.496999">
        <time>2024-06-15T08:18:32Z</time>
        <ele>125.5</ele>
        <extensions>
          <gpxtpx:TrackPointExtension>
            <gpxtpx:Extensions>
              <highway>path</highway>
              <surface>ground</surface>
              <access>yes</access>
              <mtb_scale>1</mtb_scale>
            </gpxtpx:Extensions>
          </gpxtpx:TrackPointExtension>
        </extensions>
      </trkpt>
      <trkpt lat="44.362694" lon="8.49705">
        <time>2024-06-15T08:18:36Z</time>
        <ele>126</ele>
        <extensions>
          <gpxtpx:TrackPointExtension>
            <gpxtpx:Extensions>
              <highway>path</highway>
              <surface>ground</surface>
              <access>yes</access>
              <mtb_scale>1</mtb_scale>
            </gpxtpx:Extensions>
          </gpxtpx:TrackPointExtension>
        </extensions>
      </trkpt>
      <trkpt lat="44.362775" lon="8.497059">
        <time>2024-06-15T08:18:40Z</time>
        <ele>126.5</ele>
        <extensions>
          <gpxtpx:TrackPointExtension>
            <gpxtpx:Extensions>
              <highway>path</highway>
              <surface>ground</surface>
              <access>yes</access>
              <mtb_scale>1</mtb_scale>
            </gpxtpx:Extensions>
          </gpxtpx:TrackPointExtension>
        </extensions>
      </trkpt>
      <trkpt lat="44.362829" lon="8.497038">
        <time>2024-06-15T08:18:43Z</time>
        <ele>126.75</ele>
        <extensions>
          <gpxtpx:TrackPointExtension>
            <gpxtpx:Extensions>
              <highway>path</highway>
              <surface>ground</surface>
              <access>yes</access>
              <mtb_scale>1</mtb_scale>
            </gpxtpx:Extensions>
          </gpxtpx:TrackPointExtension>
        </extensions>
      </trkpt>
      <trkpt lat="44.362882" lon="8.496997">
        <time>2024-06-15T08:18:46Z</time>
        <ele>127</ele>
        <extensions>
          <gpxtpx:TrackPointExtension>
            <gpxtpx:Extensions>
              <highway>path</highway>
              <surface>ground</surface>
              <access>yes</access>
              <mtb_scale>1</mtb_scale>
            </gpxtpx:Extensions>
          </gpxtpx:TrackPointExtension>
        </extensions>
      </trkpt>
      <trkpt lat="44.362901" lon="8.496938">
        <time>2024-06-15T08:18:48Z</time>
        <ele>127</ele>
        <extensions>
          <gpxtpx:TrackPointExtension>
            <gpxtpx:Extensions>
              <highway>path</highway>
              <surface>ground</surface>
              <access>yes</access>
              <mtb_scale>1</mtb_scale>
            </gpxtpx:Extensions>
          </gpxtpx:TrackPointExtension>
        </extensions>
      </trkpt>
      <trkpt lat="44.362936" lon="8.496892">
        <time>2024-06-15T08:18:50Z</time>
        <ele>127</ele>
        <extensions>
          <gpxtpx:TrackPointExtension>
            <gpxtpx:Extensions>
              <highway>path</highway>
              <surface>ground</surface>
              <access>yes</access>
              <mtb_scale>1</mtb_scale>
            </gpxtpx:Extensions>
          </gpxtpx:TrackPointExtension>
        </extensions>
      </trkpt>
      <trkpt lat="44.362965" lon="8.496869">
        <time>2024-06-15T08:18:52Z</time>
        <ele>127.25</ele>
        <extensions>
          <gpxtpx:TrackPointExtension>
            <gpxtpx:Extensions>
              <highway>path</highway>
              <surface>ground</surface>
              <access>yes</access>
              <mtb_scale>1</mtb_scale>
            </gpxtpx:Extensions>
          </gpxtpx:TrackPointExtension>
        </extensions>
      </trkpt>
      <trkpt lat="44.36317" lon="8.496886">
        <time>2024-06-15T08:19:02Z</time>
        <ele>128.5</ele>
        <extensions>
          <gpxtpx:TrackPointExtension>
            <gpxtpx:Extensions>
              <highway>path</highway>
              <surface>ground</surface>
              <access>yes</access>
              <mtb_scale>1</mtb_scale>
            </gpxtpx:Extensions>
          </gpxtpx:TrackPointExtension>
        </extensions>
      </trkpt>
      <trkpt lat="44.363452" lon="8.496969">
        <time>2024-06-15T08:19:16Z</time>
        <ele>129.75</ele>
        <extensions>
          <gpxtpx:TrackPointExtension>
            <gpxtpx:Extensions>
              <highway>path</highway>
              <surface>ground</surface>
              <access>yes</access>
              <mtb_scale>1</mtb_scale>
            </gpxtpx:Extensions>
          </gpxtpx:TrackPointExtension>
        </extensions>
      </trkpt>
      <trkpt lat="44.363542" lon="8.496978">
        <time>2024-06-15T08:19:21Z</time>
        <ele>130</ele>
        <extensions>
          <gpxtpx:TrackPointExtension>
            <gpxtpx:Extensions>
              <highway>path</highway>
              <surface>ground</surface>
              <access>yes</access>
              <mtb_scale>1</mtb_scale>
            </gpxtpx:Extensions>
          </gpxtpx:TrackPointExtension>
        </extensions>
      </trkpt>
      <trkpt lat="44.363646" lon="8.496956">
        <time>2024-06-15T08:19:26Z</time>
        <ele>130.25</ele>
        <extensions>
          <gpxtpx:TrackPointExtension>
            <gpxtpx:Extensions>
              <highway>path</highway>
              <surface>ground</surface>
              <access>yes</access>
              <mtb_scale>1</mtb_scale>
            </gpxtpx:Extensions>
          </gpxtpx:TrackPointExtension>
        </extensions>
      </trkpt>
      <trkpt lat="44.363883" lon="8.496857">
        <time>2024-06-15T08:19:38Z</time>
        <ele>130.75</ele>
        <extensions>
          <gpxtpx:TrackPointExtension>
            <gpxtpx:Extensions>
              <highway>path</highway>
              <surface>ground</surface>
              <access>yes</access>
              <mtb_scale>1</mtb_scale>
            </gpxtpx:Extensions>
          </gpxtpx:TrackPointExtension>
        </extensions>
      </trkpt>
      <trkpt lat="44.364077" lon="8.496836">
        <time>2024-06-15T08:19:48Z</time>
        <ele>131.25</ele>
        <extensions>
          <gpxtpx:TrackPointExtension>
            <gpxtpx:Extensions>
              <highway>path</highway>
              <surface>ground</surface>
              <access>yes</access>
              <mtb_scale>1</mtb_scale>
            </gpxtpx:Extensions>
          </gpxtpx:TrackPointExtension>
        </extensions>
      </trkpt>
      <trkpt lat="44.364199" lon="8.49679">
        <time>2024-06-15T08:19:54Z</time>
        <ele>131.75</ele>
        <extensions>
          <gpxtpx:TrackPointExtension>
            <gpxtpx:Extensions>
              <highway>path</highway>
              <surface>ground</surface>
              <access>yes</access>
              <mtb_scale>1</mtb_scale>
            </gpxtpx:Extensions>
          </gpxtpx:TrackPointExtension>
        </extensions>
      </trkpt>
      <trkpt lat="44.364378" lon="8.496696">
        <time>2024-06-15T08:20:04Z</time>
        <ele>132</ele>
        <extensions>
          <gpxtpx:TrackPointExtension>
            <gpxtpx:Extensions>
              <highway>path</highway>
              <surface>ground</surface>
              <access>yes</access>
              <mtb_scale>1</mtb_scale>
            </gpxtpx:Extensions>
          </gpxtpx:TrackPointExtension>
        </extensions>
      </trkpt>
      <trkpt lat="44.364572" lon="8.496662">
        <time>2024-06-15T08:20:13Z</time>
        <ele>132</ele>
        <extensions>
          <gpxtpx:TrackPointExtension>
            <gpxtpx:Extensions>
              <highway>path</highway>
              <surface>ground</surface>
              <access>yes</access>
              <mtb_scale>1</mtb_scale>
            </gpxtpx:Extensions>
          </gpxtpx:TrackPointExtension>
        </extensions>
      </trkpt>
      <trkpt lat="44.36469" lon="8.496605">
        <time>2024-06-15T08:20:19Z</time>
        <ele>134</ele>
        <extensions>
          <gpxtpx:TrackPointExtension>
            <gpxtpx:Extensions>
              <highway>path</highway>
              <surface>ground</surface>
              <access>yes</access>
              <mtb_scale>1</mtb_scale>
            </gpxtpx:Extensions>
          </gpxtpx:TrackPointExtension>
        </extensions>
      </trkpt>
      <trkpt lat="44.364847" lon="8.496561">
        <time>2024-06-15T08:20:27Z</time>
        <ele>135.25</ele>
        <extensions>
          <gpxtpx:TrackPointExtension>
            <gpxtpx:Extensions>
              <highway>path</highway>
              <surface>ground</surface>
              <access>yes</access>
              <mtb_scale>1</mtb_scale>
            </gpxtpx:Extensions>
          </gpxtpx:TrackPointExtension>
        </extensions>
      </trkpt>
      <trkpt lat="44.364976" lon="8.496512">
        <time>2024-06-15T08:20:34Z</time>
        <ele>136.5</ele>
        <extensions>
          <gpxtpx:TrackPointExtension>
            <gpxtpx:Extensions>
              <highway>path</highway>
              <surface>ground</surface>
              <access>yes</access>
              <mtb_scale>1</mtb_scale>
            </gpxtpx:Extensions>
          </gpxtpx:TrackPointExtension>
        </extensions>
      </trkpt>
      <trkpt lat="44.365206" lon="8.496476">
        <time>2024-06-15T08:20:45Z</time>
        <ele>139.75</ele>
        <extensions>
          <gpxtpx:TrackPointExtension>
            <gpxtpx:Extensions>
              <highway>path</highway>
              <surface>ground</surface>
              <access>yes</access>
              <mtb_scale>1</mtb_scale>
            </gpxtpx:Extensions>
          </gpxtpx:TrackPointExtension>
        </extensions>
      </trkpt>
      <trkpt lat="44.365272" lon="8.496488">
        <time>2024-06-15T08:20:49Z</time>
        <ele>140</ele>
        <extensions>
          <gpxtpx:TrackPointExtension>
            <gpxtpx:Extensions>
              <highway>path</highway>
              <surface>ground</surface>
              <access>yes</access>
              <mtb_scale>1</mtb_scale>
            </gpxtpx:Extensions>
          </gpxtpx:TrackPointExtension>
        </extensions>
      </trkpt>
      <trkpt lat="44.365328" lon="8.496525">
        <time>2024-06-15T08:20:52Z</time>
        <ele>139.5</ele>
        <extensions>
          <gpxtpx:TrackPointExtension>
            <gpxtpx:Extensions>
              <highway>path</highway>
              <surface>ground</surface>
              <access>yes</access>
              <mtb_scale>1</mtb_scale>
            </gpxtpx:Extensions>
          </gpxtpx:TrackPointExtension>
        </extensions>
      </trkpt>
      <trkpt lat="44.365421" lon="8.496639">
        <time>2024-06-15T08:20:58Z</time>
        <ele>137.25</ele>
        <extensions>
          <gpxtpx:TrackPointExtension>
            <gpxtpx:Extensions>
              <highway>path</highway>
              <surface>ground</surface>
              <access>yes</access>
              <mtb_scale>1</mtb_scale>
            </gpxtpx:Extensions>
          </gpxtpx:TrackPointExtension>
        </extensions>
      </trkpt>
      <trkpt lat="44.365446" lon="8.496655">
        <time>2024-06-15T08:20:59Z</time>
        <ele>137</ele>
        <extensions>
          <gpxtpx:TrackPointExtension>
            <gpxtpx:Extensions>
              <highway>path</highway>
              <surface>ground</surface>
              <access>yes</access>
              <mtb_scale>1</mtb_scale>
            </gpxtpx:Extensions>
          </gpxtpx:TrackPointExtension>
        </extensions>
      </trkpt>
      <trkpt lat="44.365524" lon="8.496663">
        <time>2024-06-15T08:21:03Z</time>
        <ele>137.75</ele>
        <extensions>
          <gpxtpx:TrackPointExtension>
            <gpxtpx:Extensions>
              <highway>path</highway>
              <surface>ground</surface>
              <access>yes</access>
              <mtb_scale>1</mtb_scale>
            </gpxtpx:Extensions>
          </gpxtpx:TrackPointExtension>
        </extensions>
      </trkpt>
      <trkpt lat="44.365609" lon="8.496629">
        <time>2024-06-15T08:21:08Z</time>
        <ele>139.5</ele>
        <extensions>
          <gpxtpx:TrackPointExtension>
            <gpxtpx:Extensions>
              <highway>path</highway>
              <surface>ground</surface>
              <access>yes</access>
              <mtb_scale>1</mtb_scale>
            </gpxtpx:Extensions>
          </gpxtpx:TrackPointExtension>
        </extensions>
      </trkpt>
      <trkpt lat="44.365694" lon="8.496609">
        <time>2024-06-15T08:21:12Z</time>
        <ele>141</ele>
        <extensions>
          <gpxtpx:TrackPointExtension>
            <gpxtpx:Extensions>
              <highway>path</highway>
              <surface>ground</surface>
              <access>yes</access>
              <mtb_scale>1</mtb_scale>
            </gpxtpx:Extensions>
          </gpxtpx:TrackPointExtension>
        </extensions>
      </trkpt>
      <trkpt lat="44.365808" lon="8.496643">
        <time>2024-06-15T08:21:18Z</time>
        <ele>141.25</ele>
        <extensions>
          <gpxtpx:TrackPointExtension>
            <gpxtpx:Extensions>
              <highway>path</highway>
              <surface>ground</surface>
              <access>yes</access>
              <mtb_scale>1</mtb_scale>
            </gpxtpx:Extensions>
          </gpxtpx:TrackPointExtension>
        </extensions>
      </trkpt>
      <trkpt lat="44.365923" lon="8.496696">
        <time>2024-06-15T08:21:24Z</time>
        <ele>142.75</ele>
        <extensions>
          <gpxtpx:TrackPointExtension>
            <gpxtpx:Extensions>
              <highway>path</highway>
              <surface>ground</surface>
              <access>yes</access>
              <mtb_scale>1</mtb_scale>
            </gpxtpx:Extensions>
          </gpxtpx:TrackPointExtension>
        </extensions>
      </trkpt>
      <trkpt lat="44.366053" lon="8.496708">
        <time>2024-06-15T08:21:30Z</time>
        <ele>145</ele>
        <extensions>
          <gpxtpx:TrackPointExtension>
            <gpxtpx:Extensions>
              <highway>path</highway>
              <surface>ground</surface>
              <access>yes</access>
              <mtb_scale>1</mtb_scale>
            </gpxtpx:Extensions>
          </gpxtpx:TrackPointExtension>
        </extensions>
      </trkpt>
      <trkpt lat="44.366137" lon="8.496706">
        <time>2024-06-15T08:21:35Z</time>
        <ele>146.25</ele>
        <extensions>
          <gpxtpx:TrackPointExtension>
            <gpxtpx:Extensions>
              <highway>path</highway>
              <surface>ground</surface>
              <access>yes</access>
              <mtb_scale>1</mtb_scale>
            </gpxtpx:Extensions>
          </gpxtpx:TrackPointExtension>
        </extensions>
      </trkpt>
      <trkpt lat="44.366223" lon="8.496673">
        <time>2024-06-15T08:21:39Z</time>
        <ele>146.75</ele>
        <extensions>
          <gpxtpx:TrackPointExtension>
            <gpxtpx:Extensions>
              <highway>path</highway>
              <surface>ground</surface>
              <access>yes</access>
              <mtb_scale>1</mtb_scale>
            </gpxtpx:Extensions>
          </gpxtpx:TrackPointExtension>
        </extensions>
      </trkpt>
      <trkpt lat="44.366332" lon="8.496587">
        <time>2024-06-15T08:21:45Z</time>
        <ele>149.5</ele>
        <extensions>
          <gpxtpx:TrackPointExtension>
            <gpxtpx:Extensions>
              <highway>path</highway>
              <surface>ground</surface>
              <access>yes</access>
              <mtb_scale>1</mtb_scale>
            </gpxtpx:Extensions>
          </gpxtpx:TrackPointExtension>
        </extensions>
      </trkpt>
      <trkpt lat="44.366475" lon="8.496503">
        <time>2024-06-15T08:21:53Z</time>
        <ele>152.25</ele>
        <extensions>
          <gpxtpx:TrackPointExtension>
            <gpxtpx:Extensions>
              <highway>path</highway>
              <surface>ground</surface>
              <access>yes</access>
              <mtb_scale>1</mtb_scale>
            </gpxtpx:Extensions>
          </gpxtpx:TrackPointExtension>
        </extensions>
      </trkpt>
      <trkpt lat="44.366567" lon="8.496409">
        <time>2024-06-15T08:21:59Z</time>
        <ele>154.25</ele>
        <extensions>
          <gpxtpx:TrackPointExtension>
            <gpxtpx:Extensions>
              <highway>path</highway>
              <surface>ground</surface>
              <access>yes</access>
              <mtb_scale>1</mtb_scale>
            </gpxtpx:Extensions>
          </gpxtpx:TrackPointExtension>
        </extensions>
      </trkpt>
      <trkpt lat="44.366653" lon="8.496377">
        <time>2024-06-15T08:22:03Z</time>
        <ele>155.25</ele>
        <extensions>
          <gpxtpx:TrackPointExtension>
            <gpxtpx:Extensions>
              <highway>path</highway>
              <surface>ground</surface>
              <access>yes</access>
              <mtb_scale>1</mtb_scale>
            </gpxtpx:Extensions>
          </gpxtpx:TrackPointExtension>
        </extensions>
      </trkpt>
      <trkpt lat="44.366811" lon="8.496274">
        <time>2024-06-15T08:22:12Z</time>
        <ele>159</ele>
        <extensions>
          <gpxtpx:TrackPointExtension>
            <gpxtpx:Extensions>
              <highway>path</highway>
              <surface>ground</surface>
              <access>yes</access>
              <mtb_scale>1</mtb_scale>
            </gpxtpx:Extensions>
          </gpxtpx:TrackPointExtension>
        </extensions>
      </trkpt>
      <trkpt lat="44.366884" lon="8.496247">
        <time>2024-06-15T08:22:16Z</time>
        <ele>160.25</ele>
        <extensions>
          <gpxtpx:TrackPointExtension>
            <gpxtpx:Extensions>
              <highway>path</highway>
              <surface>ground</surface>
              <access>yes</access>
              <mtb_scale>1</mtb_scale>
            </gpxtpx:Extensions>
          </gpxtpx:TrackPointExtension>
        </extensions>
      </trkpt>
      <trkpt lat="44.366972" lon="8.496236">
        <time>2024-06-15T08:22:20Z</time>
        <ele>161.75</ele>
        <extensions>
          <gpxtpx:TrackPointExtension>
            <gpxtpx:Extensions>
              <highway>path</highway>
              <surface>ground</surface>
              <access>yes</access>
              <mtb_scale>1</mtb_scale>
            </gpxtpx:Extensions>
          </gpxtpx:TrackPointExtension>
        </extensions>
      </trkpt>
      <trkpt lat="44.367095" lon="8.49626">
        <time>2024-06-15T08:22:26Z</time>
        <ele>164.25</ele>
        <extensions>
          <gpxtpx:TrackPointExtension>
            <gpxtpx:Extensions>
              <highway>path</highway>
              <surface>ground</surface>
              <access>yes</access>
              <mtb_scale>1</mtb_scale>
            </gpxtpx:Extensions>
          </gpxtpx:TrackPointExtension>
        </extensions>
      </trkpt>
      <trkpt lat="44.367154" lon="8.49624">
        <time>2024-06-15T08:22:29Z</time>
        <ele>165</ele>
        <extensions>
          <gpxtpx:TrackPointExtension>
            <gpxtpx:Extensions>
              <highway>path</highway>
              <surface>ground</surface>
              <access>yes</access>
              <mtb_scale>1</mtb_scale>
            </gpxtpx:Extensions>
          </gpxtpx:TrackPointExtension>
        </extensions>
      </trkpt>
      <trkpt lat="44.367198" lon="8.496178">
        <time>2024-06-15T08:22:32Z</time>
        <ele>165.25</ele>
        <extensions>
          <gpxtpx:TrackPointExtension>
            <gpxtpx:Extensions>
              <highway>path</highway>
              <surface>ground</surface>
              <access>yes</access>
              <mtb_scale>1</mtb_scale>
            </gpxtpx:Extensions>
          </gpxtpx:TrackPointExtension>
        </extensions>
      </trkpt>
      <trkpt lat="44.367335" lon="8.496047">
        <time>2024-06-15T08:22:41Z</time>
        <ele>165.75</ele>
        <extensions>
          <gpxtpx:TrackPointExtension>
            <gpxtpx:Extensions>
              <highway>path</highway>
              <surface>ground</surface>
              <access>yes</access>
              <mtb_scale>1</mtb_scale>
            </gpxtpx:Extensions>
          </gpxtpx:TrackPointExtension>
        </extensions>
      </trkpt>
      <trkpt lat="44.367559" lon="8.495787">
        <time>2024-06-15T08:22:55Z</time>
        <ele>166</ele>
        <extensions>
          <gpxtpx:TrackPointExtension>
            <gpxtpx:Extensions>
              <highway>path</highway>
              <surface>ground</surface>
              <access>yes</access>
              <mtb_scale>1</mtb_scale>
            </gpxtpx:Extensions>
          </gpxtpx:TrackPointExtension>
        </extensions>
      </trkpt>
      <trkpt lat="44.367707" lon="8.495674">
        <time>2024-06-15T08:23:04Z</time>
        <ele>170.25</ele>
        <extensions>
          <gpxtpx:TrackPointExtension>
            <gpxtpx:Extensions>
              <highway>path</highway>
              <surface>ground</surface>
              <access>yes</access>
              <mtb_scale>1</mtb_scale>
            </gpxtpx:Extensions>
          </gpxtpx:TrackPointExtension>
        </extensions>
      </trkpt>
      <trkpt lat="44.367753" lon="8.495676">
        <time>2024-06-15T08:23:06Z</time>
        <ele>171.5</ele>
        <extensions>
          <gpxtpx:TrackPointExtension>
            <gpxtpx:Extensions>
              <highway>path</highway>
              <surface>ground</surface>
              <access>yes</access>
              <mtb_scale>1</mtb_scale>
            </gpxtpx:Extensions>
          </gpxtpx:TrackPointExtension>
        </extensions>
      </trkpt>
      <trkpt lat="44.367788" lon="8.495662">
        <time>2024-06-15T08:23:08Z</time>
        <ele>172.25</ele>
        <extensions>
          <gpxtpx:TrackPointExtension>
            <gpxtpx:Extensions>
              <highway>path</highway>
              <surface>ground</surface>
              <access>yes</access>
              <mtb_scale>1</mtb_scale>
            </gpxtpx:Extensions>
          </gpxtpx:TrackPointExtension>
        </extensions>
      </trkpt>
      <trkpt lat="44.367842" lon="8.495607">
        <time>2024-06-15T08:23:11Z</time>
        <ele>173.25</ele>
        <extensions>
          <gpxtpx:TrackPointExtension>
            <gpxtpx:Extensions>
              <highway>path</highway>
              <surface>ground</surface>
              <access>yes</access>
              <mtb_scale>1</mtb_scale>
            </gpxtpx:Extensions>
          </gpxtpx:TrackPointExtension>
        </extensions>
      </trkpt>
      <trkpt lat="44.368042" lon="8.495366">
        <time>2024-06-15T08:23:24Z</time>
        <ele>175</ele>
        <extensions>
          <gpxtpx:TrackPointExtension>
            <gpxtpx:Extensions>
              <highway>path</highway>
              <surface>ground</surface>
              <access>yes</access>
              <mtb_scale>1</mtb_scale>
            </gpxtpx:Extensions>
          </gpxtpx:TrackPointExtension>
        </extensions>
      </trkpt>
      <trkpt lat="44.368241" lon="8.495208">
        <time>2024-06-15T08:23:35Z</time>
        <ele>174.75</ele>
        <extensions>
          <gpxtpx:TrackPointExtension>
            <gpxtpx:Extensions>
              <highway>path</highway>
              <surface>ground</surface>
              <access>yes</access>
              <mtb_scale>1</mtb_scale>
            </gpxtpx:Extensions>
          </gpxtpx:TrackPointExtension>
        </extensions>
      </trkpt>
      <trkpt lat="44.368357" lon="8.495148">
        <time>2024-06-15T08:23:42Z</time>
        <ele>175.25</ele>
        <extensions>
          <gpxtpx:TrackPointExtension>
            <gpxtpx:Extensions>
              <highway>path</highway>
              <surface>ground</surface>
              <access>yes</access>
              <mtb_scale>1</mtb_scale>
            </gpxtpx:Extensions>
          </gpxtpx:TrackPointExtension>
        </extensions>
      </trkpt>
      <trkpt lat="44.368435" lon="8.495131">
        <time>2024-06-15T08:23:46Z</time>
        <ele>177.25</ele>
        <extensions>
          <gpxtpx:TrackPointExtension>
            <gpxtpx:Extensions>
              <highway>path</highway>
              <surface>ground</surface>
              <access>yes</access>
              <mtb_scale>1</mtb_scale>
            </gpxtpx:Extensions>
          </gpxtpx:TrackPointExtension>
        </extensions>
      </trkpt>
      <trkpt lat="44.368502" lon="8.495137">
        <time>2024-06-15T08:23:49Z</time>
        <ele>179.5</ele>
        <extensions>
          <gpxtpx:TrackPointExtension>
            <gpxtpx:Extensions>
              <highway>path</highway>
              <surface>ground</surface>
              <access>yes</access>
              <mtb_scale>1</mtb_scale>
            </gpxtpx:Extensions>
          </gpxtpx:TrackPointExtension>
        </extensions>
      </trkpt>
      <trkpt lat="44.368541" lon="8.495154">
        <time>2024-06-15T08:23:51Z</time>
        <ele>181.25</ele>
        <extensions>
          <gpxtpx:TrackPointExtension>
            <gpxtpx:Extensions>
              <highway>path</highway>
              <surface>ground</surface>
              <access>yes</access>
              <mtb_scale>1</mtb_scale>
            </gpxtpx:Extensions>
          </gpxtpx:TrackPointExtension>
        </extensions>
      </trkpt>
      <trkpt lat="44.368571" lon="8.495182">
        <time>2024-06-15T08:23:53Z</time>
        <ele>183</ele>
        <extensions>
          <gpxtpx:TrackPointExtension>
            <gpxtpx:Extensions>
              <highway>path</highway>
              <surface>ground</surface>
              <access>yes</access>
              <mtb_scale>1</mtb_scale>
            </gpxtpx:Extensions>
          </gpxtpx:TrackPointExtension>
        </extensions>
      </trkpt>
      <trkpt lat="44.368631" lon="8.49522">
        <time>2024-06-15T08:23:57Z</time>
        <ele>186</ele>
        <extensions>
          <gpxtpx:TrackPointExtension>
            <gpxtpx:Extensions>
              <highway>path</highway>
              <surface>ground</surface>
              <access>yes</access>
              <mtb_scale>1</mtb_scale>
            </gpxtpx:Extensions>
          </gpxtpx:TrackPointExtension>
        </extensions>
      </trkpt>
      <trkpt lat="44.368654" lon="8.495222">
        <time>2024-06-15T08:23:58Z</time>
        <ele>186.75</ele>
        <extensions>
          <gpxtpx:TrackPointExtension>
            <gpxtpx:Extensions>
              <highway>path</highway>
              <surface>ground</surface>
              <access>yes</access>
              <mtb_scale>1</mtb_scale>
            </gpxtpx:Extensions>
          </gpxtpx:TrackPointExtension>
        </extensions>
      </trkpt>
      <trkpt lat="44.368676" lon="8.495206">
        <time>2024-06-15T08:23:59Z</time>
        <ele>187</ele>
        <extensions>
          <gpxtpx:TrackPointExtension>
            <gpxtpx:Extensions>
              <highway>path</highway>
              <surface>ground</surface>
              <access>yes</access>
              <mtb_scale>1</mtb_scale>
            </gpxtpx:Extensions>
          </gpxtpx:TrackPointExtension>
        </extensions>
      </trkpt>
      <trkpt lat="44.36868" lon="8.495156">
        <time>2024-06-15T08:24:01Z</time>
        <ele>186</ele>
        <extensions>
          <gpxtpx:TrackPointExtension>
            <gpxtpx:Extensions>
              <highway>path</highway>
              <surface>ground</surface>
              <access>yes</access>
              <mtb_scale>1</mtb_scale>
            </gpxtpx:Extensions>
          </gpxtpx:TrackPointExtension>
        </extensions>
      </trkpt>
      <trkpt lat="44.368713" lon="8.495047">
        <time>2024-06-15T08:24:05Z</time>
        <ele>184</ele>
        <extensions>
          <gpxtpx:TrackPointExtension>
            <gpxtpx:Extensions>
              <highway>path</highway>
              <surface>ground</surface>
              <access>yes</access>
              <mtb_scale>1</mtb_scale>
            </gpxtpx:Extensions>
          </gpxtpx:TrackPointExtension>
        </extensions>
      </trkpt>
      <trkpt lat="44.368801" lon="8.494945">
        <time>2024-06-15T08:24:11Z</time>
        <ele>185</ele>
        <extensions>
          <gpxtpx:TrackPointExtension>
            <gpxtpx:Extensions>
              <highway>path</highway>
              <surface>ground</surface>
              <access>yes</access>
              <mtb_scale>1</mtb_scale>
            </gpxtpx:Extensions>
          </gpxtpx:TrackPointExtension>
        </extensions>
      </trkpt>
      <trkpt lat="44.368898" lon="8.494883">
        <time>2024-06-15T08:24:16Z</time>
        <ele>187.5</ele>
        <extensions>
          <gpxtpx:TrackPointExtension>
            <gpxtpx:Extensions>
              <highway>path</highway>
              <surface>ground</surface>
              <access>yes</access>
              <mtb_scale>1</mtb_scale>
            </gpxtpx:Extensions>
          </gpxtpx:TrackPointExtension>
        </extensions>
      </trkpt>
      <trkpt lat="44.369" lon="8.494844">
        <time>2024-06-15T08:24:22Z</time>
        <ele>189.75</ele>
        <extensions>
          <gpxtpx:TrackPointExtension>
            <gpxtpx:Extensions>
              <highway>path</highway>
              <surface>ground</surface>
              <access>yes</access>
              <mtb_scale>1</mtb_scale>
            </gpxtpx:Extensions>
          </gpxtpx:TrackPointExtension>
        </extensions>
      </trkpt>
      <trkpt lat="44.369477" lon="8.494623">
        <time>2024-06-15T08:24:47Z</time>
        <ele>199.75</ele>
        <extensions>
          <gpxtpx:TrackPointExtension>
            <gpxtpx:Extensions>
              <highway>path</highway>
              <surface>ground</surface>
              <access>yes</access>
              <mtb_scale>1</mtb_scale>
            </gpxtpx:Extensions>
          </gpxtpx:TrackPointExtension>
        </extensions>
      </trkpt>
      <trkpt lat="44.369768" lon="8.494425">
        <time>2024-06-15T08:25:03Z</time>
        <ele>202.5</ele>
        <extensions>
          <gpxtpx:TrackPointExtension>
            <gpxtpx:Extensions>
              <highway>path</highway>
              <surface>ground</surface>
              <access>yes</access>
              <mtb_scale>1</mtb_scale>
            </gpxtpx:Extensions>
          </gpxtpx:TrackPointExtension>
        </extensions>
      </trkpt>
      <trkpt lat="44.369826" lon="8.494372">
        <time>2024-06-15T08:25:06Z</time>
        <ele>202.5</ele>
        <extensions>
          <gpxtpx:TrackPointExtension>
            <gpxtpx:Extensions>
              <highway>path</highway>
              <surface>ground</surface>
              <access>yes</access>
              <mtb_scale>1</mtb_scale>
            </gpxtpx:Extensions>
          </gpxtpx:TrackPointExtension>
        </extensions>
      </trkpt>
      <trkpt lat="44.369903" lon="8.494327">
        <time>2024-06-15T08:25:10Z</time>
        <ele>203</ele>
        <extensions>
          <gpxtpx:TrackPointExtension>
            <gpxtpx:Extensions>
              <highway>path</highway>
              <surface>ground</surface>
              <access>yes</access>
              <mtb_scale>1</mtb_scale>
            </gpxtpx:Extensions>
          </gpxtpx:TrackPointExtension>
        </extensions>
      </trkpt>
      <trkpt lat="44.369961" lon="8.494315">
        <time>2024-06-15T08:25:13Z</time>
        <ele>204</ele>
        <extensions>
          <gpxtpx:TrackPointExtension>
            <gpxtpx:Extensions>
              <highway>path</highway>
              <surface>ground</surface>
              <access>yes</access>
              <mtb_scale>1</mtb_scale>
            </gpxtpx:Extensions>
          </gpxtpx:TrackPointExtension>
        </extensions>
      </trkpt>
      <trkpt lat="44.370027" lon="8.494346">
        <time>2024-06-15T08:25:17Z</time>
        <ele>206.75</ele>
        <extensions>
          <gpxtpx:TrackPointExtension>
            <gpxtpx:Extensions>
              <highway>path</highway>
              <surface>ground</surface>
              <access>yes</access>
              <mtb_scale>1</mtb_scale>
            </gpxtpx:Extensions>
          </gpxtpx:TrackPointExtension>
        </extensions>
      </trkpt>
      <trkpt lat="44.370225" lon="8.494514">
        <time>2024-06-15T08:25:30Z</time>
        <ele>219</ele>
        <extensions>
          <gpxtpx:TrackPointExtension>
            <gpxtpx:Extensions>
              <highway>path</highway>
              <surface>ground</surface>
              <access>yes</access>
              <mtb_scale>1</mtb_scale>
            </gpxtpx:Extensions>
          </gpxtpx:TrackPointExtension>
        </extensions>
      </trkpt>
      <trkpt lat="44.370299" lon="8.494634">
        <time>2024-06-15T08:25:36Z</time>
        <ele>225</ele>
        <extensions>
          <gpxtpx:TrackPointExtension>
            <gpxtpx:Extensions>
              <highway>path</highway>
              <surface>ground</surface>
              <access>yes</access>
              <mtb_scale>1</mtb_scale>
            </gpxtpx:Extensions>
          </gpxtpx:TrackPointExtension>
        </extensions>
      </trkpt>
      <trkpt lat="44.370357" lon="8.49475">
        <time>2024-06-15T08:25:41Z</time>
        <ele>230</ele>
        <extensions>
          <gpxtpx:TrackPointExtension>
            <gpxtpx:Extensions>
              <highway>path</highway>
              <surface>ground</surface>
              <access>yes</access>
              <mtb_scale>1</mtb_scale>
            </gpxtpx:Extensions>
          </gpxtpx:TrackPointExtension>
        </extensions>
      </trkpt>
      <trkpt lat="44.370379" lon="8.49477">
        <time>2024-06-15T08:25:43Z</time>
        <ele>231.25</ele>
        <extensions>
          <gpxtpx:TrackPointExtension>
            <gpxtpx:Extensions>
              <highway>path</highway>
              <surface>ground</surface>
              <access>yes</access>
              <mtb_scale>1</mtb_scale>
            </gpxtpx:Extensions>
          </gpxtpx:TrackPointExtension>
        </extensions>
      </trkpt>
      <trkpt lat="44.370404" lon="8.494771">
        <time>2024-06-15T08:25:44Z</time>
        <ele>232</ele>
        <extensions>
          <gpxtpx:TrackPointExtension>
            <gpxtpx:Extensions>
              <highway>path</highway>
              <surface>ground</surface>
              <access>yes</access>
              <mtb_scale>1</mtb_scale>
            </gpxtpx:Extensions>
          </gpxtpx:TrackPointExtension>
        </extensions>
      </trkpt>
      <trkpt lat="44.370457" lon="8.494753">
        <time>2024-06-15T08:25:47Z</time>
        <ele>233</ele>
        <extensions>
          <gpxtpx:TrackPointExtension>
            <gpxtpx:Extensions>
              <highway>path</highway>
              <surface>ground</surface>
              <access>yes</access>
              <mtb_scale>1</mtb_scale>
            </gpxtpx:Extensions>
          </gpxtpx:TrackPointExtension>
        </extensions>
      </trkpt>
      <trkpt lat="44.370496" lon="8.494726">
        <time>2024-06-15T08:25:49Z</time>
        <ele>233.5</ele>
        <extensions>
          <gpxtpx:TrackPointExtension>
            <gpxtpx:Extensions>
              <highway>path</highway>
              <surface>ground</surface>
              <access>yes</access>
              <mtb_scale>1</mtb_scale>
            </gpxtpx:Extensions>
          </gpxtpx:TrackPointExtension>
        </extensions>
      </trkpt>
      <trkpt lat="44.370532" lon="8.494713">
        <time>2024-06-15T08:25:51Z</time>
        <ele>234.25</ele>
        <extensions>
          <gpxtpx:TrackPointExtension>
            <gpxtpx:Extensions>
              <highway>path</highway>
              <surface>ground</surface>
              <access>yes</access>
              <mtb_scale>1</mtb_scale>
            </gpxtpx:Extensions>
          </gpxtpx:TrackPointExtension>
        </extensions>
      </trkpt>
      <trkpt lat="44.37057" lon="8.49471">
        <time>2024-06-15T08:25:53Z</time>
        <ele>235.25</ele>
        <extensions>
          <gpxtpx:TrackPointExtension>
            <gpxtpx:Extensions>
              <highway>path</highway>
              <surface>ground</surface>
              <access>yes</access>
              <mtb_scale>1</mtb_scale>
            </gpxtpx:Extensions>
          </gpxtpx:TrackPointExtension>
        </extensions>
      </trkpt>
      <trkpt lat="44.37067" lon="8.494717">
        <time>2024-06-15T08:25:58Z</time>
        <ele>238.5</ele>
        <extensions>
          <gpxtpx:TrackPointExtension>
            <gpxtpx:Extensions>
              <highway>path</highway>
              <surface>ground</surface>
              <access>yes</access>
              <mtb_scale>1</mtb_scale>
            </gpxtpx:Extensions>
          </gpxtpx:TrackPointExtension>
        </extensions>
      </trkpt>
      <trkpt lat="44.370696" lon="8.494674">
        <time>2024-06-15T08:26:00Z</time>
        <ele>238.25</ele>
        <extensions>
          <gpxtpx:TrackPointExtension>
            <gpxtpx:Extensions>
              <highway>path</highway>
              <surface>ground</surface>
              <access>yes</access>
              <mtb_scale>1</mtb_scale>
            </gpxtpx:Extensions>
          </gpxtpx:TrackPointExtension>
        </extensions>
      </trkpt>
      <trkpt lat="44.370704" lon="8.494647">
        <time>2024-06-15T08:26:01Z</time>
        <ele>238</ele>
        <extensions>
          <gpxtpx:TrackPointExtension>
            <gpxtpx:Extensions>
              <highway>path</highway>
              <surface>ground</surface>
              <access>yes</access>
              <mtb_scale>1</mtb_scale>
            </gpxtpx:Extensions>
          </gpxtpx:TrackPointExtension>
        </extensions>
      </trkpt>
      <trkpt lat="44.370679" lon="8.49457">
        <time>2024-06-15T08:26:04Z</time>
        <ele>235.5</ele>
        <extensions>
          <gpxtpx:TrackPointExtension>
            <gpxtpx:Extensions>
              <highway>path</highway>
              <surface>ground</surface>
              <access>yes</access>
              <mtb_scale>1</mtb_scale>
            </gpxtpx:Extensions>
          </gpxtpx:TrackPointExtension>
        </extensions>
      </trkpt>
      <trkpt lat="44.370649" lon="8.494531">
        <time>2024-06-15T08:26:06Z</time>
        <ele>233.75</ele>
        <extensions>
          <gpxtpx:TrackPointExtension>
            <gpxtpx:Extensions>
              <highway>path</highway>
              <surface>ground</surface>
              <access>yes</access>
              <mtb_scale>1</mtb_scale>
            </gpxtpx:Extensions>
          </gpxtpx:TrackPointExtension>
        </extensions>
      </trkpt>
      <trkpt lat="44.37063" lon="8.494487">
        <time>2024-06-15T08:26:08Z</time>
        <ele>232</ele>
        <extensions>
          <gpxtpx:TrackPointExtension>
            <gpxtpx:Extensions>
              <highway>path</highway>
              <surface>ground</surface>
              <access>yes</access>
              <mtb_scale>1</mtb_scale>
            </gpxtpx:Extensions>
          </gpxtpx:TrackPointExtension>
        </extensions>
      </trkpt>
      <trkpt lat="44.370617" lon="8.494439">
        <time>2024-06-15T08:26:10Z</time>
        <ele>230.5</ele>
        <extensions>
          <gpxtpx:TrackPointExtension>
            <gpxtpx:Extensions>
              <highway>path</highway>
              <surface>ground</surface>
              <access>yes</access>
              <mtb_scale>1</mtb_scale>
            </gpxtpx:Extensions>
          </gpxtpx:TrackPointExtension>
        </extensions>
      </trkpt>
      <trkpt lat="44.370613" lon="8.494384">
        <time>2024-06-15T08:26:12Z</time>
        <ele>229.25</ele>
        <extensions>
          <gpxtpx:TrackPointExtension>
            <gpxtpx:Extensions>
              <highway>path</highway>
              <surface>ground</surface>
              <access>yes</access>
              <mtb_scale>1</mtb_scale>
            </gpxtpx:Extensions>
          </gpxtpx:TrackPointExtension>
        </extensions>
      </trkpt>
      <trkpt lat="44.370636" lon="8.494273">
        <time>2024-06-15T08:26:16Z</time>
        <ele>227.5</ele>
        <extensions>
          <gpxtpx:TrackPointExtension>
            <gpxtpx:Extensions>
              <highway>path</highway>
              <surface>ground</surface>
              <access>yes</access>
              <mtb_scale>1</mtb_scale>
            </gpxtpx:Extensions>
          </gpxtpx:TrackPointExtension>
        </extensions>
      </trkpt>
      <trkpt lat="44.370767" lon="8.494122">
        <time>2024-06-15T08:26:25Z</time>
        <ele>229</ele>
        <extensions>
          <gpxtpx:TrackPointExtension>
            <gpxtpx:Extensions>
              <highway>path</highway>
              <surface>ground</surface>
              <access>yes</access>
              <mtb_scale>1</mtb_scale>
            </gpxtpx:Extensions>
          </gpxtpx:TrackPointExtension>
        </extensions>
      </trkpt>
      <trkpt lat="44.371204" lon="8.493888">
        <time>2024-06-15T08:26:48Z</time>
        <ele>237.5</ele>
        <extensions>
          <gpxtpx:TrackPointExtension>
            <gpxtpx:Extensions>
              <highway>path</highway>
              <surface>ground</surface>
              <access>yes</access>
              <mtb_scale>1</mtb_scale>
            </gpxtpx:Extensions>
          </gpxtpx:TrackPointExtension>
        </extensions>
      </trkpt>
      <trkpt lat="44.371496" lon="8.493771">
        <time>2024-06-15T08:27:03Z</time>
        <ele>243.5</ele>
        <extensions>
          <gpxtpx:TrackPointExtension>
            <gpxtpx:Extensions>
              <highway>path</highway>
              <surface>ground</surface>
              <access>yes</access>
              <mtb_scale>1</mtb_scale>
            </gpxtpx:Extensions>
          </gpxtpx:TrackPointExtension>
        </extensions>
      </trkpt>
      <trkpt lat="44.371554" lon="8.493759">
        <time>2024-06-15T08:27:06Z</time>
        <ele>245</ele>
        <extensions>
          <gpxtpx:TrackPointExtension>
            <gpxtpx:Extensions>
              <highway>path</highway>
              <surface>ground</surface>
              <access>yes</access>
              <mtb_scale>1</mtb_scale>
            </gpxtpx:Extensions>
          </gpxtpx:TrackPointExtension>
        </extensions>
      </trkpt>
      <trkpt lat="44.371614" lon="8.493762">
        <time>2024-06-15T08:27:09Z</time>
        <ele>247</ele>
        <extensions>
          <gpxtpx:TrackPointExtension>
            <gpxtpx:Extensions>
              <highway>path</highway>
              <surface>ground</surface>
              <access>yes</access>
              <mtb_scale>1</mtb_scale>
            </gpxtpx:Extensions>
          </gpxtpx:TrackPointExtension>
        </extensions>
      </trkpt>
      <trkpt lat="44.371621" lon="8.493806">
        <time>2024-06-15T08:27:11Z</time>
        <ele>248.75</ele>
        <extensions>
          <gpxtpx:TrackPointExtension>
            <gpxtpx:Extensions>
              <highway>path</highway>
              <surface>ground</surface>
              <access>yes</access>
              <mtb_scale>1</mtb_scale>
            </gpxtpx:Extensions>
          </gpxtpx:TrackPointExtension>
        </extensions>
      </trkpt>
      <trkpt lat="44.371619" lon="8.493858">
        <time>2024-06-15T08:27:13Z</time>
        <ele>250.25</ele>
        <extensions>
          <gpxtpx:TrackPointExtension>
            <gpxtpx:Extensions>
              <highway>path</highway>
              <surface>ground</surface>
              <access>yes</access>
              <mtb_scale>1</mtb_scale>
            </gpxtpx:Extensions>
          </gpxtpx:TrackPointExtension>
        </extensions>
      </trkpt>
      <trkpt lat="44.371579" lon="8.493929">
        <time>2024-06-15T08:27:16Z</time>
        <ele>251.25</ele>
        <extensions>
          <gpxtpx:TrackPointExtension>
            <gpxtpx:Extensions>
              <highway>path</highway>
              <surface>ground</surface>
              <access>yes</access>
              <mtb_scale>1</mtb_scale>
            </gpxtpx:Extensions>
          </gpxtpx:TrackPointExtension>
        </extensions>
      </trkpt>
      <trkpt lat="44.371256" lon="8.494336">
        <time>2024-06-15T08:27:38Z</time>
        <ele>251.25</ele>
        <extensions>
          <gpxtpx:TrackPointExtension>
            <gpxtpx:Extensions>
              <highway>path</highway>
              <surface>ground</surface>
              <access>yes</access>
              <mtb_scale>1</mtb_scale>
            </gpxtpx:Extensions>
          </gpxtpx:TrackPointExtension>
        </extensions>
      </trkpt>
      <trkpt lat="44.371215" lon="8.494415">
        <time>2024-06-15T08:27:41Z</time>
        <ele>251.5</ele>
        <extensions>
          <gpxtpx:TrackPointExtension>
            <gpxtpx:Extensions>
              <highway>path</highway>
              <surface>ground</surface>
              <access>yes</access>
              <mtb_scale>1</mtb_scale>
            </gpxtpx:Extensions>
          </gpxtpx:TrackPointExtension>
        </extensions>
      </trkpt>
      <trkpt lat="44.371224" lon="8.494445">
        <time>2024-06-15T08:27:43Z</time>
        <ele>252.5</ele>
        <extensions>
          <gpxtpx:TrackPointExtension>
            <gpxtpx:Extensions>
              <highway>path</highway>
              <surface>ground</surface>
              <access>yes</access>
              <mtb_scale>1</mtb_scale>
            </gpxtpx:Extensions>
          </gpxtpx:TrackPointExtension>
        </extensions>
      </trkpt>
      <trkpt lat="44.371263" lon="8.494457">
        <time>2024-06-15T08:27:45Z</time>
        <ele>254.25</ele>
        <extensions>
          <gpxtpx:TrackPointExtension>
            <gpxtpx:Extensions>
              <highway>path</highway>
              <surface>ground</surface>
              <access>yes</access>
              <mtb_scale>1</mtb_scale>
            </gpxtpx:Extensions>
          </gpxtpx:TrackPointExtension>
        </extensions>
      </trkpt>
      <trkpt lat="44.371297" lon="8.49444">
        <time>2024-06-15T08:27:47Z</time>
        <ele>255.25</ele>
        <extensions>
          <gpxtpx:TrackPointExtension>
            <gpxtpx:Extensions>
              <highway>path</highway>
              <surface>ground</surface>
              <access>yes</access>
              <mtb_scale>1</mtb_scale>
            </gpxtpx:Extensions>
          </gpxtpx:TrackPointExtension>
        </extensions>
      </trkpt>
      <trkpt lat="44.371381" lon="8.49435">
        <time>2024-06-15T08:27:52Z</time>
        <ele>256.25</ele>
        <extensions>
          <gpxtpx:TrackPointExtension>
            <gpxtpx:Extensions>
              <highway>path</highway>
              <surface>ground</surface>
              <access>yes</access>
              <mtb_scale>1</mtb_scale>
            </gpxtpx:Extensions>
          </gpxtpx:TrackPointExtension>
        </extensions>
      </trkpt>
      <trkpt lat="44.371408" lon="8.494305">
        <time>2024-06-15T08:27:54Z</time>
        <ele>256</ele>
        <extensions>
          <gpxtpx:TrackPointExtension>
            <gpxtpx:Extensions>
              <highway>path</highway>
              <surface>ground</surface>
              <access>yes</access>
              <mtb_scale>1</mtb_scale>
            </gpxtpx:Extensions>
          </gpxtpx:TrackPointExtension>
        </extensions>
      </trkpt>
      <trkpt lat="44.371444" lon="8.49428">
        <time>2024-06-15T08:27:56Z</time>
        <ele>256.75</ele>
        <extensions>
          <gpxtpx:TrackPointExtension>
            <gpxtpx:Extensions>
              <highway>path</highway>
              <surface>ground</surface>
              <access>yes</access>
              <mtb_scale>1</mtb_scale>
            </gpxtpx:Extensions>
          </gpxtpx:TrackPointExtension>
        </extensions>
      </trkpt>
      <trkpt lat="44.371601" lon="8.494218">
        <time>2024-06-15T08:28:04Z</time>
        <ele>260.75</ele>
        <extensions>
          <gpxtpx:TrackPointExtension>
            <gpxtpx:Extensions>
              <highway>path</highway>
              <surface>ground</surface>
              <access>yes</access>
              <mtb_scale>1</mtb_scale>
            </gpxtpx:Extensions>
          </gpxtpx:TrackPointExtension>
        </extensions>
      </trkpt>
      <trkpt lat="44.371661" lon="8.494204">
        <time>2024-06-15T08:28:07Z</time>
        <ele>262.5</ele>
        <extensions>
          <gpxtpx:TrackPointExtension>
            <gpxtpx:Extensions>
              <highway>path</highway>
              <surface>ground</surface>
              <access>yes</access>
              <mtb_scale>1</mtb_scale>
            </gpxtpx:Extensions>
          </gpxtpx:TrackPointExtension>
        </extensions>
      </trkpt>
      <trkpt lat="44.371673" lon="8.494213">
        <time>2024-06-15T08:28:08Z</time>
        <ele>263.25</ele>
        <extensions>
          <gpxtpx:TrackPointExtension>
            <gpxtpx:Extensions>
              <highway>path</highway>
              <surface>ground</surface>
              <access>yes</access>
              <mtb_scale>1</mtb_scale>
            </gpxtpx:Extensions>
          </gpxtpx:TrackPointExtension>
        </extensions>
      </trkpt>
      <trkpt lat="44.371678" lon="8.494229">
        <time>2024-06-15T08:28:09Z</time>
        <ele>264</ele>
        <extensions>
          <gpxtpx:TrackPointExtension>
            <gpxtpx:Extensions>
              <highway>path</highway>
              <surface>ground</surface>
              <access>yes</access>
              <mtb_scale>1</mtb_scale>
            </gpxtpx:Extensions>
          </gpxtpx:TrackPointExtension>
        </extensions>
      </trkpt>
      <trkpt lat="44.371673" lon="8.49425">
        <time>2024-06-15T08:28:10Z</time>
        <ele>264.25</ele>
        <extensions>
          <gpxtpx:TrackPointExtension>
            <gpxtpx:Extensions>
              <highway>path</highway>
              <surface>ground</surface>
              <access>yes</access>
              <mtb_scale>1</mtb_scale>
            </gpxtpx:Extensions>
          </gpxtpx:TrackPointExtension>
        </extensions>
      </trkpt>
      <trkpt lat="44.37155" lon="8.494395">
        <time>2024-06-15T08:28:17Z</time>
        <ele>263.25</ele>
        <extensions>
          <gpxtpx:TrackPointExtension>
            <gpxtpx:Extensions>
              <highway>path</highway>
              <surface>ground</surface>
              <access>yes</access>
              <mtb_scale>1</mtb_scale>
            </gpxtpx:Extensions>
          </gpxtpx:TrackPointExtension>
        </extensions>
      </trkpt>
      <trkpt lat="44.371507" lon="8.494461">
        <time>2024-06-15T08:28:21Z</time>
        <ele>263.5</ele>
        <extensions>
          <gpxtpx:TrackPointExtension>
            <gpxtpx:Extensions>
              <highway>path</highway>
              <surface>ground</surface>
              <access>yes</access>
              <mtb_scale>1</mtb_scale>
            </gpxtpx:Extensions>
          </gpxtpx:TrackPointExtension>
        </extensions>
      </trkpt>
      <trkpt lat="44.371506" lon="8.494515">
        <time>2024-06-15T08:28:23Z</time>
        <ele>264.75</ele>
        <extensions>
          <gpxtpx:TrackPointExtension>
            <gpxtpx:Extensions>
              <highway>path</highway>
              <surface>ground</surface>
              <access>yes</access>
              <mtb_scale>1</mtb_scale>
            </gpxtpx:Extensions>
          </gpxtpx:TrackPointExtension>
        </extensions>
      </trkpt>
      <trkpt lat="44.371518" lon="8.494554">
        <time>2024-06-15T08:28:24Z</time>
        <ele>266</ele>
        <extensions>
          <gpxtpx:TrackPointExtension>
            <gpxtpx:Extensions>
              <highway>path</highway>
              <surface>ground</surface>
              <access>yes</access>
              <mtb_scale>1</mtb_scale>
            </gpxtpx:Extensions>
          </gpxtpx:TrackPointExtension>
        </extensions>
      </trkpt>
      <trkpt lat="44.371537" lon="8.494586">
        <time>2024-06-15T08:28:26Z</time>
        <ele>267.5</ele>
        <extensions>
          <gpxtpx:TrackPointExtension>
            <gpxtpx:Extensions>
              <highway>path</highway>
              <surface>ground</surface>
              <access>yes</access>
              <mtb_scale>1</mtb_scale>
            </gpxtpx:Extensions>
          </gpxtpx:TrackPointExtension>
        </extensions>
      </trkpt>
      <trkpt lat="44.371589" lon="8.494608">
        <time>2024-06-15T08:28:29Z</time>
        <ele>270</ele>
        <extensions>
          <gpxtpx:TrackPointExtension>
            <gpxtpx:Extensions>
              <highway>path</highway>
              <surface>ground</surface>
              <access>yes</access>
              <mtb_scale>1</mtb_scale>
            </gpxtpx:Extensions>
          </gpxtpx:TrackPointExtension>
        </extensions>
      </trkpt>
      <trkpt lat="44.371704" lon="8.494575">
        <time>2024-06-15T08:28:35Z</time>
        <ele>273.75</ele>
        <extensions>
          <gpxtpx:TrackPointExtension>
            <gpxtpx:Extensions>
              <highway>path</highway>
              <surface>ground</surface>
              <access>yes</access>
              <mtb_scale>1</mtb_scale>
            </gpxtpx:Extensions>
          </gpxtpx:TrackPointExtension>
        </extensions>
      </trkpt>
      <trkpt lat="44.371764" lon="8.494566">
        <time>2024-06-15T08:28:38Z</time>
        <ele>276</ele>
        <extensions>
          <gpxtpx:TrackPointExtension>
            <gpxtpx:Extensions>
              <highway>path</highway>
              <surface>ground</surface>
              <access>yes</access>
              <mtb_scale>1</mtb_scale>
            </gpxtpx:Extensions>
          </gpxtpx:TrackPointExtension>
        </extensions>
      </trkpt>
      <trkpt lat="44.371835" lon="8.494593">
        <time>2024-06-15T08:28:42Z</time>
        <ele>279.5</ele>
        <extensions>
          <gpxtpx:TrackPointExtension>
            <gpxtpx:Extensions>
              <reversedirection>yes</reversedirection>
              <highway>path</highway>
              <surface>ground</surface>
              <mtb_scale>1</mtb_scale>
            </gpxtpx:Extensions>
          </gpxtpx:TrackPointExtension>
        </extensions>
      </trkpt>
      <trkpt lat="44.371864" lon="8.494565">
        <time>2024-06-15T08:28:44Z</time>
        <ele>280</ele>
        <extensions>
          <gpxtpx:TrackPointExtension>
            <gpxtpx:Extensions>
              <reversedirection>yes</reversedirection>
              <highway>path</highway>
              <surface>ground</surface>
              <mtb_scale>1</mtb_scale>
            </gpxtpx:Extensions>
          </gpxtpx:TrackPointExtension>
        </extensions>
      </trkpt>
      <trkpt lat="44.371975" lon="8.494404">
        <time>2024-06-15T08:28:52Z</time>
        <ele>280.25</ele>
        <extensions>
          <gpxtpx:TrackPointExtension>
            <gpxtpx:Extensions>
              <reversedirection>yes</reversedirection>
              <highway>path</highway>
              <surface>ground</surface>
              <mtb_scale>1</mtb_scale>
            </gpxtpx:Extensions>
          </gpxtpx:TrackPointExtension>
        </extensions>
      </trkpt>
      <trkpt lat="44.372047" lon="8.49436">
        <time>2024-06-15T08:28:55Z</time>
        <ele>282</ele>
        <extensions>
          <gpxtpx:TrackPointExtension>
            <gpxtpx:Extensions>
              <reversedirection>yes</reversedirection>
              <highway>path</highway>
              <surface>ground</surface>
              <mtb_scale>1</mtb_scale>
            </gpxtpx:Extensions>
          </gpxtpx:TrackPointExtension>
        </extensions>
      </trkpt>
      <trkpt lat="44.372188" lon="8.49421">
        <time>2024-06-15T08:29:04Z</time>
        <ele>283.75</ele>
        <extensions>
          <gpxtpx:TrackPointExtension>
            <gpxtpx:Extensions>
              <reversedirection>yes</reversedirection>
              <highway>path</highway>
              <surface>ground</surface>
              <mtb_scale>1</mtb_scale>
            </gpxtpx:Extensions>
          </gpxtpx:TrackPointExtension>
        </extensions>
      </trkpt>
      <trkpt lat="44.372521" lon="8.493989">
        <time>2024-06-15T08:29:23Z</time>
        <ele>290</ele>
        <extensions>
          <gpxtpx:TrackPointExtension>
            <gpxtpx:Extensions>
              <reversedirection>yes</reversedirection>
              <highway>path</highway>
              <surface>ground</surface>
              <mtb_scale>1</mtb_scale>
            </gpxtpx:Extensions>
          </gpxtpx:TrackPointExtension>
        </extensions>
      </trkpt>
      <trkpt lat="44.372618" lon="8.493883">
        <time>2024-06-15T08:29:29Z</time>
        <ele>290.25</ele>
        <extensions>
          <gpxtpx:TrackPointExtension>
            <gpxtpx:Extensions>
              <reversedirection>yes</reversedirection>
              <highway>path</highway>
              <surface>ground</surface>
              <mtb_scale>1</mtb_scale>
            </gpxtpx:Extensions>
          </gpxtpx:TrackPointExtension>
        </extensions>
      </trkpt>
      <trkpt lat="44.372748" lon="8.493625">
        <time>2024-06-15T08:29:40Z</time>
        <ele>287.25</ele>
        <extensions>
          <gpxtpx:TrackPointExtension>
            <gpxtpx:Extensions>
              <reversedirection>yes</reversedirection>
              <highway>path</highway>
              <surface>ground</surface>
              <mtb_scale>1</mtb_scale>
            </gpxtpx:Extensions>
          </gpxtpx:TrackPointExtension>
        </extensions>
      </trkpt>
      <trkpt lat="44.372801" lon="8.493549">
        <time>2024-06-15T08:29:44Z</time>
        <ele>286.75</ele>
        <extensions>
          <gpxtpx:TrackPointExtension>
            <gpxtpx:Extensions>
              <reversedirection>yes</reversedirection>
              <highway>path</highway>
              <surface>ground</surface>
              <mtb_scale>1</mtb_scale>
            </gpxtpx:Extensions>
          </gpxtpx:TrackPointExtension>
        </extensions>
      </trkpt>
      <trkpt lat="44.372872" lon="8.493504">
        <time>2024-06-15T08:29:48Z</time>
        <ele>288.25</ele>
        <extensions>
          <gpxtpx:TrackPointExtension>
            <gpxtpx:Extensions>
              <reversedirection>yes</reversedirection>
              <highway>path</highway>
              <surface>ground</surface>
              <mtb_scale>1</mtb_scale>
            </gpxtpx:Extensions>
          </gpxtpx:TrackPointExtension>
        </extensions>
      </trkpt>
      <trkpt lat="44.372988" lon="8.493468">
        <time>2024-06-15T08:29:54Z</time>
        <ele>291.5</ele>
        <extensions>
          <gpxtpx:TrackPointExtension>
            <gpxtpx:Extensions>
              <reversedirection>yes</reversedirection>
              <highway>path</highway>
              <surface>ground</surface>
              <mtb_scale>1</mtb_scale>
            </gpxtpx:Extensions>
          </gpxtpx:TrackPointExtension>
        </extensions>
      </trkpt>
      <trkpt lat="44.373104" lon="8.493446">
        <time>2024-06-15T08:30:00Z</time>
        <ele>295.25</ele>
        <extensions>
          <gpxtpx:TrackPointExtension>
            <gpxtpx:Extensions>
              <reversedirection>yes</reversedirection>
              <highway>path</highway>
              <surface>ground</surface>
              <mtb_scale>1</mtb_scale>
            </gpxtpx:Extensions>
          </gpxtpx:TrackPointExtension>
        </extensions>
      </trkpt>
      <trkpt lat="44.373266" lon="8.493428">
        <time>2024-06-15T08:30:08Z</time>
        <ele>301</ele>
        <extensions>
          <gpxtpx:TrackPointExtension>
            <gpxtpx:Extensions>
              <reversedirection>yes</reversedirection>
              <highway>path</highway>
              <surface>ground</surface>
              <mtb_scale>1</mtb_scale>
            </gpxtpx:Extensions>
          </gpxtpx:TrackPointExtension>
        </extensions>
      </trkpt>
      <trkpt lat="44.373315" lon="8.493407">
        <time>2024-06-15T08:30:11Z</time>
        <ele>302.25</ele>
        <extensions>
          <gpxtpx:TrackPointExtension>
            <gpxtpx:Extensions>
              <reversedirection>yes</reversedirection>
              <highway>path</highway>
              <surface>ground</surface>
              <mtb_scale>1</mtb_scale>
            </gpxtpx:Extensions>
          </gpxtpx:TrackPointExtension>
        </extensions>
      </trkpt>
      <trkpt lat="44.373535" lon="8.493217">
        <time>2024-06-15T08:30:24Z</time>
        <ele>306.75</ele>
        <extensions>
          <gpxtpx:TrackPointExtension>
            <gpxtpx:Extensions>
              <reversedirection>yes</reversedirection>
              <highway>path</highway>
              <surface>ground</surface>
              <mtb_scale>1</mtb_scale>
            </gpxtpx:Extensions>
          </gpxtpx:TrackPointExtension>
        </extensions>
      </trkpt>
      <trkpt lat="44.373601" lon="8.493172">
        <time>2024-06-15T08:30:27Z</time>
        <ele>308.5</ele>
        <extensions>
          <gpxtpx:TrackPointExtension>
            <gpxtpx:Extensions>
              <reversedirection>yes</reversedirection>
              <highway>path</highway>
              <surface>ground</surface>
              <mtb_scale>1</mtb_scale>
            </gpxtpx:Extensions>
          </gpxtpx:TrackPointExtension>
        </extensions>
      </trkpt>
      <trkpt lat="44.373743" lon="8.493057">
        <time>2024-06-15T08:30:36Z</time>
        <ele>312.5</ele>
        <extensions>
          <gpxtpx:TrackPointExtension>
            <gpxtpx:Extensions>
              <reversedirection>yes</reversedirection>
              <highway>path</highway>
              <surface>ground</surface>
              <mtb_scale>1</mtb_scale>
            </gpxtpx:Extensions>
          </gpxtpx:TrackPointExtension>
        </extensions>
      </trkpt>
      <trkpt lat="44.373884" lon="8.492923">
        <time>2024-06-15T08:30:44Z</time>
        <ele>316</ele>
        <extensions>
          <gpxtpx:TrackPointExtension>
            <gpxtpx:Extensions>
              <reversedirection>yes</reversedirection>
              <highway>path</highway>
              <surface>ground</surface>
              <mtb_scale>1</mtb_scale>
            </gpxtpx:Extensions>
          </gpxtpx:TrackPointExtension>
        </extensions>
      </trkpt>
      <trkpt lat="44.373966" lon="8.492824">
        <time>2024-06-15T08:30:50Z</time>
        <ele>318</ele>
        <extensions>
          <gpxtpx:TrackPointExtension>
            <gpxtpx:Extensions>
              <reversedirection>yes</reversedirection>
              <highway>path</highway>
              <surface>ground</surface>
              <mtb_scale>1</mtb_scale>
            </gpxtpx:Extensions>
          </gpxtpx:TrackPointExtension>
        </extensions>
      </trkpt>
      <trkpt lat="44.374032" lon="8.492711">
        <time>2024-06-15T08:30:55Z</time>
        <ele>319</ele>
        <extensions>
          <gpxtpx:TrackPointExtension>
            <gpxtpx:Extensions>
              <reversedirection>yes</reversedirection>
              <highway>path</highway>
              <surface>ground</surface>
              <mtb_scale>1</mtb_scale>
            </gpxtpx:Extensions>
          </gpxtpx:TrackPointExtension>
        </extensions>
      </trkpt>
      <trkpt lat="44.374074" lon="8.492661">
        <time>2024-06-15T08:30:58Z</time>
        <ele>320.25</ele>
        <extensions>
          <gpxtpx:TrackPointExtension>
            <gpxtpx:Extensions>
              <reversedirection>yes</reversedirection>
              <highway>path</highway>
              <surface>ground</surface>
              <mtb_scale>1</mtb_scale>
            </gpxtpx:Extensions>
          </gpxtpx:TrackPointExtension>
        </extensions>
      </trkpt>
      <trkpt lat="44.3741" lon="8.492644">
        <time>2024-06-15T08:30:59Z</time>
        <ele>321</ele>
        <extensions>
          <gpxtpx:TrackPointExtension>
            <gpxtpx:Extensions>
              <reversedirection>yes</reversedirection>
              <highway>path</highway>
              <surface>ground</surface>
              <mtb_scale>1</mtb_scale>
            </gpxtpx:Extensions>
          </gpxtpx:TrackPointExtension>
        </extensions>
      </trkpt>
      <trkpt lat="44.374121" lon="8.492658">
        <time>2024-06-15T08:31:00Z</time>
        <ele>322.25</ele>
        <extensions>
          <gpxtpx:TrackPointExtension>
            <gpxtpx:Extensions>
              <reversedirection>yes</reversedirection>
              <highway>path</highway>
              <surface>ground</surface>
              <mtb_scale>1</mtb_scale>
            </gpxtpx:Extensions>
          </gpxtpx:TrackPointExtension>
        </extensions>
      </trkpt>
      <trkpt lat="44.374129" lon="8.492696">
        <time>2024-06-15T08:31:02Z</time>
        <ele>323.25</ele>
        <extensions>
          <gpxtpx:TrackPointExtension>
            <gpxtpx:Extensions>
              <reversedirection>yes</reversedirection>
              <highway>path</highway>
              <surface>ground</surface>
              <mtb_scale>1</mtb_scale>
            </gpxtpx:Extensions>
          </gpxtpx:TrackPointExtension>
        </extensions>
      </trkpt>
      <trkpt lat="44.374102" lon="8.492757">
        <time>2024-06-15T08:31:04Z</time>
        <ele>323.25</ele>
        <extensions>
          <gpxtpx:TrackPointExtension>
            <gpxtpx:Extensions>
              <reversedirection>yes</reversedirection>
              <highway>path</highway>
              <surface>ground</surface>
              <mtb_scale>1</mtb_scale>
            </gpxtpx:Extensions>
          </gpxtpx:TrackPointExtension>
        </extensions>
      </trkpt>
      <trkpt lat="44.374079" lon="8.49285">
        <time>2024-06-15T08:31:08Z</time>
        <ele>323.75</ele>
        <extensions>
          <gpxtpx:TrackPointExtension>
            <gpxtpx:Extensions>
              <reversedirection>yes</reversedirection>
              <highway>path</highway>
              <surface>ground</surface>
              <mtb_scale>1</mtb_scale>
            </gpxtpx:Extensions>
          </gpxtpx:TrackPointExtension>
        </extensions>
      </trkpt>
      <trkpt lat="44.374079" lon="8.492891">
        <time>2024-06-15T08:31:09Z</time>
        <ele>324.5</ele>
        <extensions>
          <gpxtpx:TrackPointExtension>
            <gpxtpx:Extensions>
              <reversedirection>yes</reversedirection>
              <highway>path</highway>
              <surface>ground</surface>
              <mtb_scale>1</mtb_scale>
            </gpxtpx:Extensions>
          </gpxtpx:TrackPointExtension>
        </extensions>
      </trkpt>
      <trkpt lat="44.374054" lon="8.493013">
        <time>2024-06-15T08:31:14Z</time>
        <ele>325.5</ele>
        <extensions>
          <gpxtpx:TrackPointExtension>
            <gpxtpx:Extensions>
              <reversedirection>yes</reversedirection>
              <highway>path</highway>
              <surface>ground</surface>
              <mtb_scale>1</mtb_scale>
            </gpxtpx:Extensions>
          </gpxtpx:TrackPointExtension>
        </extensions>
      </trkpt>
      <trkpt lat="44.374028" lon="8.493245">
        <time>2024-06-15T08:31:22Z</time>
        <ele>328.5</ele>
        <extensions>
          <gpxtpx:TrackPointExtension>
            <gpxtpx:Extensions>
              <reversedirection>yes</reversedirection>
              <highway>path</highway>
              <surface>ground</surface>
              <mtb_scale>1</mtb_scale>
            </gpxtpx:Extensions>
          </gpxtpx:TrackPointExtension>
        </extensions>
      </trkpt>
      <trkpt lat="44.37398" lon="8.493419">
        <time>2024-06-15T08:31:29Z</time>
        <ele>328.75</ele>
        <extensions>
          <gpxtpx:TrackPointExtension>
            <gpxtpx:Extensions>
              <reversedirection>yes</reversedirection>
              <highway>path</highway>
              <surface>ground</surface>
              <mtb_scale>1</mtb_scale>
            </gpxtpx:Extensions>
          </gpxtpx:TrackPointExtension>
        </extensions>
      </trkpt>
      <trkpt lat="44.373919" lon="8.493548">
        <time>2024-06-15T08:31:34Z</time>
        <ele>327.5</ele>
        <extensions>
          <gpxtpx:TrackPointExtension>
            <gpxtpx:Extensions>
              <reversedirection>yes</reversedirection>
              <highway>path</highway>
              <surface>ground</surface>
              <mtb_scale>1</mtb_scale>
            </gpxtpx:Extensions>
          </gpxtpx:TrackPointExtension>
        </extensions>
      </trkpt>
      <trkpt lat="44.373851" lon="8.493769">
        <time>2024-06-15T08:31:43Z</time>
        <ele>327.5</ele>
        <extensions>
          <gpxtpx:TrackPointExtension>
            <gpxtpx:Extensions>
              <reversedirection>yes</reversedirection>
              <highway>path</highway>
              <surface>ground</surface>
              <mtb_scale>1</mtb_scale>
            </gpxtpx:Extensions>
          </gpxtpx:TrackPointExtension>
        </extensions>
      </trkpt>
      <trkpt lat="44.373812" lon="8.493977">
        <time>2024-06-15T08:31:50Z</time>
        <ele>329</ele>
        <extensions>
          <gpxtpx:TrackPointExtension>
            <gpxtpx:Extensions>
              <reversedirection>yes</reversedirection>
              <highway>path</highway>
              <surface>ground</surface>
              <mtb_scale>1</mtb_scale>
            </gpxtpx:Extensions>
          </gpxtpx:TrackPointExtension>
        </extensions>
      </trkpt>
      <trkpt lat="44.373821" lon="8.494109">
        <time>2024-06-15T08:31:55Z</time>
        <ele>330.75</ele>
        <extensions>
          <gpxtpx:TrackPointExtension>
            <gpxtpx:Extensions>
              <reversedirection>yes</reversedirection>
              <highway>path</highway>
              <surface>ground</surface>
              <mtb_scale>1</mtb_scale>
            </gpxtpx:Extensions>
          </gpxtpx:TrackPointExtension>
        </extensions>
      </trkpt>
      <trkpt lat="44.373839" lon="8.494117">
        <time>2024-06-15T08:31:56Z</time>
        <ele>331.25</ele>
        <extensions>
          <gpxtpx:TrackPointExtension>
            <gpxtpx:Extensions>
              <reversedirection>yes</reversedirection>
              <highway>path</highway>
              <surface>ground</surface>
              <mtb_scale>1</mtb_scale>
            </gpxtpx:Extensions>
          </gpxtpx:TrackPointExtension>
        </extensions>
      </trkpt>
      <trkpt lat="44.373846" lon="8.494112">
        <time>2024-06-15T08:31:57Z</time>
        <ele>331.75</ele>
      </trkpt>
    </trkseg>
  </trk>
</gpx>